code,lat,lon
00601,18.18055,-66.74996
00602,18.36194,-67.17560
00603,18.45518,-67.11989
00606,18.15833,-66.93293
00610,18.29403,-67.12716
00612,18.40225,-66.71140
00616,18.42041,-66.67198
00617,18.44754,-66.55768
00622,17.99124,-67.15399
00623,18.08304,-67.15418
00624,18.06491,-66.71666
00627,18.41251,-66.86381
00631,18.19061,-66.83204
00637,18.07672,-66.94736
00638,18.29591,-66.51559
00641,18.26310,-66.71296
00646,18.43511,-66.28106
00647,17.96361,-66.94713
00650,18.34910,-66.57818
00652,18.44844,-66.59411
00653,17.98504,-66.88655
00656,18.05354,-66.79293
00659,18.40677,-66.80929
00660,18.13470,-67.11620
00662,18.46830,-67.01575
00664,18.21033,-66.59162
00667,18.00342,-67.03581
00669,18.27692,-66.86959
00670,18.24019,-66.98878
00674,18.42291,-66.48934
00676,18.37764,-67.07957
00677,18.33257,-67.22702
00678,18.43412,-66.92743
00680,18.18205,-67.13250
00682,18.22146,-67.15604
00683,18.10780,-67.03726
00685,18.33293,-66.95969
00687,18.31802,-66.42039
00688,18.38231,-66.62642
00690,18.49551,-67.09867
00692,18.41019,-66.33656
00693,18.42146,-66.39860
00694,18.48313,-66.39236
00698,18.06485,-66.85632
00703,18.24840,-66.13066
00704,17.96588,-66.21963
00705,18.12896,-66.26669
00707,18.01405,-65.92075
00714,18.00303,-66.04624
00715,18.01123,-66.56006
00716,17.99127,-66.60677
00717,18.00322,-66.61404
00718,18.23199,-65.75962
00719,18.28992,-66.25344
00720,18.21795,-66.42808
00723,18.04350,-66.01548
00725,18.21859,-66.04264
00727,18.21531,-66.07357
00728,17.98985,-66.66412
00729,18.33004,-65.88602
00730,18.03083,-66.61684
00731,18.10995,-66.63562
00735,18.25260,-65.68249
00736,18.10362,-66.15167
00738,18.30446,-65.69871
00739,18.17723,-66.16065
00740,18.33118,-65.63410
00741,18.16386,-65.75404
00745,18.35222,-65.81739
00751,18.00132,-66.25218
00754,18.14711,-65.97617
00757,17.99544,-66.39133
00765,18.13010,-65.43937
00766,18.13320,-66.47666
00767,18.06949,-65.89603
00769,18.10380,-66.35759
00771,18.18715,-65.87119
00772,18.43894,-65.90522
00773,18.34289,-65.72311
00775,18.32661,-65.30777
00777,18.22413,-65.90854
00778,18.26408,-65.97851
00780,18.10283,-66.56811
00782,18.22571,-66.22163
00783,18.30391,-66.32618
00784,18.01071,-66.13362
00786,18.15542,-66.22991
00791,18.13678,-65.82148
00794,18.20002,-66.30928
00795,18.06049,-66.50062
00801,18.34981,-64.97400
00802,18.34063,-64.92318
00820,17.74310,-64.68656
00823,17.72355,-64.74593
00824,17.74456,-64.68293
00830,18.33856,-64.73653
00831,18.32729,-64.78672
00840,17.74787,-64.88070
00841,17.76814,-64.80785
00850,17.70525,-64.75256
00851,17.73223,-64.77076
00901,18.46537,-66.10461
00906,18.46446,-66.09499
00907,18.45255,-66.07784
00909,18.44161,-66.06713
00911,18.45116,-66.05620
00912,18.44533,-66.06014
00913,18.45000,-66.04266
00915,18.43718,-66.04557
00917,18.42067,-66.05011
00918,18.42102,-66.06579
00920,18.41429,-66.08804
00921,18.39229,-66.08853
00923,18.40903,-66.03859
00924,18.39813,-66.01259
00925,18.40030,-66.05060
00926,18.34541,-66.05150
00927,18.38801,-66.07209
00934,18.41131,-66.12423
00936,18.39546,-66.07377
00949,18.43063,-66.21260
00950,18.45970,-66.23310
00951,18.42753,-66.25379
00952,18.42744,-66.18203
00953,18.36073,-66.25153
00956,18.32114,-66.17042
00957,18.36837,-66.18780
00959,18.38578,-66.15565
00960,18.41664,-66.14455
00961,18.41331,-66.16468
00962,18.44461,-66.14882
00965,18.43376,-66.11475
00966,18.40152,-66.11760
00968,18.40609,-66.10123
00969,18.36806,-66.10806
00971,18.31888,-66.11919
00976,18.33618,-65.99410
00979,18.44439,-66.03004
00982,18.41126,-65.99205
00983,18.41612,-65.97544
00985,18.41077,-65.94793
00987,18.33816,-65.94108
01001,42.06237,-72.62575
01002,42.36403,-72.45876
01003,42.38970,-72.52401
01005,42.41888,-72.11208
01007,42.27901,-72.40047
01008,42.19019,-72.95426
01009,42.20967,-72.33974
01010,42.12818,-72.20535
01011,42.29013,-72.96652
01012,42.37542,-72.85819
01013,42.16345,-72.60274
01020,42.17261,-72.56192
01022,42.19774,-72.54271
01026,42.46549,-72.91827
01027,42.29501,-72.75188
01028,42.06238,-72.49811
01029,42.19042,-73.04692
01030,42.07292,-72.68697
01031,42.32938,-72.19816
01032,42.45761,-72.81478
01033,42.24495,-72.50014
01034,42.09391,-72.96110
01035,42.35649,-72.56863
01036,42.07119,-72.41772
01037,42.37604,-72.19736
01038,42.37993,-72.60404
01039,42.40429,-72.68892
01040,42.21166,-72.64245
01050,42.28676,-72.86969
01053,42.35630,-72.71358
01054,42.46890,-72.48458
01056,42.18358,-72.45781
01057,42.09360,-72.32149
01060,42.32125,-72.63039
01062,42.32303,-72.70179
01063,42.31888,-72.63853
01066,42.40691,-72.65502
01068,42.35086,-72.04425
01069,42.18886,-72.30648
01070,42.51845,-72.91902
01071,42.16006,-72.87384
01072,42.45697,-72.41724
01073,42.22695,-72.74159
01074,42.38658,-72.09303
01075,42.25653,-72.58025
01077,42.05257,-72.77735
01079,42.19433,-72.32889
01080,42.18573,-72.36156
01081,42.06131,-72.23441
01082,42.29975,-72.27916
01083,42.20655,-72.19645
01084,42.39237,-72.88223
01085,42.15350,-72.77160
01086,42.13045,-72.79397
01088,42.39171,-72.64649
01089,42.12545,-72.64973
01092,42.19187,-72.23511
01093,42.44380,-72.66151
01094,42.35911,-72.13680
01095,42.13853,-72.42070
01096,42.39714,-72.76355
01097,42.17804,-72.83261
01098,42.39431,-72.94312
01103,42.10411,-72.59203
01104,42.13401,-72.56538
01105,42.09996,-72.58076
01106,42.04805,-72.56928
01107,42.12106,-72.60707
01108,42.08069,-72.56079
01109,42.11967,-72.54973
01118,42.09459,-72.52522
01119,42.12498,-72.51121
01128,42.09230,-72.48914
01129,42.11867,-72.48820
01151,42.15186,-72.50913
01199,42.12056,-72.60447
01201,42.44824,-73.27373
01220,42.62381,-73.11674
01222,42.05870,-73.32218
01223,42.31222,-73.11012
01224,42.51316,-73.19574
01225,42.56340,-73.15333
01226,42.48112,-73.13507
01229,42.27793,-73.33203
01230,42.17320,-73.32429
01235,42.42568,-73.06303
01236,42.26650,-73.37839
01237,42.54980,-73.26114
01238,42.29750,-73.23015
01240,42.36786,-73.26976
01242,42.33373,-73.24920
01243,42.35012,-73.02411
01244,42.11809,-73.25750
01245,42.18689,-73.22311
01247,42.69853,-73.08430
01253,42.20668,-73.11321
01254,42.38202,-73.36549
01255,42.10750,-73.11861
01256,42.59417,-73.02232
01257,42.08524,-73.36748
01258,42.10928,-73.46289
01259,42.06926,-73.22895
01260,42.29570,-73.34254
01262,42.29220,-73.31921
01264,42.23159,-73.20243
01266,42.31235,-73.38804
01267,42.67162,-73.24698
01270,42.51527,-73.03117
01301,42.62676,-72.60153
01330,42.51395,-72.82152
01331,42.56239,-72.19104
01337,42.68931,-72.58229
01338,42.57249,-72.82415
01339,42.60378,-72.88964
01340,42.69473,-72.71096
01341,42.49212,-72.70983
01342,42.54389,-72.60946
01343,42.65763,-72.97893
01344,42.61342,-72.42643
01346,42.69327,-72.82312
01347,42.55929,-72.51875
01349,42.56306,-72.48211
01350,42.72777,-72.98535
01351,42.53988,-72.52169
01354,42.62410,-72.50861
01355,42.45855,-72.32719
01360,42.67709,-72.45388
01364,42.60544,-72.29207
01366,42.47562,-72.19247
01367,42.69553,-72.90915
01368,42.67946,-72.17694
01370,42.59338,-72.72693
01373,42.47548,-72.61540
01375,42.46669,-72.54675
01376,42.59528,-72.55500
01378,42.67353,-72.35321
01379,42.55631,-72.40715
01420,42.58492,-71.81686
01430,42.65874,-71.93292
01431,42.67629,-71.83252
01432,42.56466,-71.56730
01434,42.53975,-71.61233
01436,42.60206,-72.08701
01438,42.56206,-72.03169
01440,42.58834,-71.98607
01450,42.61164,-71.56474
01451,42.50191,-71.56820
01452,42.49511,-72.00234
01453,42.51997,-71.76332
01460,42.53593,-71.49057
01462,42.58261,-71.72046
01463,42.67064,-71.60286
01464,42.57365,-71.64099
01467,42.48949,-71.60935
01468,42.54277,-72.06834
01469,42.66479,-71.69505
01473,42.55460,-71.90544
01474,42.66969,-71.75275
01475,42.66816,-72.05564
01501,42.19887,-71.84572
01503,42.38493,-71.63389
01504,42.03999,-71.53241
01505,42.35505,-71.71616
01506,42.18081,-72.10789
01507,42.13394,-71.96802
01510,42.41189,-71.69000
01515,42.20968,-72.04018
01516,42.05307,-71.75224
01518,42.12748,-72.11882
01519,42.20340,-71.67974
01520,42.33638,-71.85076
01521,42.04678,-72.18021
01522,42.37563,-71.86738
01523,42.48357,-71.67558
01524,42.24536,-71.91496
01525,42.10679,-71.63052
01527,42.19225,-71.77765
01529,42.03664,-71.57878
01531,42.32618,-72.13343
01532,42.32334,-71.64624
01534,42.14207,-71.64335
01535,42.26756,-72.06688
01536,42.23131,-71.69264
01537,42.15897,-71.89705
01540,42.11626,-71.85747
01541,42.45412,-71.87754
01542,42.20425,-71.90891
01543,42.38829,-71.96986
01545,42.28477,-71.71423
01550,42.05974,-72.03391
01560,42.17540,-71.67422
01561,42.44397,-71.68558
01562,42.24721,-71.99187
01564,42.44792,-71.77604
01566,42.10321,-72.07954
01568,42.17653,-71.60359
01569,42.05592,-71.63113
01570,42.04707,-71.84580
01571,42.05378,-71.93507
01581,42.26843,-71.61331
01583,42.36942,-71.78504
01585,42.24080,-72.16264
01588,42.11880,-71.67250
01590,42.13205,-71.75032
01602,42.26919,-71.85073
01603,42.24383,-71.84357
01604,42.25348,-71.76793
01605,42.28968,-71.78779
01606,42.31525,-71.79574
01607,42.22597,-71.78889
01608,42.26198,-71.80146
01609,42.28511,-71.82999
01610,42.24705,-71.80837
01611,42.23760,-71.87584
01612,42.29680,-71.92899
01701,42.31959,-71.44280
01702,42.28238,-71.43662
01718,42.51982,-71.42929
01719,42.48598,-71.52098
01720,42.48395,-71.43850
01721,42.25776,-71.47353
01730,42.49933,-71.28190
01731,42.45675,-71.27948
01740,42.43993,-71.60188
01741,42.53681,-71.36132
01742,42.46291,-71.36450
01745,42.29211,-71.49920
01746,42.19595,-71.45343
01747,42.12301,-71.53140
01748,42.22410,-71.54049
01749,42.38907,-71.54586
01752,42.34962,-71.54721
01754,42.42596,-71.45626
01756,42.09387,-71.54452
01757,42.15869,-71.52142
01760,42.28482,-71.34881
01770,42.23195,-71.37296
01772,42.30288,-71.53083
01773,42.42551,-71.31081
01775,42.42969,-71.51251
01776,42.38337,-71.42107
01778,42.35627,-71.36194
01801,42.48870,-71.15438
01803,42.50323,-71.20171
01810,42.64804,-71.16175
01821,42.54933,-71.25172
01824,42.59079,-71.35518
01826,42.67972,-71.30068
01827,42.67615,-71.49977
01830,42.79631,-71.05344
01832,42.79111,-71.13286
01833,42.72623,-70.98332
01834,42.75390,-71.01593
01835,42.75133,-71.09442
01840,42.70676,-71.16040
01841,42.71202,-71.16487
01843,42.68999,-71.16039
01844,42.74264,-71.17865
01845,42.67391,-71.09133
01850,42.65604,-71.30331
01851,42.62781,-71.33533
01852,42.63298,-71.29562
01854,42.64948,-71.34823
01860,42.83860,-71.01200
01862,42.57854,-71.29559
01863,42.63118,-71.38816
01864,42.57840,-71.08445
01867,42.53518,-71.10542
01876,42.61180,-71.22757
01879,42.66776,-71.42882
01880,42.50152,-71.06749
01886,42.58554,-71.44025
01887,42.56465,-71.16452
01890,42.45275,-71.14432
01901,42.46042,-70.94638
01902,42.47104,-70.94154
01904,42.49246,-70.97393
01905,42.46600,-70.97579
01906,42.46843,-71.01395
01907,42.47415,-70.90660
01908,42.42823,-70.92607
01913,42.85128,-70.95579
01915,42.57044,-70.86769
01921,42.68311,-71.02719
01922,42.75731,-70.91424
01923,42.57417,-70.95052
01929,42.64045,-70.77116
01930,42.62325,-70.68280
01937,42.58572,-70.98405
01938,42.68386,-70.84267
01940,42.53415,-71.03833
01944,42.57664,-70.76715
01945,42.50156,-70.85883
01949,42.61051,-71.00712
01950,42.81236,-70.89110
01951,42.77335,-70.85021
01952,42.84479,-70.84150
01960,42.53431,-70.96944
01966,42.64070,-70.62025
01969,42.72087,-70.89122
01970,42.52762,-70.86987
01982,42.62622,-70.85723
01983,42.64139,-70.94338
01984,42.60067,-70.88326
01985,42.79957,-70.96443
02019,42.07668,-71.47449
02021,42.17574,-71.12538
02025,42.23644,-70.81431
02026,42.24687,-71.17946
02030,42.23416,-71.29117
02032,42.15688,-71.21619
02035,42.06134,-71.24580
02038,42.08486,-71.41057
02043,42.21610,-70.88127
02045,42.29797,-70.92914
02047,42.13414,-70.68631
02048,42.01730,-71.21642
02050,42.11514,-70.71033
02052,42.18460,-71.30531
02053,42.15620,-71.43035
02054,42.17310,-71.36376
02056,42.11366,-71.33756
02061,42.16457,-70.81884
02062,42.18736,-71.19597
02066,42.20227,-70.75818
02067,42.10760,-71.18183
02071,42.10343,-71.27359
02072,42.11901,-71.10365
02081,42.14704,-71.26996
02090,42.21964,-71.21677
02093,42.05267,-71.35686
02108,42.35776,-71.06490
02109,42.36699,-71.05055
02110,42.36209,-71.04994
02111,42.35052,-71.05908
02113,42.36533,-71.05523
02114,42.36317,-71.06865
02115,42.33711,-71.10570
02116,42.35058,-71.07640
02118,42.33758,-71.07048
02119,42.32403,-71.08502
02120,42.33209,-71.09655
02121,42.30627,-71.08590
02122,42.29141,-71.04216
02124,42.28581,-71.07057
02125,42.31568,-71.05555
02126,42.27423,-71.09742
02127,42.33499,-71.03909
02128,42.36152,-71.00739
02129,42.37966,-71.06149
02130,42.30917,-71.11383
02131,42.28433,-71.12623
02132,42.28046,-71.16202
02134,42.35802,-71.12861
02135,42.34969,-71.15396
02136,42.25508,-71.12922
02138,42.37964,-71.13515
02139,42.36299,-71.10335
02140,42.39216,-71.13400
02141,42.37030,-71.08256
02142,42.36199,-71.08159
02143,42.38141,-71.09671
02144,42.39966,-71.12255
02145,42.39158,-71.08991
02148,42.42938,-71.05871
02149,42.40594,-71.05465
02150,42.39682,-71.03135
02151,42.41829,-71.00125
02152,42.37306,-70.97481
02155,42.42384,-71.10767
02163,42.36592,-71.12218
02169,42.24839,-71.00228
02170,42.26642,-71.01558
02171,42.29333,-71.01819
02176,42.45572,-71.05902
02180,42.47421,-71.09767
02184,42.20619,-71.00232
02186,42.24156,-71.08244
02188,42.20466,-70.95763
02189,42.20978,-70.92818
02190,42.16673,-70.95236
02191,42.24345,-70.94203
02199,42.34748,-71.08204
02203,42.36059,-71.05874
02210,42.34747,-71.03927
02215,42.34763,-71.10308
02301,42.07837,-71.04230
02302,42.08891,-70.99837
02322,42.13246,-71.05401
02324,41.97238,-70.97877
02330,41.87518,-70.74671
02332,42.04441,-70.70606
02333,42.03712,-70.94218
02338,42.00263,-70.86371
02339,42.12296,-70.85631
02341,42.05024,-70.86736
02343,42.14035,-70.99786
02346,41.87800,-70.86927
02347,41.83438,-70.95683
02351,42.11576,-70.95660
02356,42.06054,-71.11967
02357,42.05498,-71.08065
02359,42.06780,-70.80571
02360,41.88206,-70.63129
02364,41.98720,-70.74194
02366,41.85098,-70.65498
02367,41.95910,-70.80275
02368,42.17609,-71.05204
02370,42.13040,-70.91062
02375,42.00569,-71.07804
02379,42.02162,-71.02672
02382,42.07897,-70.93939
02420,42.45705,-71.21546
02421,42.43855,-71.23957
02445,42.32548,-71.13505
02446,42.34350,-71.12224
02451,42.39782,-71.25570
02452,42.39358,-71.21392
02453,42.36954,-71.24051
02457,42.29939,-71.27424
02458,42.35359,-71.18819
02459,42.31478,-71.19202
02460,42.35182,-71.20849
02461,42.31736,-71.20651
02462,42.32871,-71.25590
02464,42.31298,-71.21888
02465,42.34891,-71.22633
02466,42.34446,-71.24862
02467,42.31432,-71.15278
02468,42.32855,-71.22953
02472,42.36945,-71.17793
02474,42.42095,-71.15637
02476,42.41564,-71.17567
02478,42.39532,-71.18028
02481,42.31195,-71.27552
02482,42.29310,-71.29854
02492,42.27648,-71.24371
02493,42.36050,-71.30343
02494,42.29949,-71.23252
02532,41.75176,-70.59755
02534,41.66894,-70.61941
02535,41.33796,-70.76167
02536,41.59629,-70.56747
02537,41.72842,-70.43581
02538,41.77738,-70.64245
02539,41.37765,-70.52208
02540,41.57389,-70.63204
02542,41.70784,-70.54552
02543,41.47897,-70.76691
02553,41.71253,-70.62075
02554,41.28988,-70.09408
02556,41.63945,-70.62452
02557,41.44171,-70.57614
02558,41.74502,-70.65351
02559,41.69024,-70.61628
02561,41.76674,-70.54059
02562,41.78721,-70.52672
02563,41.72814,-70.47655
02564,41.27190,-69.98454
02568,41.45864,-70.61252
02571,41.76119,-70.69599
02575,41.40025,-70.65693
02576,41.77222,-70.76295
02584,41.25885,-70.00733
02601,41.65604,-70.29676
02630,41.70676,-70.31249
02631,41.74751,-70.06622
02632,41.65910,-70.34688
02633,41.68934,-69.97238
02635,41.62405,-70.43940
02637,41.70573,-70.27093
02638,41.73024,-70.19739
02639,41.66807,-70.13698
02641,41.75395,-70.15539
02642,41.84160,-69.97497
02643,41.79794,-69.93733
02644,41.68349,-70.51079
02645,41.71108,-70.05761
02646,41.67060,-70.07145
02647,41.63013,-70.31014
02648,41.67037,-70.41204
02649,41.61680,-70.49010
02650,41.70195,-69.96145
02651,41.87505,-70.00344
02652,42.04953,-70.09499
02653,41.76913,-69.97358
02655,41.62798,-70.39201
02657,42.05983,-70.20041
02659,41.68147,-70.02353
02660,41.70770,-70.15856
02663,41.89444,-70.01218
02664,41.67473,-70.19565
02666,41.99078,-70.04571
02667,41.92200,-70.02336
02668,41.71621,-70.36310
02669,41.66668,-69.98969
02670,41.66010,-70.17068
02671,41.67515,-70.10977
02672,41.63570,-70.31363
02673,41.65564,-70.24724
02675,41.70395,-70.23155
02702,41.78511,-71.05905
02703,41.93165,-71.29450
02713,41.44631,-70.90745
02715,41.80559,-71.15771
02717,41.76011,-70.97276
02718,41.86249,-71.01169
02719,41.63367,-70.87136
02720,41.72302,-71.12153
02721,41.67513,-71.14828
02723,41.69270,-71.12973
02724,41.68394,-71.17750
02725,41.72004,-71.18827
02726,41.75970,-71.14459
02738,41.70684,-70.75096
02739,41.66579,-70.81453
02740,41.63748,-70.93827
02743,41.71822,-70.90115
02744,41.60625,-70.91363
02745,41.70074,-70.95055
02746,41.66099,-70.94014
02747,41.66471,-71.01570
02748,41.55308,-70.97145
02760,41.97257,-71.33437
02762,42.01284,-71.33619
02763,41.96687,-71.30857
02764,41.85193,-71.15360
02766,41.96534,-71.18178
02767,41.94100,-71.04850
02769,41.84688,-71.24487
02770,41.76086,-70.83896
02771,41.83980,-71.31805
02777,41.75816,-71.21418
02779,41.83806,-71.07761
02780,41.90911,-71.11835
02790,41.59918,-71.08237
02791,41.52782,-71.07962
02802,41.95213,-71.45623
02804,41.43303,-71.77006
02806,41.73819,-71.32018
02807,41.17678,-71.57705
02808,41.40825,-71.74967
02809,41.67573,-71.27333
02812,41.47896,-71.65257
02813,41.39422,-71.66982
02814,41.89612,-71.69540
02815,41.77463,-71.64795
02816,41.69650,-71.62266
02817,41.63708,-71.67836
02818,41.64292,-71.48572
02822,41.56943,-71.62792
02825,41.78207,-71.72683
02826,41.98275,-71.65314
02827,41.69875,-71.73912
02828,41.87769,-71.56091
02830,41.97562,-71.65639
02831,41.76984,-71.60737
02832,41.51472,-71.72962
02833,41.48969,-71.77197
02835,41.51009,-71.37837
02836,41.45404,-71.62023
02837,41.51877,-71.16725
02838,41.96541,-71.47936
02839,41.94076,-71.64151
02840,41.47697,-71.31855
02841,41.51024,-71.32964
02842,41.51764,-71.27793
02852,41.58857,-71.45981
02857,41.82276,-71.63361
02858,41.96449,-71.65127
02859,41.95907,-71.75732
02860,41.87056,-71.38868
02861,41.87860,-71.35313
02863,41.89006,-71.39348
02864,41.96746,-71.42057
02865,41.91546,-71.44982
02871,41.58661,-71.25921
02872,41.59696,-71.32093
02873,41.53313,-71.78055
02874,41.50906,-71.47442
02875,41.45238,-71.64034
02876,41.99723,-71.58437
02878,41.60698,-71.18263
02879,41.42884,-71.53838
02881,41.47808,-71.52472
02882,41.41709,-71.47227
02885,41.72514,-71.25880
02886,41.70543,-71.45438
02888,41.74767,-71.40612
02889,41.70059,-71.37693
02891,41.35777,-71.78962
02892,41.49712,-71.59420
02893,41.67960,-71.52111
02894,41.44425,-71.69930
02895,42.00171,-71.49995
02896,41.97519,-71.54407
02898,41.51764,-71.66852
02903,41.81823,-71.40909
02904,41.85833,-71.43629
02905,41.78473,-71.39610
02906,41.84017,-71.39041
02907,41.79859,-71.42463
02908,41.83982,-71.43679
02909,41.82120,-71.45338
02910,41.77500,-71.43559
02911,41.85489,-71.47281
02912,41.82559,-71.40224
02914,41.81512,-71.36577
02915,41.77285,-71.35484
02916,41.84266,-71.35244
02917,41.90629,-71.52381
02919,41.82744,-71.51988
02920,41.76734,-71.46551
02921,41.76075,-71.51465
03031,42.87482,-71.60053
03032,42.99706,-71.36581
03033,42.74926,-71.67567
03034,43.05689,-71.34064
03036,42.98453,-71.25510
03037,43.14127,-71.24820
03038,42.88761,-71.28205
03042,43.05103,-71.08825
03043,42.99413,-71.81610
03044,43.00037,-71.11916
03045,43.02152,-71.56346
03046,43.11247,-71.60748
03047,42.93632,-71.86713
03048,42.74287,-71.76175
03049,42.74962,-71.58540
03051,42.76050,-71.40939
03052,42.84608,-71.46828
03053,42.86859,-71.38725
03054,42.85203,-71.51988
03055,42.81864,-71.67335
03057,42.90888,-71.69420
03060,42.74109,-71.45827
03062,42.72232,-71.50118
03063,42.78210,-71.51837
03064,42.77938,-71.47492
03070,42.98121,-71.67752
03071,42.74626,-71.87443
03076,42.73099,-71.33707
03077,43.03804,-71.20511
03079,42.78827,-71.22173
03082,42.89641,-71.76833
03084,42.82672,-71.87542
03086,42.83223,-71.75961
03087,42.81109,-71.30269
03101,42.98903,-71.46611
03102,43.01191,-71.49106
03103,42.95091,-71.44656
03104,43.00955,-71.43978
03106,43.08124,-71.44662
03109,42.96373,-71.40035
03110,42.93558,-71.53687
03215,43.94283,-71.44805
03216,43.44459,-71.79772
03217,43.72597,-71.64258
03218,43.33688,-71.27384
03220,43.47445,-71.48221
03221,43.25813,-71.96024
03222,43.64372,-71.79928
03223,43.85544,-71.68549
03224,43.36249,-71.55802
03225,43.35983,-71.24536
03226,43.71139,-71.50378
03227,43.84119,-71.48085
03229,43.20219,-71.69679
03230,43.50865,-71.89024
03231,43.47334,-71.76234
03233,43.42400,-71.93119
03234,43.20481,-71.34856
03235,43.44897,-71.67417
03237,43.42306,-71.38722
03238,43.98438,-71.91126
03240,43.57469,-71.95192
03241,43.74294,-71.81105
03242,43.16941,-71.83120
03243,43.52831,-71.76919
03244,43.12812,-71.91698
03245,43.76176,-71.58253
03246,43.57653,-71.48226
03249,43.51950,-71.37584
03251,44.10082,-71.49405
03253,43.63121,-71.49859
03254,43.72051,-71.36858
03255,43.31403,-72.02455
03256,43.62344,-71.63255
03257,43.41772,-71.99061
03258,43.26526,-71.40883
03259,43.87571,-71.39502
03260,43.33502,-71.91836
03261,43.21369,-71.21768
03262,43.99989,-71.71445
03263,43.28850,-71.30937
03264,43.73877,-71.70262
03266,43.78287,-71.88474
03268,43.38610,-71.77292
03269,43.52419,-71.60161
03273,43.30198,-71.92695
03275,43.17002,-71.42071
03276,43.43103,-71.57600
03278,43.30893,-71.83551
03279,43.96580,-71.85912
03280,43.19005,-72.09387
03281,43.07829,-71.70351
03282,43.85872,-71.92372
03284,43.47294,-72.01312
03285,43.94788,-71.63578
03287,43.44328,-71.92245
03290,43.12985,-71.13186
03291,43.17917,-71.14261
03293,43.97062,-71.67991
03301,43.23860,-71.55626
03303,43.31172,-71.66538
03304,43.13318,-71.53724
03307,43.33399,-71.44666
03431,42.96504,-72.29480
03440,43.05029,-71.98197
03441,42.78069,-72.44703
03442,43.02028,-71.90371
03443,42.86940,-72.46617
03444,42.88928,-72.06985
03445,43.02062,-72.21437
03446,42.85827,-72.29636
03447,42.75321,-72.15303
03448,43.05392,-72.27362
03449,42.97734,-71.99782
03450,42.94854,-72.06899
03451,42.80930,-72.50482
03452,42.82925,-72.05990
03455,42.90177,-72.17291
03456,43.13854,-72.20877
03457,42.99948,-72.12170
03458,42.86837,-71.94010
03461,42.75666,-72.01325
03462,42.89261,-72.39017
03464,43.09082,-72.12682
03465,42.82880,-72.18894
03466,42.89040,-72.50299
03467,42.96807,-72.43086
03470,42.77134,-72.35422
03561,44.34335,-71.79512
03570,44.50460,-71.15547
03574,44.26044,-71.60920
03575,44.31367,-71.40283
03576,44.91244,-71.38511
03579,44.96477,-71.02556
03580,44.16345,-71.69330
03581,44.28976,-71.15220
03582,44.56505,-71.44298
03583,44.39674,-71.46469
03584,44.48385,-71.54587
03585,44.22242,-71.87717
03586,44.21841,-71.80024
03588,44.62304,-71.21185
03590,44.71505,-71.52754
03592,45.11624,-71.26111
03593,44.30140,-71.29983
03595,44.30527,-71.49738
03597,44.74494,-71.38133
03598,44.37895,-71.62886
03601,43.23884,-72.28612
03602,43.14083,-72.34757
03603,43.24663,-72.38389
03604,43.12732,-72.37684
03605,43.23656,-72.18487
03607,43.19651,-72.26835
03608,43.07644,-72.39597
03609,43.14393,-72.44645
03740,44.18448,-71.97884
03741,43.67686,-72.00709
03743,43.36073,-72.32693
03745,43.47598,-72.33124
03746,43.49432,-72.25743
03748,43.58910,-72.13214
03750,43.72102,-72.18521
03751,43.44974,-72.09229
03752,43.27209,-72.10103
03753,43.51659,-72.14909
03754,43.37746,-72.13839
03755,43.73243,-72.13916
03765,44.03522,-72.05020
03766,43.63257,-72.23482
03768,43.81663,-72.09430
03770,43.53129,-72.25881
03771,44.29660,-71.98068
03773,43.37134,-72.20279
03774,44.08266,-71.99711
03777,43.88333,-72.03384
03779,43.96185,-72.00129
03780,44.04180,-71.99093
03781,43.56006,-72.29935
03782,43.39010,-72.09314
03784,43.63833,-72.30649
03785,44.04699,-71.90721
03801,43.07481,-70.80544
03809,43.46473,-71.20018
03810,43.51256,-71.29489
03811,42.83911,-71.16719
03812,44.08113,-71.29724
03813,44.12750,-71.06069
03814,43.77094,-71.18151
03816,43.68223,-71.25121
03817,43.88717,-71.22940
03818,43.95945,-71.27425
03819,42.92789,-71.11989
03820,43.19066,-70.88765
03823,43.17461,-70.94145
03824,43.11706,-70.91881
03825,43.21557,-71.03898
03826,42.88808,-71.12985
03827,42.90368,-70.99555
03830,43.61412,-70.99356
03832,43.90696,-71.04752
03833,42.97878,-70.97968
03835,43.36692,-71.06250
03836,43.84204,-71.07516
03837,43.42225,-71.33609
03838,44.11067,-71.22328
03839,43.26299,-70.99117
03840,43.03973,-70.84562
03841,42.88187,-71.18236
03842,42.93960,-70.83673
03844,42.92481,-70.88624
03845,44.10536,-71.11582
03846,44.18762,-71.15576
03847,44.07198,-71.12394
03848,42.91373,-71.07359
03849,43.90246,-71.12987
03850,43.69063,-71.29761
03851,43.43728,-71.02525
03852,43.49500,-70.98603
03853,43.64285,-71.28279
03854,43.06215,-70.71707
03855,43.46369,-71.15214
03856,43.03851,-70.96795
03857,43.07091,-70.94694
03858,42.87037,-71.04591
03860,44.03572,-71.11723
03861,43.11920,-71.00708
03862,42.97993,-70.82944
03864,43.68993,-71.10344
03865,42.84560,-71.09326
03867,43.30168,-70.99177
03868,43.32424,-70.94018
03869,43.21981,-70.84311
03870,43.00870,-70.75831
03871,42.98095,-70.77736
03872,43.57053,-71.04335
03873,42.93402,-71.18361
03874,42.88312,-70.86082
03875,43.89508,-71.18927
03878,43.25348,-70.88794
03882,43.74673,-71.04191
03883,43.80877,-71.32004
03884,43.27538,-71.16996
03885,43.01499,-70.90260
03886,43.86404,-71.29607
03887,43.49965,-71.07383
03890,43.80497,-71.19624
03894,43.60485,-71.17933
03901,43.29932,-70.84206
03902,43.21492,-70.62881
03903,43.14655,-70.77437
03904,43.10573,-70.72425
03905,43.08619,-70.68685
03906,43.35228,-70.77944
03907,43.25640,-70.61284
03908,43.23061,-70.75242
03909,43.16646,-70.67900
03910,43.18618,-70.60568
03911,43.14229,-70.62646
04001,43.52121,-70.91767
04002,43.48907,-70.66191
04003,43.73367,-69.97140
04005,43.49210,-70.48657
04006,43.44429,-70.34457
04008,44.04422,-69.86378
04009,44.04751,-70.74332
04010,43.93080,-70.91858
04011,43.89643,-69.97349
04015,43.97629,-70.52111
04017,43.72990,-70.08719
04019,43.69015,-70.11159
04020,43.76719,-70.80886
04021,43.79180,-70.26476
04022,43.99621,-70.81374
04024,43.83632,-70.68524
04027,43.39991,-70.91278
04029,43.90253,-70.68957
04030,43.58906,-70.69628
04032,43.84483,-70.08995
04037,44.10168,-70.94277
04038,43.70135,-70.46298
04039,43.90492,-70.36773
04040,44.14294,-70.82494
04041,43.84900,-70.83076
04042,43.63102,-70.61437
04043,43.39595,-70.57022
04046,43.42982,-70.47414
04047,43.73336,-70.89404
04048,43.68848,-70.78188
04049,43.74580,-70.69980
04050,43.68621,-70.15495
04051,44.19247,-70.88580
04055,43.97577,-70.63930
04056,43.65954,-70.88350
04057,44.10155,-70.69892
04061,43.63356,-70.73948
04062,43.79469,-70.40533
04063,43.50039,-70.39533
04064,43.52506,-70.38825
04066,43.76566,-69.96689
04068,43.83790,-70.94657
04069,43.90391,-70.18202
04071,43.92675,-70.45076
04072,43.55041,-70.46634
04073,43.41864,-70.74778
04074,43.58963,-70.36619
04076,43.55402,-70.83280
04079,43.79203,-69.97966
04083,43.46412,-70.81429
04084,43.76215,-70.56669
04085,43.77332,-70.61651
04086,43.96498,-69.95562
04087,43.56861,-70.74428
04088,44.20284,-70.72227
04090,43.33143,-70.64559
04091,43.83932,-70.74484
04092,43.70792,-70.35260
04093,43.63626,-70.53884
04095,43.62861,-70.91390
04096,43.78814,-70.15648
04097,43.84561,-70.24125
04101,43.66261,-70.25795
04102,43.65435,-70.29761
04103,43.69542,-70.28865
04105,43.74047,-70.27717
04106,43.63140,-70.28599
04107,43.58717,-70.23648
04108,43.66028,-70.18605
04109,43.63676,-70.18681
04110,43.74137,-70.18137
04210,44.08454,-70.24965
04216,44.67966,-70.84652
04217,44.37842,-70.81637
04219,44.40075,-70.55811
04220,44.34262,-70.34744
04221,44.48154,-70.27734
04222,43.95602,-70.13242
04224,44.56136,-70.41373
04226,44.59448,-70.69250
04227,44.56812,-70.29314
04228,44.43682,-70.11585
04231,44.26306,-70.87548
04234,44.62383,-70.19190
04236,44.18975,-70.14509
04237,44.49450,-70.73442
04238,44.20926,-70.38888
04239,44.51690,-70.20219
04240,44.08951,-70.17209
04250,44.02218,-70.11739
04252,44.03669,-70.05880
04253,44.41164,-70.21619
04254,44.44534,-70.13808
04255,44.34579,-70.65570
04256,44.10490,-70.40468
04257,44.55316,-70.49501
04258,44.13794,-70.33633
04259,44.23351,-70.01472
04260,43.95751,-70.29601
04261,44.56557,-70.96266
04263,44.29535,-70.13307
04265,44.28056,-70.03731
04267,44.20659,-70.79235
04268,44.22587,-70.61002
04270,44.11733,-70.52748
04271,44.26361,-70.49819
04274,44.04811,-70.39356
04275,44.70260,-70.64759
04276,44.55992,-70.62526
04280,44.11683,-70.06258
04281,44.24800,-70.49082
04282,44.26710,-70.24653
04284,44.36833,-70.06515
04285,44.68860,-70.45406
04286,44.40144,-70.86508
04287,44.07343,-69.97075
04289,44.31928,-70.52265
04290,44.46091,-70.45192
04292,44.38080,-70.44859
04294,44.63791,-70.27543
04330,44.35191,-69.74761
04342,44.08617,-69.73699
04343,44.32871,-69.89169
04344,44.26055,-69.82780
04345,44.19509,-69.79377
04346,44.23729,-69.75125
04347,44.28724,-69.81804
04348,44.21086,-69.49915
04349,44.43401,-70.06703
04350,44.17214,-69.93450
04351,44.34243,-69.86194
04352,44.46649,-69.96045
04353,44.19801,-69.61969
04354,44.39611,-69.43063
04355,44.38439,-69.95020
04357,44.11683,-69.82961
04358,44.41447,-69.53527
04359,44.17779,-69.76259
04360,44.55482,-69.99968
04363,44.31549,-69.57119
04364,44.30999,-69.96309
04401,44.84852,-68.85040
04406,45.22918,-69.59652
04408,44.89388,-68.30383
04410,45.08826,-68.90668
04411,44.86841,-68.58638
04412,44.78446,-68.73456
04413,45.56275,-67.75117
04414,45.44192,-69.11309
04415,45.40038,-69.05788
04416,44.62380,-68.74974
04417,45.23151,-68.34189
04418,45.09049,-68.46663
04419,44.80045,-69.00312
04421,44.40901,-68.81553
04422,45.07765,-69.03143
04424,45.68031,-67.87620
04426,45.21306,-69.18913
04427,44.98054,-69.01088
04428,44.80580,-68.55400
04429,44.72124,-68.61707
04430,45.63769,-68.57604
04431,44.56098,-68.67273
04434,44.76387,-69.12807
04435,44.96323,-69.12501
04438,44.59893,-68.92833
04441,45.70800,-69.61404
04442,45.50208,-69.72650
04443,45.22777,-69.35326
04444,44.72898,-68.94996
04448,45.29620,-68.71106
04449,44.99264,-68.88847
04450,44.91605,-68.92799
04451,45.60701,-68.22217
04453,45.16225,-68.76053
04454,45.55298,-67.58144
04455,45.29942,-68.25974
04456,44.87682,-68.99665
04457,45.41343,-68.47987
04459,45.58873,-68.33998
04460,45.71289,-68.52133
04461,44.95479,-68.58244
04462,45.99584,-68.92835
04463,45.28683,-68.89511
04464,45.43279,-69.30095
04468,45.02467,-68.73453
04469,44.90107,-68.66830
04471,45.91654,-67.85682
04472,44.57632,-68.66992
04473,44.88168,-68.73864
04474,44.68878,-68.76281
04475,45.18359,-68.58961
04476,44.48270,-68.70600
04478,45.88211,-69.85301
04479,45.12421,-69.28706
04481,45.24598,-69.09278
04485,45.35804,-69.63029
04487,45.38774,-68.10447
04488,44.87164,-69.11393
04489,44.91036,-68.69019
04490,45.43664,-67.86762
04491,45.57319,-67.47230
04492,45.36704,-67.68132
04493,45.23351,-68.52239
04495,45.47743,-68.33898
04496,44.65075,-68.90892
04497,45.75461,-68.06094
04530,43.88798,-69.82672
04535,44.09847,-69.62918
04537,43.87545,-69.62069
04538,43.85151,-69.62761
04539,43.97354,-69.50197
04541,43.89424,-69.47688
04543,44.02235,-69.49076
04544,43.84445,-69.58231
04547,43.97861,-69.33258
04548,43.83334,-69.74907
04551,43.98007,-69.43038
04553,44.05228,-69.56752
04554,43.86273,-69.51232
04555,44.10125,-69.48266
04556,43.97599,-69.61095
04558,43.88443,-69.51943
04562,43.77083,-69.81916
04563,44.01392,-69.25871
04564,43.92169,-69.46493
04568,43.87182,-69.55828
04570,43.80855,-69.63076
04571,43.89666,-69.67417
04572,44.12208,-69.38335
04573,43.95136,-69.55233
04574,44.26064,-69.39152
04575,43.85215,-69.66220
04576,43.81334,-69.66287
04578,43.98244,-69.69275
04579,43.95966,-69.76935
04605,44.67796,-68.37522
04606,44.54073,-67.71236
04607,44.46705,-68.08687
04609,44.39747,-68.26381
04611,44.46363,-67.62203
04612,44.23321,-68.44106
04613,44.37698,-68.02988
04614,44.40277,-68.56870
04616,44.25760,-68.55003
04617,44.35119,-68.75933
04619,45.14295,-67.21753
04622,44.75177,-67.96478
04623,44.74453,-67.73362
04624,44.42395,-67.98588
04625,44.25644,-68.26646
04626,44.66902,-67.22199
04627,44.24338,-68.61045
04628,44.87399,-67.27440
04629,44.42269,-68.50605
04630,44.86650,-67.47478
04631,44.91094,-67.00916
04634,44.65097,-68.22127
04635,44.17761,-68.34478
04637,45.19614,-67.81872
04640,44.52457,-68.28525
04642,44.33058,-68.80995
04643,44.53986,-67.82700
04644,44.41383,-68.25208
04645,44.06657,-68.61575
04646,44.25868,-68.22661
04648,44.66550,-67.59497
04649,44.55988,-67.50424
04650,44.29263,-68.72289
04652,44.81971,-67.06233
04653,44.20156,-68.33257
04654,44.75715,-67.53990
04655,44.65576,-67.37897
04657,44.96493,-67.42638
04658,44.50725,-67.87782
04660,44.33575,-68.34573
04662,44.30094,-68.29243
04664,44.53966,-68.11974
04666,44.98058,-67.22367
04667,44.98354,-67.10138
04668,45.21293,-67.58597
04669,44.40825,-68.01488
04671,45.06734,-67.14995
04673,44.31356,-68.67921
04674,44.25702,-68.45822
04675,44.30135,-68.25115
04676,44.34688,-68.63437
04677,44.47729,-68.17934
04679,44.27873,-68.32454
04680,44.47841,-67.94706
04681,44.15046,-68.64533
04683,44.23053,-68.79180
04684,44.46746,-68.50733
04685,44.14790,-68.47172
04686,44.99654,-67.69403
04691,44.76032,-67.25505
04693,44.37637,-68.09364
04694,45.11508,-67.47754
04730,46.19102,-67.86097
04732,46.32709,-68.91587
04733,45.75245,-68.40227
04734,46.47089,-67.95313
04735,46.41467,-67.86072
04736,46.91150,-68.02919
04739,46.99591,-68.67293
04740,46.63330,-67.84762
04741,47.45410,-69.21798
04742,46.77624,-67.85920
04743,47.20027,-68.61433
04745,47.28210,-68.38878
04746,47.25102,-68.14296
04747,46.00498,-68.23378
04750,46.95497,-67.85744
04756,47.32171,-68.29821
04757,46.66765,-68.16862
04758,46.55927,-67.85322
04760,46.33936,-67.95520
04761,46.11724,-67.97557
04762,46.95825,-68.12473
04763,46.07385,-68.11353
04764,46.39893,-68.58532
04765,46.15977,-68.59388
04766,46.89246,-68.21578
04768,46.82565,-68.86565
04769,46.68895,-67.99191
04772,47.23008,-68.31145
04773,47.26743,-68.22304
04774,47.07704,-69.15450
04776,45.87170,-68.32475
04777,45.84252,-68.50108
04779,47.13451,-68.33190
04780,46.23765,-68.27355
04781,47.15020,-68.61350
04783,47.04012,-68.17505
04785,47.13186,-67.97796
04786,46.79492,-68.19205
04787,46.53346,-67.96608
04841,44.13409,-69.13263
04843,44.23841,-69.06404
04847,44.24118,-69.18851
04848,44.29889,-68.91524
04849,44.31640,-69.02641
04851,43.86155,-68.88014
04852,43.76743,-69.31006
04853,44.13635,-68.86676
04854,44.07551,-69.07986
04855,43.93836,-69.26453
04856,44.18060,-69.12211
04858,44.04651,-69.15406
04859,44.00076,-69.14596
04860,43.97960,-69.21604
04861,44.10771,-69.17142
04862,44.26271,-69.27772
04863,44.06882,-68.85331
04864,44.12801,-69.24389
04901,44.54108,-69.57308
04910,44.50843,-69.44519
04911,44.76993,-69.97255
04912,44.98071,-69.68988
04915,44.46350,-69.03757
04917,44.48773,-69.83864
04918,44.51678,-69.86648
04920,45.14234,-69.85446
04921,44.56089,-69.13653
04922,44.67400,-69.38646
04923,45.02901,-69.44575
04924,44.78218,-69.54632
04925,45.21239,-69.90343
04926,44.48012,-69.51389
04927,44.66547,-69.54077
04928,44.94698,-69.25886
04929,44.77309,-69.30154
04930,45.03194,-69.32258
04932,44.69757,-69.14370
04933,44.81650,-69.23135
04936,45.35501,-70.65743
04937,44.65165,-69.66128
04938,44.66186,-70.10310
04939,45.07726,-69.15877
04940,44.62399,-70.08329
04941,44.47005,-69.28418
04942,45.07702,-69.58645
04943,44.87982,-69.52050
04944,44.68689,-69.64393
04945,45.86960,-70.26604
04947,45.04680,-70.26926
04949,44.36909,-69.33600
04950,44.82635,-69.79971
04951,44.60722,-69.07128
04952,44.41280,-69.15479
04953,44.86722,-69.21884
04955,44.64721,-69.99334
04956,44.79857,-70.09676
04957,44.70207,-69.84337
04958,44.89690,-69.91732
04961,45.13786,-70.14410
04962,44.48907,-69.62594
04963,44.58901,-69.88730
04964,44.86692,-70.77410
04965,44.84315,-69.36836
04966,44.81470,-70.42731
04967,44.76984,-69.43375
04969,44.78528,-69.23628
04970,45.00791,-70.61816
04971,44.92741,-69.38735
04973,44.36825,-69.18629
04974,44.47091,-68.92866
04975,44.62535,-69.58833
04976,44.78927,-69.66773
04978,44.64182,-69.79989
04979,44.93938,-69.80814
04981,44.51402,-68.83905
04982,45.09813,-70.43055
04983,44.92563,-70.28645
04984,44.69659,-70.26720
04985,45.36944,-69.93109
04986,44.54946,-69.21129
04987,44.67415,-69.25184
04988,44.57015,-69.36244
04989,44.42934,-69.64829
04992,44.66366,-70.16268
05001,43.67219,-72.38019
05031,43.70275,-72.59842
05032,43.80158,-72.65776
05033,44.01218,-72.15830
05034,43.57432,-72.64324
05035,43.61155,-72.68604
05036,44.02391,-72.58789
05037,43.45774,-72.49346
05038,43.99116,-72.45729
05039,44.06329,-72.31308
05040,44.06989,-72.19872
05041,43.95657,-72.53861
05042,44.22216,-72.09676
05043,43.80509,-72.20467
05045,43.91801,-72.18024
05046,44.23245,-72.25752
05048,43.58062,-72.42771
05050,44.26691,-72.06404
05051,44.10448,-72.12174
05052,43.59699,-72.35972
05053,43.71945,-72.48923
05055,43.77763,-72.32401
05056,43.50885,-72.69369
05058,43.88158,-72.27231
05059,43.63817,-72.43040
05060,43.96707,-72.70860
05061,43.91676,-72.57018
05062,43.49649,-72.59997
05065,43.78248,-72.42336
05067,43.67736,-72.51807
05068,43.78080,-72.54810
05069,44.20407,-72.13120
05070,43.85160,-72.34329
05071,43.56175,-72.54923
05072,43.89871,-72.37207
05075,43.84541,-72.28606
05076,44.14185,-72.23096
05077,43.90880,-72.45931
05079,43.95676,-72.32654
05081,44.12259,-72.06591
05083,43.91890,-72.26810
05084,43.72974,-72.45144
05086,44.10895,-72.30073
05089,43.49560,-72.44225
05091,43.63147,-72.57109
05101,43.18214,-72.49322
05141,43.15069,-72.56924
05142,43.39758,-72.58034
05143,43.27763,-72.64035
05146,43.18494,-72.63398
05148,43.23136,-72.79101
05149,43.35688,-72.70908
05150,43.33443,-72.53079
05151,43.39532,-72.49697
05152,43.23300,-72.93706
05153,43.41844,-72.64255
05154,43.13522,-72.54477
05155,43.07733,-72.91853
05156,43.31063,-72.46162
05158,43.08405,-72.46972
05161,43.32144,-72.80290
05201,42.86921,-73.12852
05250,43.10362,-73.17320
05251,43.26415,-73.06368
05252,43.08205,-73.06677
05253,43.24576,-73.00207
05254,43.15268,-73.06130
05255,43.13789,-73.02363
05257,42.95872,-73.26076
05260,42.82057,-73.27440
05261,42.77029,-73.17905
05262,42.97370,-73.07529
05301,42.83868,-72.65999
05340,43.16888,-72.97273
05341,42.97454,-72.80105
05342,42.77750,-72.79482
05343,43.10266,-72.82001
05345,42.98727,-72.68471
05346,43.03772,-72.53653
05350,42.79094,-72.97264
05352,42.80826,-73.07637
05353,43.06927,-72.68046
05354,42.76413,-72.52209
05355,43.01948,-72.81215
05356,42.97591,-72.86461
05358,42.77334,-72.70547
05359,43.15309,-72.71592
05360,43.00012,-72.94697
05361,42.77427,-72.88591
05362,42.93522,-72.66042
05363,42.88278,-72.89313
05401,44.47662,-73.21000
05403,44.44487,-73.17347
05404,44.49559,-73.18486
05405,44.47386,-73.19568
05408,44.51185,-73.24961
05439,44.49453,-73.16527
05440,44.95788,-73.29197
05441,44.78876,-72.76379
05442,44.75719,-72.67133
05443,44.13955,-73.03982
05444,44.64973,-72.89696
05445,44.30996,-73.22098
05446,44.54126,-73.18442
05447,44.93245,-72.70189
05448,44.75054,-72.90090
05450,44.89458,-72.79525
05452,44.53862,-73.05022
05454,44.71029,-73.02888
05455,44.80169,-72.96739
05456,44.21389,-73.26209
05457,44.95887,-72.92189
05458,44.71785,-73.30749
05459,44.95006,-73.00537
05461,44.33210,-73.08613
05462,44.31254,-72.95211
05463,44.87132,-73.34920
05464,44.64626,-72.81900
05465,44.46417,-72.95106
05468,44.65737,-73.14449
05471,44.82792,-72.57742
05472,44.10278,-73.15520
05473,44.24194,-73.19466
05474,44.78773,-73.29799
05476,44.95523,-72.64314
05477,44.41660,-72.96235
05478,44.80842,-73.08251
05481,44.77292,-73.20539
05482,44.38066,-73.21101
05483,44.88976,-72.96326
05485,44.91002,-72.97666
05486,44.64225,-73.30774
05487,44.21033,-72.99337
05488,44.92048,-73.12474
05489,44.56770,-72.90276
05491,44.11196,-73.31080
05492,44.73796,-72.76236
05494,44.60742,-73.00364
05495,44.42917,-73.09631
05602,44.27497,-72.60944
05640,44.34033,-72.49746
05641,44.18884,-72.47217
05647,44.40948,-72.25913
05648,44.38329,-72.49248
05649,44.16656,-72.34660
05650,44.38462,-72.43594
05651,44.28231,-72.48926
05652,44.72389,-72.61041
05653,44.71489,-72.47274
05654,44.14029,-72.47566
05655,44.62426,-72.57042
05656,44.64812,-72.68884
05657,44.53408,-72.52827
05658,44.36485,-72.35487
05660,44.25400,-72.73448
05661,44.53234,-72.62026
05663,44.14761,-72.69128
05664,44.16717,-72.65314
05667,44.26904,-72.38887
05669,44.06511,-72.72962
05672,44.49181,-72.71261
05673,44.19897,-72.84083
05674,44.11253,-72.87403
05675,44.07617,-72.42263
05676,44.31430,-72.79869
05677,44.40830,-72.70997
05678,44.15731,-72.47764
05679,44.10894,-72.53191
05680,44.54114,-72.47296
05681,44.45808,-72.37913
05682,44.39330,-72.56349
05701,43.62458,-72.91021
05730,43.43767,-72.79388
05732,43.64659,-73.21144
05733,43.81047,-73.09028
05734,43.98172,-73.33194
05735,43.65272,-73.16120
05736,43.61906,-73.01341
05737,43.77780,-72.89686
05738,43.52344,-72.86017
05739,43.34262,-73.00020
05740,43.97175,-73.10528
05742,43.41965,-72.91080
05743,43.66991,-73.30937
05744,43.69401,-73.08046
05747,44.00529,-72.84131
05748,43.90541,-72.91833
05751,43.65759,-72.78441
05753,43.99778,-73.17830
05757,43.48010,-73.12364
05758,43.45079,-72.75779
05759,43.53211,-72.96480
05760,43.80062,-73.28970
05761,43.36093,-73.15176
05762,43.80408,-72.83697
05763,43.73020,-72.99523
05764,43.53993,-73.18919
05765,43.65167,-73.03465
05766,43.98494,-72.99677
05767,43.87941,-72.83168
05769,43.93207,-73.11982
05770,43.88195,-73.32450
05772,43.75080,-72.76091
05773,43.42011,-72.98707
05774,43.44282,-73.19106
05775,43.36596,-73.22839
05776,43.25285,-73.19735
05777,43.55645,-73.04879
05778,43.87640,-73.21257
05819,44.40472,-71.98307
05820,44.76312,-72.37524
05821,44.31135,-72.11485
05822,44.75164,-72.14027
05824,44.43908,-71.82610
05825,44.86498,-72.23936
05826,44.64773,-72.40209
05827,44.67671,-72.36257
05828,44.43750,-72.12482
05829,44.96729,-72.06806
05830,44.97210,-71.98697
05832,44.58929,-71.91336
05833,44.84981,-71.96560
05836,44.51156,-72.26614
05837,44.66377,-71.80519
05839,44.67368,-72.20701
05841,44.60201,-72.28476
05842,44.55893,-72.23157
05843,44.51871,-72.34897
05845,44.80077,-72.29057
05846,44.80150,-71.85840
05847,44.79344,-72.45845
05850,44.54057,-72.01550
05851,44.55714,-72.08058
05853,44.89613,-71.94124
05855,44.92701,-72.19244
05857,44.92891,-72.31270
05858,44.55879,-71.81692
05859,44.96667,-72.44303
05860,44.80266,-72.10400
05862,44.31818,-72.21612
05866,44.64074,-72.11088
05867,44.66507,-72.03597
05868,44.90212,-72.37793
05871,44.68930,-71.93695
05872,44.86853,-72.04803
05873,44.41842,-72.20327
05874,44.88347,-72.48496
05875,44.70985,-72.24696
05901,44.94082,-71.65470
05902,45.00959,-71.48793
05903,44.93500,-71.58804
05904,44.41618,-71.70687
05905,44.70278,-71.67777
05906,44.48310,-71.72045
05907,44.91116,-71.81870
06001,41.78716,-72.85205
06002,41.84377,-72.74100
06010,41.68158,-72.94075
06013,41.74908,-72.94866
06016,41.90190,-72.54743
06018,42.02580,-73.31171
06019,41.85751,-72.90277
06020,41.83462,-72.92872
06021,42.01723,-73.10482
06022,41.86543,-72.92733
06023,41.61259,-72.72009
06024,42.01214,-73.27426
06026,41.92972,-72.74538
06027,42.00493,-72.91570
06029,41.91415,-72.44557
06031,41.95526,-73.31678
06032,41.73105,-72.85710
06033,41.70746,-72.53893
06035,41.96056,-72.80459
06037,41.60545,-72.77850
06039,41.95270,-73.45863
06040,41.76141,-72.52561
06042,41.80264,-72.52104
06043,41.76459,-72.43757
06051,41.66513,-72.76981
06052,41.65561,-72.80313
06053,41.68804,-72.79347
06057,41.84105,-72.99866
06058,41.96977,-73.17844
06059,41.95703,-72.94249
06060,42.01474,-72.85926
06061,41.87560,-72.96684
06062,41.67364,-72.85973
06063,41.92520,-72.97129
06065,41.97468,-73.00766
06066,41.83756,-72.45904
06067,41.65662,-72.66178
06068,42.00724,-73.42223
06069,41.86076,-73.44921
06070,41.87597,-72.80977
06071,41.99263,-72.45373
06073,41.66444,-72.55504
06074,41.83809,-72.57784
06076,41.98444,-72.26345
06078,41.99159,-72.65176
06081,41.90252,-72.77337
06082,41.98399,-72.55555
06084,41.88302,-72.35887
06085,41.74890,-72.88944
06088,41.91791,-72.58337
06089,41.83535,-72.82427
06090,41.94648,-72.86319
06091,42.02645,-72.98021
06092,41.87345,-72.86052
06093,42.01324,-72.71731
06095,41.87104,-72.67508
06096,41.92763,-72.65970
06098,41.95619,-73.08636
06103,41.76721,-72.67426
06105,41.77471,-72.70504
06106,41.74859,-72.69601
06107,41.75230,-72.75810
06108,41.78037,-72.62395
06109,41.70248,-72.66930
06110,41.73268,-72.73360
06111,41.68699,-72.73084
06112,41.79334,-72.69582
06114,41.74085,-72.67069
06117,41.78516,-72.76356
06118,41.74871,-72.60952
06119,41.76342,-72.72721
06120,41.78720,-72.66484
06160,41.76661,-72.69115
06226,41.70824,-72.20855
06231,41.63294,-72.36735
06232,41.73298,-72.37466
06234,41.79389,-71.95327
06235,41.79089,-72.12954
06237,41.69371,-72.30567
06238,41.78021,-72.34376
06239,41.79404,-71.85453
06241,41.85390,-71.84737
06242,41.89559,-72.09330
06243,41.84487,-71.80503
06247,41.76780,-72.07503
06248,41.68859,-72.40867
06249,41.63296,-72.24009
06250,41.77296,-72.19845
06254,41.62121,-72.14261
06255,41.99109,-71.90195
06256,41.73215,-72.15736
06259,41.87150,-71.98765
06260,41.90803,-71.87045
06262,42.01931,-71.94838
06263,41.83524,-71.89985
06264,41.69421,-72.10037
06266,41.67366,-72.17281
06268,41.80044,-72.24803
06269,41.80441,-72.29317
06277,41.95839,-71.84392
06278,41.89712,-72.17143
06279,41.89727,-72.25185
06280,41.69099,-72.13009
06281,41.97348,-72.01414
06282,41.94887,-72.08482
06320,41.34884,-72.10203
06330,41.63557,-72.07753
06331,41.69396,-72.00912
06332,41.73122,-71.90233
06333,41.38603,-72.22909
06334,41.54492,-72.17385
06335,41.43471,-72.05853
06336,41.58058,-72.19587
06339,41.44194,-71.99054
06340,41.35441,-72.04027
06350,41.64851,-72.06845
06351,41.58979,-71.94839
06353,41.46390,-72.15557
06354,41.70877,-71.85539
06355,41.36496,-71.97610
06357,41.32729,-72.21565
06359,41.47097,-71.87252
06360,41.54801,-72.08945
06365,41.51865,-72.00660
06370,41.46709,-72.18940
06371,41.36239,-72.32375
06373,41.67773,-71.79607
06374,41.68191,-71.91094
06375,41.40634,-72.12324
06376,41.29406,-72.25395
06377,41.73054,-71.81931
06378,41.38321,-71.90841
06379,41.36347,-71.85320
06380,41.56342,-72.05163
06382,41.46895,-72.12274
06384,41.57919,-71.83123
06385,41.36173,-72.15658
06387,41.74117,-71.91302
06389,41.56418,-72.12916
06390,41.28025,-71.94665
06401,41.34425,-73.06982
06403,41.44369,-73.05192
06405,41.28510,-72.79352
06409,41.35108,-72.42017
06410,41.51183,-72.90362
06412,41.41173,-72.48715
06413,41.29561,-72.52912
06414,41.57223,-72.55232
06415,41.55029,-72.34862
06416,41.61661,-72.66156
06417,41.36782,-72.47744
06418,41.32612,-73.08257
06419,41.37442,-72.57833
06420,41.48935,-72.25838
06422,41.46892,-72.68452
06423,41.45661,-72.39135
06424,41.56016,-72.50276
06426,41.35114,-72.39716
06437,41.33178,-72.69682
06438,41.45678,-72.50332
06441,41.46563,-72.58264
06442,41.34207,-72.43407
06443,41.34448,-72.62454
06444,41.56268,-72.93324
06447,41.63644,-72.45400
06450,41.53581,-72.77569
06451,41.54191,-72.82341
06455,41.51416,-72.71784
06456,41.52478,-72.55029
06457,41.54861,-72.65678
06460,41.21892,-73.05245
06461,41.23987,-73.07539
06467,41.56784,-72.89976
06468,41.33924,-73.22283
06469,41.51094,-72.44317
06470,41.39508,-73.31766
06471,41.33212,-72.78101
06472,41.38277,-72.77519
06473,41.38146,-72.85637
06475,41.29990,-72.38273
06477,41.28495,-73.02464
06478,41.44403,-73.14823
06479,41.57473,-72.91195
06480,41.59883,-72.58907
06481,41.53674,-72.69794
06482,41.40900,-73.24263
06483,41.38547,-73.08364
06484,41.30458,-73.13921
06488,41.47599,-73.22969
06489,41.61417,-72.86992
06492,41.46272,-72.80507
06498,41.30369,-72.47802
06510,41.30650,-72.92601
06511,41.31702,-72.92724
06512,41.27827,-72.87525
06513,41.31894,-72.86902
06514,41.37680,-72.94275
06515,41.32804,-72.97084
06516,41.27257,-72.96497
06517,41.34944,-72.90715
06518,41.43088,-72.91199
06519,41.29393,-72.93203
06524,41.42296,-72.99419
06525,41.36354,-73.00389
06604,41.18292,-73.20803
06605,41.16160,-73.21762
06606,41.21211,-73.20667
06607,41.17074,-73.16804
06608,41.18648,-73.18125
06610,41.20922,-73.16466
06611,41.26786,-73.21369
06612,41.26494,-73.30048
06614,41.23247,-73.12987
06615,41.17161,-73.13216
06702,41.55646,-73.04589
06704,41.58874,-73.03527
06705,41.54974,-72.99344
06706,41.53221,-73.02505
06708,41.55062,-73.07123
06710,41.56915,-73.04582
06712,41.49925,-72.97563
06716,41.59503,-72.96851
06750,41.72424,-73.26834
06751,41.63576,-73.21142
06752,41.52029,-73.36109
06754,41.77542,-73.36300
06755,41.64932,-73.48009
06756,41.84954,-73.23400
06757,41.74361,-73.45980
06758,41.67373,-73.24575
06759,41.75364,-73.21203
06762,41.53054,-73.12158
06763,41.69432,-73.21000
06770,41.48843,-73.05338
06776,41.60127,-73.42281
06777,41.69131,-73.33440
06778,41.71349,-73.11191
06779,41.59606,-73.08144
06782,41.64265,-73.04151
06783,41.55553,-73.29603
06784,41.57787,-73.49488
06785,41.69498,-73.46477
06786,41.67273,-73.01804
06787,41.67108,-73.08505
06790,41.83420,-73.13147
06791,41.76134,-73.06044
06793,41.63371,-73.28892
06794,41.64945,-73.32356
06795,41.62389,-73.12619
06796,41.86603,-73.34208
06798,41.56163,-73.20610
06801,41.36978,-73.38950
06804,41.47040,-73.39476
06807,41.05673,-73.59202
06810,41.37545,-73.45728
06811,41.42258,-73.47835
06812,41.48032,-73.48686
06820,41.07620,-73.48008
06824,41.17304,-73.28082
06825,41.19658,-73.24325
06830,41.03760,-73.62434
06831,41.08872,-73.65884
06840,41.16039,-73.50012
06850,41.12742,-73.44526
06851,41.13823,-73.40153
06853,41.06612,-73.43800
06854,41.08391,-73.42661
06855,41.08424,-73.39499
06856,41.11122,-73.42086
06870,41.02445,-73.57115
06877,41.31768,-73.49984
06878,41.03009,-73.58372
06880,41.13327,-73.34870
06883,41.22741,-73.36706
06890,41.14856,-73.28778
06896,41.30542,-73.39258
06897,41.21128,-73.44098
06901,41.05359,-73.53817
06902,41.05935,-73.54438
06903,41.13602,-73.57114
06905,41.08837,-73.54291
06906,41.07102,-73.52262
06907,41.10092,-73.52052
07001,40.58396,-74.26970
07002,40.66249,-74.11020
07003,40.80914,-74.18714
07004,40.88251,-74.30459
07005,40.93281,-74.41717
07006,40.85119,-74.28287
07008,40.58379,-74.22746
07009,40.85802,-74.22978
07010,40.82205,-73.98794
07011,40.87826,-74.14407
07012,40.84840,-74.16027
07013,40.86941,-74.17306
07014,40.83134,-74.13542
07016,40.65609,-74.30356
07017,40.77211,-74.20707
07018,40.75583,-74.21782
07020,40.82465,-73.97379
07021,40.82810,-74.27623
07022,40.82111,-74.00303
07023,40.64170,-74.38569
07024,40.85064,-73.97101
07026,40.87980,-74.10825
07027,40.65135,-74.32314
07028,40.80480,-74.20457
07029,40.74362,-74.15490
07030,40.74529,-74.03211
07031,40.78626,-74.12622
07032,40.75233,-74.12309
07033,40.67809,-74.28811
07034,40.87948,-74.38010
07035,40.92750,-74.30833
07036,40.62471,-74.23936
07039,40.78583,-74.32910
07040,40.73078,-74.26892
07041,40.72245,-74.30155
07042,40.81245,-74.21733
07043,40.84484,-74.20050
07044,40.83247,-74.24286
07045,40.90940,-74.36351
07046,40.89137,-74.44111
07047,40.79364,-74.02503
07050,40.76804,-74.23569
07052,40.78576,-74.26506
07054,40.85377,-74.40157
07055,40.85755,-74.12909
07057,40.85308,-74.10632
07058,40.86697,-74.34094
07059,40.63459,-74.51904
07060,40.61667,-74.42204
07062,40.63236,-74.40118
07063,40.60512,-74.44452
07064,40.56742,-74.24493
07065,40.60715,-74.28053
07066,40.61843,-74.31587
07067,40.58933,-74.31141
07068,40.82174,-74.31015
07069,40.64285,-74.43623
07070,40.82031,-74.10604
07071,40.79711,-74.11298
07072,40.82643,-74.06234
07073,40.81710,-74.08502
07074,40.83814,-74.05508
07075,40.85018,-74.08707
07076,40.63303,-74.37290
07077,40.55415,-74.25306
07078,40.74235,-74.33424
07079,40.74881,-74.26151
07080,40.57441,-74.41480
07081,40.69797,-74.33444
07082,40.92672,-74.34551
07083,40.69527,-74.26908
07086,40.76792,-74.02063
07087,40.76735,-74.03231
07088,40.71789,-74.28617
07090,40.65164,-74.34345
07092,40.68072,-74.36029
07093,40.78810,-74.01144
07094,40.78196,-74.06765
07095,40.55286,-74.28694
07102,40.73566,-74.17360
07103,40.73873,-74.19553
07104,40.76771,-74.16835
07105,40.72307,-74.13864
07106,40.74180,-74.23039
07107,40.76292,-74.18656
07108,40.72311,-74.20020
07109,40.79348,-74.16116
07110,40.82062,-74.15625
07111,40.72386,-74.23252
07112,40.70941,-74.20955
07114,40.69781,-74.17081
07201,40.67127,-74.17736
07202,40.65246,-74.21685
07203,40.65221,-74.26016
07204,40.66531,-74.26657
07205,40.69589,-74.22880
07206,40.65163,-74.18399
07208,40.67381,-74.22643
07302,40.71939,-74.04647
07304,40.71650,-74.07260
07305,40.69815,-74.08098
07306,40.73492,-74.07188
07307,40.75088,-74.05685
07310,40.73013,-74.03683
07311,40.71908,-74.03262
07401,41.03267,-74.13383
07403,41.02075,-74.33284
07405,40.98784,-74.37819
07407,40.90453,-74.11951
07410,40.93583,-74.11750
07416,41.11256,-74.59973
07417,41.00753,-74.20565
07418,41.24222,-74.48611
07419,41.15208,-74.56512
07420,41.03251,-74.30316
07421,41.17374,-74.35261
07422,41.18206,-74.44430
07423,40.99950,-74.09658
07424,40.88232,-74.20588
07430,41.08207,-74.18306
07432,40.99581,-74.14126
07435,41.03553,-74.44913
07436,41.03102,-74.24050
07438,41.03023,-74.51918
07439,41.07568,-74.60201
07440,40.94647,-74.29304
07442,41.00310,-74.28545
07444,40.96741,-74.30697
07446,41.05914,-74.14593
07450,40.98159,-74.11351
07452,40.95947,-74.12520
07456,41.09704,-74.26292
07457,40.99589,-74.31453
07458,41.04666,-74.09648
07460,41.11174,-74.49513
07461,41.24702,-74.61052
07462,41.19846,-74.49558
07463,41.01337,-74.12522
07465,41.05490,-74.33290
07470,40.94586,-74.24508
07480,41.08853,-74.37650
07481,40.99909,-74.16885
07495,41.10447,-74.16336
07501,40.91200,-74.17096
07502,40.91857,-74.19409
07503,40.89755,-74.15412
07504,40.91255,-74.14162
07505,40.91633,-74.17164
07506,40.95696,-74.15856
07508,40.95502,-74.18369
07512,40.90342,-74.21978
07513,40.90618,-74.14869
07514,40.92699,-74.14384
07522,40.92496,-74.17910
07524,40.93171,-74.15687
07601,40.88940,-74.04570
07603,40.87429,-74.02974
07604,40.86275,-74.07518
07605,40.86339,-73.98847
07606,40.85784,-74.04857
07607,40.90288,-74.06346
07608,40.85457,-74.05962
07620,40.96878,-73.91690
07621,40.92420,-73.99829
07624,40.97289,-73.96031
07626,40.94002,-73.95831
07627,40.95410,-73.95492
07628,40.94524,-73.99243
07630,40.97499,-74.02325
07631,40.89120,-73.97252
07632,40.88463,-73.94465
07640,40.99168,-73.98020
07641,40.96171,-73.99744
07642,41.00903,-74.04377
07643,40.84343,-74.03424
07644,40.87792,-74.08250
07645,41.05459,-74.04730
07646,40.93416,-74.01945
07647,41.00942,-73.94198
07648,40.99205,-73.95055
07649,40.95665,-74.03286
07650,40.84702,-73.99706
07652,40.94730,-74.07017
07656,41.03618,-74.04429
07657,40.83268,-74.01409
07660,40.85471,-74.01993
07661,40.92677,-74.03747
07662,40.91069,-74.08289
07663,40.90310,-74.09359
07666,40.89032,-74.01148
07670,40.91831,-73.95052
07675,41.00348,-74.00175
07676,40.98831,-74.06469
07677,41.02333,-74.05903
07701,40.36167,-74.07808
07702,40.32645,-74.05737
07703,40.31578,-74.03977
07704,40.36194,-74.03878
07711,40.24246,-74.01014
07712,40.24971,-74.05371
07716,40.40109,-74.03298
07717,40.19142,-74.01511
07718,40.41987,-74.08517
07719,40.16891,-74.07323
07720,40.20160,-74.01206
07721,40.43809,-74.23139
07722,40.28097,-74.16890
07723,40.24970,-73.99746
07724,40.29863,-74.07418
07726,40.28235,-74.34656
07727,40.20439,-74.14928
07728,40.22579,-74.28579
07730,40.42549,-74.17606
07731,40.14954,-74.20399
07732,40.43045,-73.99042
07733,40.37496,-74.17385
07734,40.44415,-74.13681
07735,40.45011,-74.17227
07737,40.41247,-74.06530
07738,40.33791,-74.12707
07739,40.33695,-74.03454
07740,40.29537,-73.98990
07746,40.32349,-74.25457
07747,40.41532,-74.25436
07748,40.39630,-74.11527
07750,40.33590,-73.98561
07751,40.35965,-74.26146
07753,40.21489,-74.07891
07755,40.26364,-74.02288
07756,40.21182,-74.00694
07757,40.31631,-74.01590
07758,40.43424,-74.10067
07760,40.36955,-74.00237
07762,40.15341,-74.03373
07764,40.28790,-74.02002
07801,40.91761,-74.55560
07803,40.87809,-74.60118
07820,40.93136,-74.81174
07821,40.96604,-74.75469
07822,41.13878,-74.70834
07823,40.82945,-75.03950
07825,40.97125,-74.97572
07826,41.19314,-74.77819
07827,41.28096,-74.73051
07828,40.88394,-74.75031
07830,40.71928,-74.79402
07832,40.96255,-75.05344
07833,40.89282,-75.06944
07834,40.88768,-74.49215
07836,40.84241,-74.70326
07838,40.88795,-74.91169
07840,40.85418,-74.83535
07842,40.93688,-74.52071
07843,40.93923,-74.65951
07846,40.96594,-74.87707
07847,40.88311,-74.62862
07848,41.10389,-74.68700
07849,40.97032,-74.60724
07850,40.90691,-74.66205
07851,41.23144,-74.84683
07852,40.88327,-74.66803
07853,40.78075,-74.78924
07856,40.91642,-74.62676
07857,40.89705,-74.69983
07860,41.05763,-74.81918
07863,40.80757,-74.95745
07865,40.79381,-74.89835
07866,40.95499,-74.48801
07869,40.84164,-74.57852
07870,40.80398,-74.81965
07871,41.04670,-74.62799
07874,40.92306,-74.73579
07876,40.85447,-74.65736
07878,40.87228,-74.47393
07880,40.87145,-74.88889
07881,41.12082,-74.89030
07882,40.75264,-75.01379
07885,40.91051,-74.59991
07901,40.71492,-74.36637
07920,40.67738,-74.56451
07921,40.65602,-74.67866
07922,40.67659,-74.42702
07924,40.73038,-74.59260
07926,40.80126,-74.57012
07927,40.82186,-74.45429
07928,40.72599,-74.41261
07930,40.78131,-74.68359
07931,40.68142,-74.61654
07932,40.77701,-74.39305
07933,40.70392,-74.45953
07934,40.72243,-74.67490
07935,40.73600,-74.44589
07936,40.81855,-74.36374
07939,40.66738,-74.55391
07940,40.76053,-74.41948
07945,40.78195,-74.59950
07946,40.67771,-74.50854
07950,40.84603,-74.48231
07960,40.78393,-74.50020
07961,40.78062,-74.43274
07970,40.80755,-74.57273
07974,40.69692,-74.40385
07976,40.72806,-74.47934
07977,40.70519,-74.67008
07979,40.69758,-74.72997
07980,40.68042,-74.48892
07981,40.82038,-74.42242
08001,39.54788,-75.34638
08002,39.93198,-75.02756
08003,39.88270,-74.97204
08004,39.76475,-74.87063
08005,39.76768,-74.31303
08006,39.75350,-74.10495
08007,39.86579,-75.05375
08008,39.53472,-74.30495
08009,39.76066,-74.93286
08010,40.05351,-74.91844
08011,39.97277,-74.71293
08012,39.78381,-75.05607
08014,39.81591,-75.34834
08015,39.93154,-74.54372
08016,40.06954,-74.82430
08019,39.77730,-74.53422
08020,39.79726,-75.22527
08021,39.80727,-75.00688
08022,40.06759,-74.70574
08023,39.68670,-75.49627
08026,39.83594,-74.96573
08027,39.83473,-75.28848
08028,39.69589,-75.12146
08029,39.84094,-75.06721
08030,39.88890,-75.11808
08031,39.86636,-75.09467
08033,39.89242,-75.03665
08034,39.90610,-75.00038
08035,39.87913,-75.06592
08036,39.97057,-74.83221
08037,39.63996,-74.75932
08038,39.47000,-75.49029
08039,39.68566,-75.27731
08041,40.03852,-74.68410
08042,40.01539,-74.66229
08043,39.84857,-74.95284
08045,39.86720,-75.02977
08046,40.02795,-74.88698
08048,39.95885,-74.80248
08049,39.85441,-75.03847
08050,39.71213,-74.23189
08051,39.78402,-75.17598
08052,39.95238,-74.99490
08053,39.85668,-74.90081
08054,39.94899,-74.90025
08055,39.86270,-74.82231
08056,39.78368,-75.25530
08057,39.97966,-74.94131
08059,39.88482,-75.09267
08060,40.00774,-74.79009
08061,39.79887,-75.20537
08062,39.71610,-75.21927
08063,39.86730,-75.18562
08064,39.96193,-74.64029
08065,40.00261,-75.03527
08066,39.83429,-75.22835
08067,39.73919,-75.41141
08068,39.96139,-74.66592
08069,39.69926,-75.44518
08070,39.61912,-75.51607
08071,39.73189,-75.13353
08072,39.54431,-75.41870
08073,40.00955,-74.86682
08074,39.71617,-75.16344
08075,40.02968,-74.94900
08077,40.00016,-74.99163
08078,39.85341,-75.07550
08079,39.54241,-75.43168
08080,39.75735,-75.12204
08081,39.73294,-74.97666
08083,39.84126,-75.02859
08084,39.82898,-75.01553
08085,39.76116,-75.32411
08086,39.85473,-75.19869
08087,39.59057,-74.37517
08088,39.85147,-74.69341
08089,39.72120,-74.82665
08090,39.79907,-75.15070
08091,39.80712,-74.92418
08092,39.64718,-74.28460
08093,39.86465,-75.13747
08094,39.65060,-74.95931
08095,39.64930,-74.85801
08096,39.82594,-75.12681
08097,39.81329,-75.15065
08098,39.63930,-75.32980
08102,39.95256,-75.12100
08103,39.93583,-75.11392
08104,39.91643,-75.11318
08105,39.95034,-75.09628
08106,39.89152,-75.07408
08107,39.90866,-75.08445
08108,39.91467,-75.06086
08109,39.95132,-75.05012
08110,39.97189,-75.05788
08201,39.42356,-74.49303
08202,39.09351,-74.73010
08203,39.42729,-74.38962
08204,38.97110,-74.92100
08205,39.48200,-74.45264
08210,39.12156,-74.83440
08212,38.93345,-74.95390
08215,39.58651,-74.56366
08217,39.57419,-74.71992
08221,39.34372,-74.57105
08223,39.26952,-74.65712
08224,39.59933,-74.46743
08225,39.36267,-74.54148
08226,39.26378,-74.60775
08230,39.20794,-74.72360
08232,39.38752,-74.51520
08234,39.38839,-74.62073
08240,39.48806,-74.53397
08241,39.53480,-74.47610
08242,39.01858,-74.88890
08243,39.15101,-74.69632
08244,39.31897,-74.58846
08246,39.18097,-74.76581
08247,39.04897,-74.78622
08248,39.19554,-74.65695
08251,39.02772,-74.92951
08260,38.99835,-74.84330
08270,39.27178,-74.78597
08302,39.43861,-75.26065
08310,39.53144,-74.89681
08311,39.32787,-75.20404
08312,39.66406,-75.07440
08314,39.21816,-74.94427
08316,39.26953,-74.94969
08317,39.40069,-74.82963
08318,39.55765,-75.17772
08319,39.37041,-74.81082
08320,39.38508,-75.16060
08321,39.22360,-75.14317
08322,39.61110,-75.04877
08323,39.39627,-75.36755
08324,39.21621,-74.99426
08326,39.53768,-74.92827
08327,39.25155,-74.96280
08328,39.57967,-75.05638
08329,39.27562,-75.00830
08330,39.48160,-74.73741
08332,39.37704,-75.02337
08340,39.43863,-74.88378
08341,39.52542,-74.95302
08343,39.63635,-75.16756
08344,39.56175,-74.98604
08345,39.27511,-75.16405
08346,39.56955,-74.85209
08348,39.30993,-74.97137
08349,39.27387,-75.07131
08350,39.49067,-74.88901
08352,39.47573,-75.12798
08353,39.46242,-75.29244
08360,39.49448,-75.00577
08361,39.44937,-74.95883
08401,39.38435,-74.45428
08402,39.32639,-74.50447
08403,39.31850,-74.54241
08406,39.34156,-74.48086
08501,40.16395,-74.56623
08502,40.44822,-74.65324
08505,40.10309,-74.73357
08510,40.19148,-74.41681
08511,40.04238,-74.55704
08512,40.32436,-74.52553
08514,40.13424,-74.49173
08515,40.11918,-74.66289
08518,40.11543,-74.80209
08520,40.25813,-74.53931
08525,40.39772,-74.77952
08527,40.10867,-74.35860
08528,40.38711,-74.61892
08530,40.37002,-74.91016
08533,40.07103,-74.50014
08534,40.32942,-74.79279
08535,40.24867,-74.42971
08536,40.33227,-74.58103
08540,40.36301,-74.65532
08542,40.35295,-74.66034
08550,40.28016,-74.61464
08551,40.44711,-74.83728
08553,40.40035,-74.63892
08554,40.11722,-74.77784
08555,40.21829,-74.47079
08558,40.41341,-74.70374
08559,40.42922,-74.97906
08560,40.31573,-74.85728
08561,40.24740,-74.58133
08562,40.06196,-74.59188
08608,40.21930,-74.76777
08609,40.22575,-74.74091
08610,40.19117,-74.71660
08611,40.18362,-74.74032
08618,40.24934,-74.78997
08619,40.24230,-74.69641
08620,40.17009,-74.65131
08628,40.26442,-74.82705
08629,40.22067,-74.73120
08638,40.25402,-74.76338
08640,40.00442,-74.59127
08641,40.02034,-74.59024
08648,40.28449,-74.71749
08690,40.22451,-74.66028
08691,40.20873,-74.59210
08701,40.07707,-74.19851
08720,40.13537,-74.09805
08721,39.90202,-74.15267
08722,39.92840,-74.20219
08723,40.03858,-74.11160
08724,40.08624,-74.11085
08730,40.10506,-74.06275
08731,39.86567,-74.25886
08732,39.94180,-74.14384
08733,40.02372,-74.32087
08734,39.86381,-74.17014
08735,39.98142,-74.07254
08736,40.12002,-74.05326
08738,40.02082,-74.05947
08740,39.92915,-74.13750
08741,39.93763,-74.16916
08742,40.08081,-74.05912
08750,40.13337,-74.04150
08751,39.95290,-74.08520
08752,39.83664,-74.09018
08753,39.97903,-74.16043
08755,40.00853,-74.22177
08757,39.94619,-74.25486
08758,39.78884,-74.22540
08759,39.97513,-74.34418
08801,40.62279,-74.88632
08802,40.67102,-75.01802
08804,40.64666,-75.09576
08805,40.57528,-74.53467
08807,40.59243,-74.61884
08808,40.73213,-75.04903
08809,40.65857,-74.93405
08810,40.36829,-74.49100
08812,40.59873,-74.47879
08816,40.42912,-74.41629
08817,40.51465,-74.39310
08820,40.57681,-74.36575
08821,40.52005,-74.68566
08822,40.52481,-74.86521
08823,40.43861,-74.56521
08824,40.42209,-74.55324
08825,40.51419,-75.02716
08826,40.71657,-74.91213
08827,40.66842,-74.96838
08828,40.37842,-74.42338
08829,40.66883,-74.89475
08830,40.57014,-74.31637
08831,40.31948,-74.42879
08832,40.51720,-74.30676
08833,40.64554,-74.81626
08835,40.54127,-74.58927
08836,40.59638,-74.55732
08837,40.51311,-74.34408
08840,40.54314,-74.35898
08844,40.49769,-74.67051
08846,40.57463,-74.49826
08848,40.59069,-75.08822
08850,40.44678,-74.44029
08852,40.38823,-74.54952
08853,40.52993,-74.74231
08854,40.54554,-74.46072
08857,40.39279,-74.33040
08858,40.68268,-74.73704
08859,40.45885,-74.30277
08861,40.52049,-74.27294
08863,40.52702,-74.31447
08865,40.70823,-75.14707
08867,40.57446,-74.96610
08869,40.57134,-74.64603
08872,40.44434,-74.35688
08873,40.49662,-74.53201
08876,40.58955,-74.68541
08879,40.46641,-74.27863
08880,40.55395,-74.52746
08882,40.44565,-74.37846
08884,40.39760,-74.38959
08886,40.68764,-75.10073
08887,40.52152,-74.79594
08889,40.60902,-74.75422
08890,40.53905,-74.57541
08901,40.48364,-74.44246
08902,40.43916,-74.48440
08904,40.50079,-74.42791
10001,40.75064,-73.99718
10002,40.71578,-73.98621
10003,40.73183,-73.98918
10004,40.68887,-74.01821
10005,40.70600,-74.00879
10006,40.70963,-74.01297
10007,40.71386,-74.00778
10009,40.72640,-73.97863
10010,40.73910,-73.98246
10011,40.74201,-74.00061
10012,40.72558,-73.99808
10013,40.72010,-74.00490
10014,40.73331,-74.00690
10016,40.74522,-73.97829
10017,40.75236,-73.97249
10018,40.75540,-73.99326
10019,40.76583,-73.98734
10020,40.75824,-73.97883
10021,40.76922,-73.95874
10022,40.75863,-73.96795
10023,40.77591,-73.98260
10024,40.79845,-73.97441
10025,40.79860,-73.96662
10026,40.80238,-73.95268
10027,40.81141,-73.95306
10028,40.77644,-73.95351
10029,40.79176,-73.94397
10030,40.81827,-73.94286
10031,40.82529,-73.95005
10032,40.83879,-73.94283
10033,40.85048,-73.93405
10034,40.86708,-73.92431
10035,40.79546,-73.92957
10036,40.75925,-73.98983
10037,40.81296,-73.93738
10038,40.70922,-74.00360
10039,40.83087,-73.93622
10040,40.85831,-73.93049
10044,40.76191,-73.94997
10065,40.76463,-73.96314
10069,40.77596,-73.99034
10075,40.77336,-73.95622
10103,40.76078,-73.97767
10110,40.75450,-73.98226
10111,40.75911,-73.97760
10112,40.75917,-73.97967
10115,40.81085,-73.96374
10119,40.75031,-73.99298
10128,40.78143,-73.95001
10152,40.75840,-73.97203
10153,40.76362,-73.97244
10154,40.75778,-73.97249
10162,40.76931,-73.94992
10165,40.75213,-73.97872
10167,40.75465,-73.97477
10168,40.75145,-73.97710
10169,40.75439,-73.97610
10170,40.75263,-73.97588
10171,40.75590,-73.97386
10172,40.75527,-73.97432
10173,40.75413,-73.97936
10174,40.75144,-73.97500
10177,40.75514,-73.97593
10199,40.75138,-73.99715
10271,40.70824,-74.01054
10278,40.71514,-74.00372
10279,40.71263,-74.00867
10280,40.70907,-74.01642
10282,40.71690,-74.01512
10301,40.62750,-74.09438
10302,40.63072,-74.13773
10303,40.62989,-74.17413
10304,40.60596,-74.09354
10305,40.59655,-74.07578
10306,40.57177,-74.12595
10307,40.50884,-74.24058
10308,40.55188,-74.14765
10309,40.53135,-74.21986
10310,40.63265,-74.11615
10311,40.60523,-74.17953
10312,40.54447,-74.18237
10314,40.59926,-74.16575
10451,40.82050,-73.92482
10452,40.83739,-73.92344
10453,40.85232,-73.91351
10454,40.80551,-73.91661
10455,40.81471,-73.90859
10456,40.82989,-73.90812
10457,40.84716,-73.89866
10458,40.86253,-73.88816
10459,40.82586,-73.89294
10460,40.84177,-73.87958
10461,40.84739,-73.84058
10462,40.84327,-73.86042
10463,40.88068,-73.90654
10464,40.86959,-73.79585
10465,40.82402,-73.82347
10466,40.89096,-73.84624
10467,40.86995,-73.86576
10468,40.86894,-73.90000
10469,40.86861,-73.84813
10470,40.88953,-73.87259
10471,40.89879,-73.90313
10472,40.82956,-73.86931
10473,40.81869,-73.85847
10474,40.81058,-73.88459
10475,40.86752,-73.82502
10501,41.29559,-73.75942
10502,41.01167,-73.84127
10503,41.02656,-73.87531
10504,41.12847,-73.70752
10505,41.34212,-73.74544
10506,41.18965,-73.63851
10507,41.22790,-73.68605
10509,41.41085,-73.59434
10510,41.13947,-73.83570
10511,41.26317,-73.94497
10512,41.45762,-73.72461
10514,41.17212,-73.76922
10516,41.46197,-73.87491
10517,41.29824,-73.86199
10518,41.26614,-73.58830
10519,41.35235,-73.65279
10520,41.21796,-73.87517
10522,41.00970,-73.86330
10523,41.05950,-73.81925
10524,41.37532,-73.92622
10526,41.29017,-73.67042
10527,41.32117,-73.76994
10528,40.97505,-73.72493
10530,41.02371,-73.81281
10532,41.09918,-73.80005
10533,41.03693,-73.85486
10535,41.33517,-73.79392
10536,41.26918,-73.68873
10537,41.33961,-73.87983
10538,40.93775,-73.75647
10541,41.38205,-73.75182
10543,40.95269,-73.73604
10545,41.17857,-73.83546
10546,41.19660,-73.80057
10547,41.31333,-73.84604
10548,41.24570,-73.93291
10549,41.20058,-73.72350
10550,40.90545,-73.83525
10552,40.92397,-73.82555
10553,40.90860,-73.82164
10560,41.34053,-73.59761
10562,41.19442,-73.82528
10566,41.28948,-73.91685
10567,41.28962,-73.89695
10570,41.13007,-73.78667
10573,41.01574,-73.67730
10576,41.22158,-73.57233
10577,41.03822,-73.71074
10578,41.32028,-73.67899
10579,41.39536,-73.83905
10580,40.97905,-73.69320
10583,40.98865,-73.78888
10588,41.33485,-73.82300
10589,41.32751,-73.70068
10590,41.25623,-73.53786
10591,41.09006,-73.84090
10594,41.11329,-73.77435
10595,41.08590,-73.78265
10596,41.25598,-73.95947
10597,41.29302,-73.59657
10598,41.28822,-73.79220
10601,41.03295,-73.76506
10603,41.05440,-73.77929
10604,41.07151,-73.74709
10605,41.01057,-73.74513
10606,41.02077,-73.77588
10607,41.03909,-73.81137
10701,40.94547,-73.88050
10703,40.95984,-73.88025
10704,40.91973,-73.86265
10705,40.91974,-73.88999
10706,40.98984,-73.86751
10707,40.96050,-73.82273
10708,40.93827,-73.82992
10709,40.95464,-73.80818
10710,40.96716,-73.84634
10801,40.91757,-73.78486
10803,40.90046,-73.80714
10804,40.94686,-73.78803
10805,40.89772,-73.77926
10901,41.14077,-74.10498
10910,41.28157,-74.13796
10911,41.31916,-74.00816
10913,41.06887,-73.95602
10914,41.41772,-74.20003
10915,41.54536,-74.35932
10916,41.44234,-74.25058
10917,41.31968,-74.11764
10918,41.34419,-74.26218
10919,41.52596,-74.38762
10920,41.15649,-73.93824
10921,41.33207,-74.36342
10922,41.33276,-73.99645
10923,41.20312,-74.00272
10924,41.38116,-74.35249
10925,41.20056,-74.31573
10926,41.30189,-74.11991
10927,41.19105,-73.96756
10928,41.34897,-73.99850
10930,41.36623,-74.12129
10931,41.14954,-74.16211
10932,41.48216,-74.46429
10933,41.36802,-74.51300
10940,41.44654,-74.47874
10941,41.49041,-74.34527
10950,41.31735,-74.19988
10952,41.11112,-74.07854
10953,41.40496,-74.07743
10954,41.09882,-74.01326
10956,41.15719,-73.99342
10958,41.37191,-74.43248
10960,41.09207,-73.92465
10962,41.05007,-73.95858
10963,41.46353,-74.54342
10964,41.01635,-73.91432
10965,41.06156,-74.00783
10968,41.03702,-73.92126
10969,41.29486,-74.48801
10970,41.18026,-74.10206
10973,41.38052,-74.48046
10974,41.16806,-74.17801
10975,41.26708,-74.17226
10976,41.02296,-73.92849
10977,41.11891,-74.04815
10979,41.18249,-74.31551
10980,41.23923,-74.05626
10983,41.03109,-73.94770
10984,41.20312,-74.02216
10985,41.58352,-74.37319
10986,41.28524,-73.99871
10987,41.18692,-74.23735
10988,41.30208,-74.54856
10989,41.12295,-73.93803
10990,41.26745,-74.36401
10992,41.42609,-74.16466
10993,41.20990,-73.97387
10994,41.09807,-73.97265
10996,41.39370,-73.97217
10998,41.32408,-74.54118
11001,40.72332,-73.70495
11003,40.69918,-73.70617
11004,40.74621,-73.71148
11005,40.75664,-73.71424
11010,40.70059,-73.67502
11020,40.77144,-73.71482
11021,40.78432,-73.73149
11023,40.79891,-73.73365
11024,40.81625,-73.74287
11030,40.79341,-73.68855
11040,40.74535,-73.68029
11042,40.75854,-73.69720
11050,40.83989,-73.69312
11096,40.62135,-73.75699
11101,40.74756,-73.93894
11102,40.77288,-73.92629
11103,40.76258,-73.91346
11104,40.74465,-73.92020
11105,40.77897,-73.90625
11106,40.76221,-73.93153
11109,40.74598,-73.95752
11201,40.69370,-73.98986
11203,40.64959,-73.93437
11204,40.61878,-73.98483
11205,40.69466,-73.96624
11206,40.70195,-73.94236
11207,40.67076,-73.89421
11208,40.66855,-73.87099
11209,40.62199,-74.03013
11210,40.62814,-73.94632
11211,40.71260,-73.95310
11212,40.66293,-73.91302
11213,40.67108,-73.93634
11214,40.59915,-73.99609
11215,40.66269,-73.98674
11216,40.68077,-73.94931
11217,40.68231,-73.97810
11218,40.64348,-73.97604
11219,40.63267,-73.99667
11220,40.64109,-74.01655
11221,40.69134,-73.92788
11222,40.72779,-73.94760
11223,40.59714,-73.97343
11224,40.57737,-73.98871
11225,40.66305,-73.95422
11226,40.64645,-73.95665
11228,40.61670,-74.01307
11229,40.60129,-73.94449
11230,40.62216,-73.96511
11231,40.67792,-74.00515
11232,40.65736,-74.00474
11233,40.67830,-73.91994
11234,40.60644,-73.90972
11235,40.58395,-73.94910
11236,40.63941,-73.90066
11237,40.70416,-73.92114
11238,40.67917,-73.96380
11239,40.64769,-73.87914
11351,40.78075,-73.82543
11354,40.76821,-73.82739
11355,40.75146,-73.82100
11356,40.78492,-73.84155
11357,40.78513,-73.81004
11358,40.76047,-73.79637
11359,40.79160,-73.77672
11360,40.78035,-73.78155
11361,40.76419,-73.77277
11362,40.75663,-73.73533
11363,40.77235,-73.74629
11364,40.74529,-73.76058
11365,40.73963,-73.79449
11366,40.72816,-73.78502
11367,40.73015,-73.82703
11368,40.74974,-73.85304
11369,40.76344,-73.87233
11370,40.76539,-73.89319
11371,40.77441,-73.87327
11372,40.75167,-73.88367
11373,40.73884,-73.87854
11374,40.72647,-73.86151
11375,40.72096,-73.84614
11377,40.74482,-73.90516
11378,40.72474,-73.90964
11379,40.71675,-73.87960
11385,40.70065,-73.88942
11411,40.69403,-73.73622
11412,40.69810,-73.75899
11413,40.67117,-73.75206
11414,40.65760,-73.84480
11415,40.70790,-73.82830
11416,40.68462,-73.84958
11417,40.67643,-73.84447
11418,40.70020,-73.83601
11419,40.68864,-73.82294
11420,40.67356,-73.81783
11421,40.69406,-73.85863
11422,40.66007,-73.73601
11423,40.71561,-73.76849
11424,40.71432,-73.82724
11425,40.60772,-74.02392
11426,40.73644,-73.72236
11427,40.73092,-73.74562
11428,40.72101,-73.74226
11429,40.70978,-73.73873
11430,40.64681,-73.78617
11432,40.71536,-73.79307
11433,40.69815,-73.78691
11434,40.67786,-73.77707
11435,40.70123,-73.80964
11436,40.67582,-73.79666
11451,40.70119,-73.79594
11501,40.74629,-73.63890
11507,40.77085,-73.65225
11509,40.58796,-73.72853
11510,40.65013,-73.60771
11514,40.74989,-73.61248
11516,40.62577,-73.72667
11518,40.63747,-73.66681
11520,40.64940,-73.58295
11530,40.72685,-73.63701
11542,40.87261,-73.62862
11545,40.82632,-73.58937
11547,40.83367,-73.64269
11548,40.81287,-73.62740
11549,40.71729,-73.60277
11550,40.70148,-73.62111
11552,40.69298,-73.65242
11553,40.70675,-73.59205
11554,40.72011,-73.55886
11556,40.71968,-73.58386
11557,40.63608,-73.69392
11558,40.60536,-73.64905
11559,40.60292,-73.71443
11560,40.88076,-73.58872
11561,40.58908,-73.64818
11563,40.65725,-73.67372
11565,40.67506,-73.67167
11566,40.66319,-73.55401
11568,40.78693,-73.59649
11569,40.58977,-73.58229
11570,40.66607,-73.63841
11572,40.63177,-73.63662
11575,40.68042,-73.58488
11576,40.79803,-73.64727
11577,40.78326,-73.63888
11579,40.84402,-73.64401
11580,40.67490,-73.70215
11581,40.65103,-73.71533
11590,40.75518,-73.57434
11596,40.75967,-73.64231
11598,40.63094,-73.71234
11691,40.60126,-73.76165
11692,40.59415,-73.79199
11693,40.59166,-73.80967
11694,40.57827,-73.84476
11697,40.55268,-73.92453
11701,40.68143,-73.41010
11702,40.65070,-73.26222
11703,40.73268,-73.32500
11704,40.71750,-73.35820
11705,40.74526,-73.05484
11706,40.72254,-73.25218
11709,40.90631,-73.55824
11710,40.67197,-73.53197
11713,40.77609,-72.94281
11714,40.74256,-73.48607
11715,40.75097,-73.03492
11716,40.77701,-73.13509
11717,40.78381,-73.25227
11718,40.71643,-73.26151
11719,40.78219,-72.91208
11720,40.87033,-73.08211
11721,40.90243,-73.37143
11722,40.78306,-73.19491
11724,40.86432,-73.45641
11725,40.84049,-73.28082
11726,40.67899,-73.39445
11727,40.88207,-73.00402
11729,40.76114,-73.32526
11730,40.71734,-73.17023
11731,40.86263,-73.31693
11732,40.84474,-73.53688
11733,40.94024,-73.11278
11735,40.73155,-73.43269
11738,40.83821,-73.03818
11739,40.73569,-73.16091
11740,40.86540,-73.36130
11741,40.79489,-73.07033
11742,40.81007,-73.04141
11743,40.88341,-73.42356
11746,40.81427,-73.36228
11747,40.78416,-73.40981
11749,40.80677,-73.17093
11751,40.73049,-73.21392
11752,40.75711,-73.17401
11753,40.78990,-73.54018
11754,40.88557,-73.24990
11755,40.85782,-73.11684
11756,40.72451,-73.51633
11757,40.68901,-73.37335
11758,40.66826,-73.45781
11762,40.68274,-73.44666
11763,40.82658,-72.98405
11764,40.92986,-72.97306
11765,40.88213,-73.55897
11766,40.93922,-73.01867
11767,40.84295,-73.14522
11768,40.92363,-73.33931
11769,40.73450,-73.12522
11770,40.64587,-73.15650
11771,40.87280,-73.52502
11772,40.76178,-72.98741
11776,40.91357,-73.04636
11777,40.95607,-73.06666
11778,40.94805,-72.93709
11779,40.81296,-73.11449
11780,40.91111,-73.17251
11782,40.73809,-73.08167
11783,40.67761,-73.49001
11784,40.86894,-73.04124
11786,40.95049,-72.88666
11787,40.85292,-73.21126
11788,40.81809,-73.21321
11789,40.96203,-72.97101
11790,40.90596,-73.12737
11791,40.82829,-73.50592
11792,40.95503,-72.82557
11793,40.65129,-73.51473
11794,40.91362,-73.12525
11795,40.70900,-73.29634
11796,40.73125,-73.09942
11797,40.82021,-73.47245
11798,40.75263,-73.37837
11801,40.76230,-73.52445
11803,40.78177,-73.47312
11804,40.75901,-73.45738
11901,40.92581,-72.64617
11930,40.98999,-72.09959
11931,40.93427,-72.61239
11932,40.93431,-72.30661
11933,40.94223,-72.76559
11934,40.79836,-72.79430
11935,41.02122,-72.48696
11937,41.01301,-72.16891
11939,41.13073,-72.32768
11940,40.81317,-72.75200
11941,40.83013,-72.72980
11942,40.85044,-72.58282
11944,41.10403,-72.37154
11946,40.87022,-72.52174
11947,40.95066,-72.57105
11948,40.96072,-72.54988
11949,40.86650,-72.80464
11950,40.80762,-72.84752
11951,40.76316,-72.83034
11952,41.00165,-72.54760
11953,40.89251,-72.95118
11954,41.04754,-71.94637
11955,40.81351,-72.82382
11956,40.96905,-72.46218
11957,41.20243,-72.11873
11958,41.03907,-72.46442
11959,40.82259,-72.60134
11960,40.81061,-72.70606
11961,40.90514,-72.88835
11962,40.93089,-72.26872
11963,40.99397,-72.32095
11964,41.04948,-72.30232
11965,41.08092,-72.29292
11967,40.79478,-72.87548
11968,40.90592,-72.41566
11970,40.93895,-72.57754
11971,41.06404,-72.43093
11972,40.84783,-72.70289
11973,40.86772,-72.88272
11975,40.94111,-72.24447
11976,40.92239,-72.35070
11977,40.82848,-72.67919
11978,40.82632,-72.64901
11980,40.83130,-72.92315
12007,42.45567,-73.92714
12008,42.85349,-73.90654
12009,42.69772,-74.03535
12010,42.93763,-74.17333
12015,42.29406,-73.82512
12017,42.32111,-73.45600
12018,42.62883,-73.52077
12019,42.93435,-73.88181
12020,43.00159,-73.86812
12022,42.65695,-73.33388
12023,42.59856,-74.18302
12024,42.47679,-73.53328
12025,43.08351,-74.13853
12027,42.93541,-73.90781
12028,42.93444,-73.44227
12029,42.41595,-73.42496
12031,42.76168,-74.44931
12032,43.14189,-74.52493
12033,42.54314,-73.70550
12035,42.73043,-74.35922
12036,42.54151,-74.67305
12037,42.34472,-73.56713
12040,42.63735,-73.35072
12041,42.57794,-73.95266
12042,42.41652,-73.93821
12043,42.69397,-74.53051
12045,42.48255,-73.80053
12046,42.50913,-73.91725
12047,42.78405,-73.72622
12051,42.34552,-73.84254
12052,42.75896,-73.48066
12053,42.75747,-74.19110
12054,42.60855,-73.86442
12056,42.76479,-74.09515
12057,42.96889,-73.34629
12058,42.34442,-73.91763
12059,42.61922,-74.06088
12060,42.41063,-73.50529
12061,42.59931,-73.65717
12062,42.53898,-73.50498
12063,42.56731,-73.63954
12064,42.61417,-74.65572
12065,42.85228,-73.78560
12066,42.79010,-74.35276
12067,42.55746,-73.92029
12068,42.95607,-74.40183
12069,42.94604,-74.27994
12070,42.98602,-74.26301
12071,42.55266,-74.42266
12072,42.88489,-74.35674
12074,43.05422,-74.03001
12075,42.29992,-73.63363
12076,42.41027,-74.39573
12077,42.58817,-73.77769
12078,43.13435,-74.33963
12083,42.42486,-74.02651
12084,42.70467,-73.89936
12085,42.70331,-73.96326
12086,43.00901,-74.08638
12087,42.43225,-73.89289
12089,42.86749,-73.31275
12090,42.87680,-73.35152
12092,42.69783,-74.37542
12093,42.49779,-74.62811
12094,42.89941,-73.49016
12095,43.02482,-74.40381
12106,42.38955,-73.71095
12108,43.57325,-74.45149
12110,42.75057,-73.77609
12115,42.47730,-73.57670
12116,42.53880,-74.91116
12117,43.16714,-74.26124
12118,42.91574,-73.71339
12120,42.44972,-74.14884
12121,42.83991,-73.60738
12122,42.54202,-74.32614
12123,42.54314,-73.60553
12124,42.45036,-73.79496
12125,42.48475,-73.39984
12130,42.44222,-73.65938
12131,42.45337,-74.46391
12132,42.47052,-73.63003
12134,43.26920,-74.22818
12136,42.42012,-73.56511
12137,42.86034,-74.13308
12138,42.74884,-73.37038
12139,43.50022,-74.57954
12140,42.69418,-73.55316
12143,42.49156,-73.84266
12144,42.62784,-73.71784
12147,42.51861,-74.15884
12148,42.82779,-73.84816
12149,42.61665,-74.56345
12150,42.88052,-74.05269
12151,42.92270,-73.78723
12153,42.63222,-73.47220
12154,42.93748,-73.60581
12155,42.59636,-74.82765
12156,42.48350,-73.74725
12157,42.66980,-74.28608
12158,42.54216,-73.82209
12159,42.65143,-73.88589
12160,42.76162,-74.38315
12161,42.53477,-73.85486
12164,43.57604,-74.35623
12165,42.30591,-73.50418
12166,42.83359,-74.44551
12167,42.42494,-74.57805
12168,42.56086,-73.38071
12169,42.59289,-73.44804
12170,43.00196,-73.66727
12172,42.28915,-73.73944
12173,42.38001,-73.75966
12174,42.35345,-73.72844
12175,42.54437,-74.55622
12176,42.38202,-73.98086
12177,42.95086,-74.28709
12180,42.74859,-73.59954
12182,42.80053,-73.62743
12183,42.74790,-73.69247
12184,42.41989,-73.65336
12185,42.86252,-73.55411
12186,42.63311,-73.97717
12187,42.61884,-74.46355
12188,42.82122,-73.69553
12189,42.73634,-73.71752
12190,43.47563,-74.28541
12192,42.40901,-73.82784
12193,42.52276,-74.04327
12194,42.52846,-74.44763
12195,42.48280,-73.47509
12196,42.63179,-73.61395
12197,42.61000,-74.72475
12198,42.67277,-73.63357
12202,42.63558,-73.75966
12203,42.68105,-73.84698
12204,42.69152,-73.73375
12205,42.71878,-73.82924
12206,42.67444,-73.78246
12207,42.65840,-73.74595
12208,42.65303,-73.80998
12209,42.63869,-73.79047
12210,42.65882,-73.75697
12211,42.70309,-73.76371
12222,42.68526,-73.82323
12302,42.87818,-73.98251
12303,42.74039,-73.90540
12304,42.77469,-73.89830
12305,42.81201,-73.95034
12306,42.80543,-74.04423
12307,42.80498,-73.93282
12308,42.82134,-73.92093
12309,42.79987,-73.86496
12401,41.98754,-74.01027
12404,41.81896,-74.23608
12405,42.31791,-74.08599
12406,42.08472,-74.52495
12407,42.31764,-74.35815
12409,42.04057,-74.18114
12410,42.06578,-74.42476
12411,41.87602,-74.04480
12412,42.01273,-74.27958
12413,42.31398,-74.02216
12414,42.23202,-73.91387
12416,42.10304,-74.28155
12417,41.90642,-73.99072
12418,42.35876,-74.16168
12419,41.86112,-74.10202
12420,41.67247,-74.37156
12421,42.25005,-74.54616
12422,42.39183,-74.21329
12423,42.37922,-74.10975
12424,42.24762,-74.11585
12427,42.13424,-74.13674
12428,41.74687,-74.46618
12429,41.83333,-73.98538
12430,42.19548,-74.50339
12431,42.36202,-74.02353
12432,42.04438,-73.94443
12433,42.00064,-74.15658
12434,42.36364,-74.50239
12435,41.73080,-74.51336
12436,42.19561,-74.07512
12438,42.20490,-74.60101
12439,42.27782,-74.21039
12440,41.78115,-74.17288
12441,42.13443,-74.50921
12442,42.21256,-74.23421
12443,41.93499,-74.08492
12444,42.26423,-74.29752
12446,41.80957,-74.32644
12448,42.08665,-74.16066
12449,41.99238,-73.99377
12450,42.13325,-74.24428
12451,42.30489,-73.94818
12452,42.25238,-74.36494
12453,42.09339,-73.93628
12454,42.27982,-74.14203
12455,42.14073,-74.65948
12456,42.03270,-73.99713
12457,42.04407,-74.25250
12458,41.82292,-74.43208
12459,42.24038,-74.67889
12460,42.41562,-74.14759
12461,41.90496,-74.26800
12463,42.20547,-74.02040
12464,42.03172,-74.33123
12465,42.15715,-74.46002
12466,41.90434,-73.97902
12468,42.30046,-74.42376
12469,42.44859,-74.24610
12470,42.30696,-74.10097
12471,41.84633,-74.03794
12472,41.84709,-74.07954
12473,42.25817,-74.04101
12474,42.32384,-74.58299
12475,42.01466,-74.01481
12477,42.09259,-73.98811
12480,42.13538,-74.39127
12481,41.98735,-74.22844
12482,42.26814,-73.95545
12483,41.67224,-74.42190
12484,41.86194,-74.17652
12485,42.20501,-74.14419
12486,41.83242,-74.06398
12487,41.86940,-73.99881
12489,41.75048,-74.35829
12490,42.12285,-73.92448
12491,41.96519,-74.14146
12492,42.18492,-74.33576
12493,41.78567,-73.97413
12494,41.95660,-74.29289
12495,42.08492,-74.24068
12496,42.33804,-74.27009
12498,42.04566,-74.10962
12501,41.86296,-73.57352
12502,42.08657,-73.66472
12503,42.03596,-73.58015
12504,42.03530,-73.91314
12507,42.00924,-73.91714
12508,41.49600,-73.95363
12512,41.54850,-73.96840
12513,42.21931,-73.72048
12514,41.87741,-73.76442
12515,41.68477,-74.06484
12516,42.10910,-73.56133
12517,42.11430,-73.50745
12518,41.41616,-74.04306
12520,41.42802,-73.99620
12521,42.17133,-73.65049
12522,41.71998,-73.59838
12523,42.08687,-73.75951
12524,41.52881,-73.88807
12525,41.69156,-74.18827
12526,42.12223,-73.85877
12527,41.51943,-73.93567
12528,41.72207,-74.00947
12529,42.19593,-73.54322
12530,42.20746,-73.68775
12531,41.54053,-73.67159
12533,41.55977,-73.78710
12534,42.21735,-73.75226
12538,41.79223,-73.89377
12540,41.67120,-73.72489
12542,41.61388,-74.01501
12543,41.49552,-74.17310
12545,41.78279,-73.66977
12546,41.94800,-73.52357
12547,41.66069,-73.98657
12548,41.65792,-74.10150
12549,41.52803,-74.25937
12550,41.53957,-74.05722
12553,41.45567,-74.07495
12561,41.75931,-74.09606
12563,41.49919,-73.58723
12564,41.58261,-73.58258
12565,42.24713,-73.64764
12566,41.63352,-74.31966
12567,41.98619,-73.64222
12569,41.73456,-73.79283
12570,41.62625,-73.67561
12571,42.00307,-73.80979
12572,41.92489,-73.86366
12574,41.91769,-73.94566
12575,41.46670,-74.17887
12577,41.42404,-74.12214
12578,41.80912,-73.79585
12580,41.86365,-73.87154
12581,41.90161,-73.70059
12582,41.54430,-73.73845
12583,42.06337,-73.86865
12585,41.72640,-73.69151
12586,41.56276,-74.17010
12589,41.62379,-74.15877
12590,41.59256,-73.88685
12592,41.80208,-73.57863
12594,41.68446,-73.55768
12601,41.70192,-73.91152
12603,41.67587,-73.86448
12604,41.68831,-73.89212
12701,41.65083,-74.69991
12719,41.49864,-74.90413
12720,41.64592,-74.90776
12721,41.58172,-74.42242
12722,41.59063,-74.37430
12723,41.75310,-74.98769
12724,41.83762,-74.95871
12725,41.98318,-74.57010
12726,41.70821,-75.01720
12729,41.47579,-74.62350
12732,41.55481,-74.87391
12733,41.72604,-74.61705
12734,41.73459,-74.75046
12736,41.85284,-75.02175
12737,41.50148,-74.79863
12738,41.67625,-74.58621
12740,41.93883,-74.43403
12741,41.83914,-75.07773
12742,41.72433,-74.72352
12743,41.54855,-74.83102
12745,41.78343,-75.02465
12746,41.45034,-74.66861
12747,41.75093,-74.69289
12748,41.77464,-74.92261
12749,41.69475,-74.83988
12750,41.72783,-74.96585
12751,41.69956,-74.66741
12752,41.68004,-74.99419
12754,41.79819,-74.73689
12758,41.94028,-74.73912
12759,41.78173,-74.65885
12760,41.90393,-75.10785
12762,41.66054,-74.79153
12763,41.67635,-74.52277
12764,41.59155,-74.99556
12765,41.85234,-74.62117
12766,41.81521,-74.97885
12767,41.83809,-74.99442
12768,41.86444,-74.73002
12769,41.65794,-74.46727
12770,41.44702,-74.84102
12771,41.37438,-74.62428
12775,41.61397,-74.59336
12776,41.96339,-74.95779
12777,41.56178,-74.70971
12778,41.64261,-74.81759
12779,41.70247,-74.63219
12780,41.44015,-74.72735
12781,41.61967,-74.46638
12783,41.73863,-74.83372
12784,41.66988,-74.63824
12785,41.53239,-74.56127
12786,41.63871,-74.85761
12787,41.79539,-74.84503
12788,41.78754,-74.58931
12789,41.70430,-74.57071
12790,41.59206,-74.51742
12791,41.81728,-74.89287
12792,41.51392,-74.95982
12801,43.31116,-73.64529
12803,43.29008,-73.62936
12804,43.34095,-73.68591
12808,43.75997,-73.71637
12809,43.23708,-73.45451
12810,43.49197,-73.98595
12811,43.60546,-74.02833
12812,43.87579,-74.38977
12814,43.63189,-73.63255
12815,43.69618,-73.66772
12816,43.04440,-73.38195
12817,43.63958,-73.82363
12819,43.59101,-73.46881
12821,43.45356,-73.41599
12822,43.22859,-73.92221
12823,43.17996,-73.40912
12824,43.52476,-73.72718
12827,43.44199,-73.53086
12828,43.25476,-73.55935
12831,43.19533,-73.69181
12832,43.35847,-73.33027
12833,43.15000,-73.84090
12834,43.09431,-73.50058
12835,43.33279,-74.00631
12836,43.71235,-73.60560
12837,43.47644,-73.25560
12838,43.32986,-73.40638
12839,43.35449,-73.55395
12841,43.60601,-73.53301
12842,43.73835,-74.36703
12843,43.56510,-73.97275
12844,43.48940,-73.62119
12845,43.42405,-73.71274
12846,43.34606,-73.78964
12847,44.00838,-74.60923
12849,43.44957,-73.29832
12850,43.10262,-73.98144
12851,43.84189,-74.03447
12852,43.93580,-74.16752
12853,43.66208,-74.06433
12855,44.02701,-73.75805
12856,43.66594,-74.14296
12857,43.81956,-73.89062
12858,43.90893,-73.67578
12859,43.17188,-73.92087
12860,43.75701,-73.84337
12861,43.74689,-73.41753
12862,43.68541,-73.91032
12863,43.06036,-73.93191
12864,43.72736,-74.30539
12865,43.21416,-73.34745
12866,43.07371,-73.74024
12870,43.83457,-73.76238
12871,43.08857,-73.61297
12872,43.87466,-73.73442
12873,43.11745,-73.31165
12874,43.69056,-73.54974
12878,43.41502,-74.02745
12883,43.83636,-73.55322
12884,43.08840,-73.59129
12885,43.52447,-73.80660
12886,43.67310,-73.93589
12887,43.53676,-73.36580
12901,44.70365,-73.47267
12903,44.68019,-73.44474
12910,44.85704,-73.60788
12911,44.52151,-73.46088
12912,44.48094,-73.77248
12913,44.43010,-74.00221
12914,44.92742,-74.60294
12916,44.83819,-74.52467
12917,44.92764,-74.17892
12918,44.70074,-73.67666
12919,44.96454,-73.44708
12920,44.88277,-74.06601
12921,44.88863,-73.44106
12922,44.28661,-74.70211
12923,44.96032,-73.93942
12924,44.48006,-73.58264
12926,44.95082,-74.32900
12927,44.20725,-74.80975
12928,43.96384,-73.58325
12929,44.72003,-73.71923
12930,44.72046,-74.54323
12932,44.21440,-73.60895
12933,44.89099,-73.84534
12934,44.86775,-73.88207
12935,44.84466,-73.79693
12936,44.28506,-73.40145
12937,44.95522,-74.48815
12939,44.43288,-74.16073
12941,44.34733,-73.70287
12942,44.23559,-73.82378
12943,44.12277,-73.88350
12944,44.43311,-73.53325
12945,44.30909,-74.24044
12946,44.20657,-74.04605
12950,44.31837,-73.58125
12952,44.70832,-73.90566
12953,44.74535,-74.26004
12955,44.80665,-73.97042
12956,44.09761,-73.48133
12957,44.84832,-74.57461
12958,44.96030,-73.57118
12959,44.95235,-73.71991
12960,44.01576,-73.57235
12961,44.05711,-73.54954
12962,44.70234,-73.60090
12964,44.12592,-73.62672
12965,44.70420,-74.68618
12966,44.79889,-74.41869
12967,44.77492,-74.65757
12969,44.71090,-74.09815
12970,44.47814,-74.30751
12972,44.55408,-73.56930
12973,44.28768,-74.59471
12974,44.06004,-73.46484
12975,44.52909,-73.43054
12976,44.50373,-74.23025
12977,44.27701,-74.07297
12978,44.61636,-73.80871
12979,44.99161,-73.37340
12980,44.56385,-74.52408
12981,44.62710,-73.84585
12983,44.30753,-74.14702
12985,44.56071,-73.73897
12986,44.23735,-74.47837
12987,44.32084,-73.75346
12989,44.52010,-74.06977
12992,44.81775,-73.51673
12993,44.21135,-73.47622
12996,44.35527,-73.44805
12997,44.37280,-73.89204
12998,44.07780,-73.57654
13020,42.81642,-76.07450
13021,42.92228,-76.55854
13024,42.93460,-76.57423
13026,42.74404,-76.65227
13027,43.16644,-76.36435
13028,43.30280,-75.93321
13029,43.22594,-76.15134
13030,43.15293,-75.96240
13031,43.04506,-76.30949
13032,43.08162,-75.76602
13033,43.18849,-76.56263
13034,42.95678,-76.70791
13035,42.94085,-75.83010
13036,43.30926,-76.16678
13037,43.06780,-75.85493
13039,43.17214,-76.05625
13040,42.55965,-75.93076
13041,43.19209,-76.19230
13042,43.26045,-75.85258
13044,43.29125,-75.99624
13045,42.57385,-76.20215
13051,42.87673,-75.90864
13052,42.71231,-75.86519
13053,42.47957,-76.26792
13054,43.16935,-75.66682
13057,43.10195,-76.03785
13060,43.02286,-76.41187
13061,42.87185,-75.76208
13062,42.48410,-76.38438
13063,42.84786,-75.97796
13064,43.32292,-76.71701
13066,43.03234,-76.00055
13068,42.49241,-76.35918
13069,43.32928,-76.38066
13071,42.67511,-76.54258
13072,42.76221,-75.76399
13073,42.58367,-76.38792
13074,43.31092,-76.54984
13076,43.35372,-76.14931
13077,42.72797,-76.21104
13078,42.95847,-76.06117
13080,43.09321,-76.48526
13081,42.67362,-76.62715
13082,43.10273,-75.95989
13083,43.64578,-75.98168
13084,42.88111,-76.12407
13087,42.70837,-76.15424
13088,43.11200,-76.18961
13090,43.15308,-76.21240
13092,42.65456,-76.41930
13101,42.58919,-76.05607
13102,42.55030,-76.29200
13103,43.32542,-76.10933
13104,42.96303,-75.94844
13108,42.96484,-76.33111
13110,42.89544,-76.28037
13111,43.25849,-76.61426
13112,43.10627,-76.41724
13113,43.16265,-76.53862
13114,43.46571,-76.24479
13115,43.39865,-76.47878
13116,43.07476,-76.00770
13117,43.00930,-76.70751
13118,42.75559,-76.38728
13120,42.93319,-76.17513
13122,42.83775,-75.86152
13123,43.23356,-75.76907
13124,42.66107,-75.82360
13126,43.43880,-76.45745
13131,43.42324,-76.09180
13132,43.27192,-76.25105
13134,42.96737,-75.68468
13135,43.25369,-76.31437
13136,42.61410,-75.84479
13138,42.89909,-76.01463
13140,43.06038,-76.65027
13141,42.75250,-76.18570
13142,43.55618,-76.13820
13143,43.23579,-76.71479
13144,43.56876,-75.97702
13145,43.64674,-76.11631
13146,43.08564,-76.75019
13147,42.77541,-76.56961
13148,42.91337,-76.78526
13152,42.89083,-76.37278
13153,42.99656,-76.45363
13155,42.67455,-75.77673
13156,43.32599,-76.66131
13157,43.20665,-75.72143
13158,42.69694,-75.95107
13159,42.80323,-76.11169
13160,42.82760,-76.64890
13162,43.18505,-75.71474
13163,43.08012,-75.71093
13164,43.09685,-76.31264
13165,42.91664,-76.88330
13166,43.07894,-76.56538
13167,43.32642,-76.06026
13202,43.04378,-76.15064
13203,43.06111,-76.13492
13204,43.05082,-76.17747
13205,43.00526,-76.14193
13206,43.07344,-76.10578
13207,43.01289,-76.16328
13208,43.07878,-76.14503
13209,43.06844,-76.22421
13210,43.03106,-76.12725
13211,43.10341,-76.11962
13212,43.12858,-76.12969
13214,43.04053,-76.07676
13215,42.98079,-76.22339
13219,43.04109,-76.22404
13224,43.03722,-76.10288
13290,43.06914,-76.17302
13301,43.41605,-75.21818
13302,43.49815,-75.96515
13303,43.36741,-75.46821
13304,43.24388,-75.16029
13305,43.89229,-75.42117
13308,43.25140,-75.65780
13309,43.45200,-75.35544
13310,42.88962,-75.57155
13312,43.69184,-75.20437
13313,42.88030,-75.27295
13314,42.81653,-75.31910
13315,42.74414,-75.14361
13316,43.41892,-75.73974
13317,42.85410,-74.59084
13318,42.92154,-75.26006
13319,43.02644,-75.26693
13320,42.77781,-74.74080
13321,43.08896,-75.37225
13322,42.95435,-75.20166
13323,43.03998,-75.37935
13324,43.32061,-74.96163
13325,43.57628,-75.52786
13326,42.72251,-74.89537
13327,43.97287,-75.26264
13328,42.98510,-75.42903
13329,43.10746,-74.70843
13331,43.86630,-74.88090
13332,42.76416,-75.58174
13333,42.83700,-74.81864
13334,42.82704,-75.65643
13335,42.70226,-75.24822
13337,42.75780,-74.99954
13338,43.52803,-74.98712
13339,42.93689,-74.65866
13340,43.06164,-75.12857
13341,43.03609,-75.39689
13342,42.65414,-75.19523
13343,43.75115,-75.30937
13345,43.68708,-75.32333
13346,42.81844,-75.54433
13348,42.70998,-75.06693
13350,43.06101,-75.00044
13352,43.31334,-75.11621
13353,43.44728,-74.69463
13354,43.26509,-75.26850
13355,42.80984,-75.43043
13357,42.97106,-75.08121
13360,43.72227,-74.71447
13361,42.90435,-74.86756
13362,42.98218,-75.52200
13363,43.32453,-75.51311
13364,42.80498,-75.26107
13365,43.12569,-74.85329
13367,43.75773,-75.53271
13368,43.63851,-75.28655
13402,42.89243,-75.50063
13403,43.16453,-75.26765
13404,43.73638,-75.47176
13406,43.13451,-74.92489
13407,42.96880,-74.95058
13408,42.92295,-75.67675
13409,42.97648,-75.59511
13410,42.93104,-74.61259
13411,42.63379,-75.30646
13413,43.06041,-75.27940
13415,42.59649,-75.19847
13416,43.18737,-74.97066
13417,43.10094,-75.29381
13418,42.84570,-75.38046
13420,43.71822,-74.98372
13421,43.06191,-75.66009
13424,43.15237,-75.36522
13425,42.96479,-75.48706
13428,42.91509,-74.54625
13431,43.20908,-75.07333
13433,43.59491,-75.24887
13435,43.30498,-75.15077
13436,43.81102,-74.66623
13437,43.58032,-75.80384
13438,43.35414,-75.15961
13439,42.85738,-74.99549
13440,43.21577,-75.46178
13441,43.22637,-75.40824
13450,42.70193,-74.81030
13452,43.04306,-74.63047
13454,43.23725,-74.74576
13456,43.00003,-75.25549
13459,42.77501,-74.58868
13460,42.68771,-75.44229
13461,43.07047,-75.59913
13464,42.68797,-75.61579
13468,42.84803,-74.85189
13469,43.21483,-75.30237
13470,43.20957,-74.60999
13471,43.35760,-75.57740
13472,43.69741,-75.06786
13473,43.64645,-75.44343
13475,42.89374,-74.83053
13476,43.08750,-75.50951
13477,43.03289,-75.51295
13478,43.14401,-75.58190
13480,42.91785,-75.36317
13483,43.39740,-75.82600
13484,42.86633,-75.65919
13485,42.78753,-75.31522
13486,43.34515,-75.34460
13488,42.68864,-74.75059
13489,43.46077,-75.55246
13490,43.11008,-75.42651
13491,42.86413,-75.16813
13492,43.11460,-75.33768
13493,43.43284,-75.89751
13494,43.53253,-75.14129
13495,43.11089,-75.27750
13501,43.08128,-75.22583
13502,43.14126,-75.15471
13601,43.96889,-75.90650
13602,44.06462,-75.78109
13603,44.03597,-75.79381
13605,43.80738,-76.05012
13606,43.87258,-76.01474
13607,44.29756,-75.93762
13608,44.26094,-75.61370
13612,43.98524,-75.76937
13613,44.87061,-74.75044
13614,44.53089,-75.69117
13615,44.04581,-75.98796
13616,44.03008,-75.85757
13617,44.58053,-75.14277
13618,44.11477,-76.29098
13619,43.97895,-75.60098
13620,43.90878,-75.44832
13621,44.83425,-75.08009
13622,44.10067,-76.10700
13623,44.44979,-75.75246
13624,44.20948,-76.09306
13625,44.53810,-74.92838
13626,43.83009,-75.73477
13628,44.03054,-75.68239
13630,44.49862,-75.31153
13633,44.49743,-75.45599
13634,44.01515,-76.07166
13635,44.28695,-75.28142
13636,43.74344,-76.11655
13637,44.10620,-75.81832
13638,44.01996,-75.74823
13639,44.26368,-75.15053
13640,44.30350,-76.02811
13641,44.27380,-76.00335
13642,44.33539,-75.45588
13643,44.03181,-75.71709
13646,44.44608,-75.67420
13647,44.60587,-74.98058
13648,44.15062,-75.31821
13650,43.81131,-76.21610
13651,43.86616,-76.17697
13652,44.43266,-75.18677
13654,44.57714,-75.43685
13655,44.98186,-74.65015
13656,44.19326,-75.95464
13658,44.74778,-75.27120
13659,43.73801,-75.86338
13660,44.77387,-75.16096
13661,43.70962,-76.09840
13662,44.93370,-74.88330
13664,44.58401,-75.64546
13665,44.04846,-75.43437
13666,44.21849,-74.92608
13667,44.83727,-74.96010
13668,44.75482,-74.98631
13669,44.66812,-75.48311
13670,44.16738,-75.11674
13672,44.47054,-74.66071
13673,44.16435,-75.71803
13674,43.73856,-76.04818
13675,44.28172,-75.84629
13676,44.65496,-74.92622
13677,44.51489,-75.18160
13678,44.81377,-74.99292
13679,44.32389,-75.76907
13680,44.59597,-75.32346
13681,44.42805,-75.37315
13682,43.84331,-75.90190
13684,44.35660,-75.01314
13685,43.92547,-76.08553
13687,44.43902,-74.83818
13690,44.09746,-75.00765
13691,44.23156,-75.77054
13692,44.28879,-76.02629
13693,43.98575,-76.24611
13694,44.86893,-75.13424
13695,44.10293,-74.92226
13696,44.69474,-74.88805
13697,44.75471,-74.81035
13730,42.22374,-75.53219
13731,42.12963,-74.78780
13732,42.04945,-76.16754
13733,42.30181,-75.47976
13734,42.06996,-76.40965
13736,42.32408,-76.20204
13739,42.34912,-74.78915
13740,42.27381,-74.75700
13743,42.21189,-76.33822
13744,42.24349,-75.90800
13746,42.26882,-75.88275
13748,42.04257,-75.82251
13750,42.47101,-74.85791
13751,42.45445,-74.90181
13752,42.19053,-74.89700
13753,42.30696,-74.92691
13754,42.08846,-75.44794
13755,42.05524,-74.96692
13756,42.00410,-75.10067
13757,42.41061,-74.89123
13760,42.13333,-76.08462
13774,41.96012,-75.14938
13775,42.32791,-75.13402
13776,42.47038,-75.33197
13777,42.25817,-75.98959
13778,42.35921,-75.75950
13780,42.42249,-75.47658
13782,42.17012,-74.99125
13783,41.99366,-75.26601
13784,42.42688,-76.22134
13786,42.44098,-74.69394
13787,42.21840,-75.67670
13788,42.33901,-74.66626
13790,42.16536,-76.00194
13794,42.39324,-76.01372
13795,42.05647,-75.77923
13796,42.55719,-75.13213
13797,42.33367,-76.04040
13801,42.50509,-75.77697
13802,42.24213,-76.04127
13803,42.45688,-76.06712
13804,42.22572,-75.38422
13806,42.37911,-74.95724
13807,42.60747,-74.98824
13808,42.52523,-75.26220
13809,42.40381,-75.39554
13810,42.60682,-75.10836
13811,42.23493,-76.16405
13812,42.03006,-76.35475
13813,42.16371,-75.55133
13815,42.54787,-75.53086
13820,42.48341,-75.03689
13825,42.43558,-75.20455
13826,42.09982,-75.63880
13827,42.11783,-76.24917
13830,42.43769,-75.62736
13832,42.65813,-75.67222
13833,42.19821,-75.76863
13834,42.53041,-74.96470
13835,42.38321,-76.17900
13838,42.28510,-75.38813
13839,42.26204,-75.25205
13841,42.40722,-75.84083
13842,42.37670,-74.72361
13843,42.50303,-75.38247
13844,42.60818,-75.66832
13845,42.05343,-76.35492
13846,42.36377,-75.05480
13847,42.18609,-75.29102
13849,42.35010,-75.30932
13850,42.04939,-76.01759
13856,42.17104,-75.18332
13859,42.37269,-75.24516
13860,42.45143,-74.93500
13861,42.50704,-75.15523
13862,42.33092,-75.93112
13863,42.45549,-75.89892
13864,42.27497,-76.39048
13865,42.03306,-75.61721
13901,42.18320,-75.87605
13902,42.08882,-75.96888
13903,42.04187,-75.88908
13904,42.13412,-75.82021
13905,42.17044,-75.94343
14001,43.03657,-78.51083
14004,42.89138,-78.50370
14005,42.92059,-78.25007
14006,42.63313,-79.02174
14008,43.31273,-78.62317
14009,42.59315,-78.39746
14011,42.83067,-78.29971
14012,43.33217,-78.53262
14013,43.08629,-78.39775
14020,42.99619,-78.21341
14024,42.58136,-78.24547
14025,42.62221,-78.72703
14026,42.94236,-78.68797
14028,43.31804,-78.71762
14030,42.56439,-78.50762
14031,42.98313,-78.61426
14032,43.04673,-78.63078
14033,42.65438,-78.69212
14034,42.50057,-78.86538
14035,42.49078,-78.84839
14036,42.97385,-78.38953
14037,42.80279,-78.45333
14039,42.85148,-78.17310
14040,42.89087,-78.37663
14041,42.40039,-78.97665
14042,42.47556,-78.48881
14043,42.90196,-78.70342
14047,42.68737,-78.98664
14048,42.48436,-79.31700
14051,43.04284,-78.69941
14052,42.77253,-78.58432
14054,42.91959,-78.12680
14055,42.56288,-78.60013
14057,42.64657,-78.87478
14058,43.10205,-78.16886
14059,42.83355,-78.63405
14060,42.45016,-78.29647
14061,42.59388,-79.07930
14062,42.43850,-79.14313
14063,42.40869,-79.33130
14065,42.48490,-78.31281
14066,42.62905,-78.18554
14067,43.21320,-78.56840
14068,43.02739,-78.75667
14069,42.61522,-78.64293
14070,42.41966,-78.91773
14072,43.01790,-78.96266
14075,42.71266,-78.83471
14080,42.64832,-78.54831
14081,42.56320,-79.06783
14082,42.65656,-78.38518
14085,42.71429,-78.92767
14086,42.90906,-78.62927
14091,42.53823,-78.89301
14092,43.17325,-78.99307
14094,43.15776,-78.70199
14098,43.33437,-78.38062
14101,42.39265,-78.53820
14102,42.83703,-78.55773
14103,43.21116,-78.37677
14105,43.19917,-78.48390
14108,43.26334,-78.72695
14109,43.13795,-79.03413
14111,42.58026,-78.90469
14112,42.69796,-78.93995
14113,42.67158,-78.33993
14120,43.07918,-78.84278
14125,43.08492,-78.27461
14126,43.33588,-78.72858
14127,42.75280,-78.73970
14129,42.48118,-79.01738
14130,42.55598,-78.14765
14131,43.23860,-78.89982
14132,43.14933,-78.87773
14134,42.52769,-78.52398
14135,42.48769,-79.24090
14136,42.51738,-79.17500
14138,42.37951,-79.03666
14139,42.71840,-78.54140
14141,42.52497,-78.71208
14143,42.97227,-78.06425
14145,42.72961,-78.43433
14150,42.99808,-78.87826
14167,42.74841,-78.32300
14168,42.52038,-78.99054
14169,42.76614,-78.52370
14170,42.70025,-78.67431
14171,42.42467,-78.64983
14172,43.27267,-78.81294
14173,42.52597,-78.47310
14174,43.24914,-78.99832
14201,42.89606,-78.88642
14202,42.88149,-78.87748
14203,42.86889,-78.86967
14204,42.88213,-78.86132
14206,42.88008,-78.81047
14207,42.95193,-78.89888
14208,42.91589,-78.85310
14209,42.91395,-78.86602
14210,42.86266,-78.82877
14211,42.90673,-78.81989
14212,42.89421,-78.82017
14213,42.91810,-78.89241
14214,42.93958,-78.84079
14215,42.93534,-78.81068
14216,42.94962,-78.86112
14217,42.97188,-78.87687
14218,42.81937,-78.83095
14219,42.78867,-78.82643
14220,42.84574,-78.82208
14221,42.98448,-78.72276
14222,42.91983,-78.87692
14223,42.97345,-78.84620
14224,42.83776,-78.74782
14225,42.92895,-78.75027
14226,42.97101,-78.79645
14227,42.88706,-78.73783
14228,43.04437,-78.77733
14261,43.00777,-78.79157
14301,43.09582,-79.04041
14302,43.09390,-79.04919
14303,43.08498,-79.03840
14304,43.09941,-78.95198
14305,43.12283,-79.02322
14411,43.23597,-78.21648
14414,42.89096,-77.74376
14415,42.75550,-77.01708
14416,43.08269,-77.98011
14418,42.60443,-77.21643
14420,43.21174,-77.93456
14422,43.08476,-78.06696
14423,42.93395,-77.82110
14424,42.85636,-77.30350
14425,42.99151,-77.33802
14427,42.62157,-78.05406
14428,43.08052,-77.85357
14432,42.95739,-77.14352
14433,43.08213,-76.87760
14435,42.71255,-77.66331
14437,42.57014,-77.73376
14441,42.68461,-76.95760
14445,43.11306,-77.49031
14450,43.09244,-77.42034
14454,42.79777,-77.77464
14456,42.84770,-76.99897
14462,42.68653,-77.75111
14464,43.32758,-77.93230
14466,42.77652,-77.58104
14467,43.03637,-77.61205
14468,43.29396,-77.80205
14469,42.87792,-77.47101
14470,43.20521,-78.05769
14471,42.75376,-77.49219
14472,42.96682,-77.57513
14475,42.93782,-77.49830
14476,43.32938,-78.04280
14477,43.33313,-78.14039
14478,42.57782,-77.12632
14479,43.23626,-78.31378
14480,42.83848,-77.71034
14481,42.76179,-77.92145
14482,42.97890,-77.97153
14485,42.88264,-77.60103
14486,42.89428,-77.92159
14487,42.81176,-77.63601
14489,43.08984,-76.99432
14502,43.09659,-77.33539
14504,42.96901,-77.23152
14505,43.15942,-77.16896
14506,43.00551,-77.51666
14507,42.68492,-77.25489
14510,42.68301,-77.86901
14511,42.99937,-77.89179
14512,42.64522,-77.39977
14513,43.08631,-77.09212
14514,43.10991,-77.81499
14516,43.20133,-76.91934
14517,42.59243,-77.89585
14519,43.23397,-77.31463
14521,42.67664,-76.80500
14522,43.06142,-77.22040
14525,42.87751,-78.01335
14526,43.15146,-77.44440
14527,42.66551,-77.06631
14529,42.53998,-77.63810
14530,42.73991,-77.99875
14532,42.96410,-77.03209
14533,42.83881,-77.88875
14534,43.05689,-77.52104
14536,42.54398,-78.08367
14537,43.03581,-77.16320
14539,42.83450,-77.87475
14541,42.76506,-76.84897
14542,43.14733,-76.86012
14543,42.98383,-77.67853
14544,42.75625,-77.24374
14545,42.66486,-77.70101
14546,43.03273,-77.78011
14548,42.97607,-77.24387
14549,42.70003,-78.01727
14550,42.67990,-78.09349
14551,43.21811,-77.04940
14555,43.26698,-76.97532
14559,43.18998,-77.81905
14560,42.68343,-77.56590
14561,42.82044,-77.13177
14564,42.98673,-77.43444
14568,43.14383,-77.28640
14569,42.73522,-78.17109
14571,43.34165,-78.25174
14572,42.56493,-77.56260
14580,43.21728,-77.44453
14585,42.90626,-77.55315
14586,43.04167,-77.68990
14588,42.68099,-76.87080
14589,43.24942,-77.17426
14590,43.24255,-76.82624
14591,42.83208,-78.10739
14592,42.87224,-77.89589
14604,43.15670,-77.60525
14605,43.16843,-77.60264
14606,43.17105,-77.69795
14607,43.15078,-77.58643
14608,43.15410,-77.62293
14609,43.17709,-77.55487
14610,43.14236,-77.54537
14611,43.14832,-77.64699
14612,43.26633,-77.67670
14613,43.18217,-77.64017
14614,43.15744,-77.61535
14615,43.20121,-77.65475
14616,43.23463,-77.65766
14617,43.22550,-77.59353
14618,43.11454,-77.55498
14619,43.13646,-77.64948
14620,43.12829,-77.60581
14621,43.18994,-77.60365
14622,43.21486,-77.55235
14623,43.08735,-77.64186
14624,43.12830,-77.73141
14625,43.15004,-77.50553
14626,43.21373,-77.71229
14627,43.12866,-77.62915
14701,42.08016,-79.25671
14706,42.11325,-78.53315
14707,42.07734,-78.06052
14708,42.01922,-78.06362
14709,42.35649,-77.98206
14710,42.08790,-79.41985
14711,42.32673,-78.11942
14712,42.18375,-79.36192
14714,42.29673,-78.23363
14715,42.07653,-78.14475
14716,42.39064,-79.44504
14717,42.36183,-78.17953
14718,42.34588,-79.28760
14719,42.34196,-78.87595
14720,42.10859,-79.28120
14721,42.01392,-78.26644
14722,42.20950,-79.46835
14723,42.31762,-79.15712
14724,42.04633,-79.66983
14726,42.25359,-79.02028
14727,42.20688,-78.29729
14728,42.26335,-79.42316
14729,42.40838,-78.74358
14731,42.30735,-78.65550
14732,42.23186,-79.11641
14733,42.16022,-79.17214
14735,42.45269,-78.09617
14736,42.14081,-79.74612
14737,42.32905,-78.42861
14738,42.05501,-79.08454
14739,42.19260,-78.14629
14740,42.22320,-79.18143
14741,42.21997,-78.61162
14742,42.12010,-79.30687
14743,42.21187,-78.39601
14744,42.42810,-78.20665
14747,42.15371,-79.09452
14748,42.15711,-78.64307
14750,42.07975,-79.32925
14752,42.35172,-79.31986
14753,42.03603,-78.66437
14754,42.02191,-78.20157
14755,42.23376,-78.80460
14756,42.19804,-79.42127
14757,42.23751,-79.50529
14760,42.07444,-78.41339
14767,42.05735,-79.51413
14769,42.36793,-79.47232
14770,42.03793,-78.30030
14772,42.15747,-78.95262
14774,42.08837,-78.14909
14775,42.22875,-79.69993
14777,42.38608,-78.27377
14778,42.07758,-78.48324
14779,42.08123,-78.77799
14781,42.16163,-79.60135
14782,42.26553,-79.26381
14783,42.08211,-78.88735
14784,42.31114,-79.38537
14787,42.31617,-79.57256
14788,42.06199,-78.38011
14801,42.10406,-77.29297
14802,42.25337,-77.78930
14803,42.27342,-77.74530
14804,42.31726,-77.84794
14805,42.35011,-76.71937
14806,42.17150,-77.77256
14807,42.42100,-77.71135
14808,42.55964,-77.46686
14809,42.42432,-77.44876
14810,42.34975,-77.34338
14812,42.30073,-77.00525
14813,42.25265,-77.99510
14814,42.15564,-76.95930
14815,42.37429,-77.08679
14816,42.19773,-76.73560
14817,42.35762,-76.33517
14818,42.45493,-76.81893
14819,42.22419,-77.44194
14820,42.19328,-77.35990
14821,42.24157,-77.21925
14822,42.42462,-77.85093
14823,42.24210,-77.52948
14824,42.25979,-76.69953
14825,42.05630,-76.61819
14826,42.49146,-77.49779
14827,42.18065,-77.14289
14830,42.12812,-77.03198
14836,42.53301,-77.86975
14837,42.49067,-77.02611
14838,42.18813,-76.66235
14839,42.11944,-77.64097
14840,42.44165,-77.19440
14841,42.52534,-76.84091
14842,42.60062,-76.98146
14843,42.32008,-77.64634
14845,42.21584,-76.83410
14846,42.53209,-78.00156
14847,42.60849,-76.73424
14850,42.43216,-76.49704
14853,42.44906,-76.47754
14854,42.50580,-76.61477
14855,42.14570,-77.49740
14856,42.37672,-77.36651
14858,42.02979,-77.13496
14859,42.11484,-76.53814
14860,42.59192,-76.83143
14861,42.08821,-76.68624
14864,42.27542,-76.84092
14865,42.34818,-76.83397
14867,42.34315,-76.61809
14869,42.36232,-76.76896
14870,42.16038,-77.12761
14871,42.03959,-76.91135
14872,42.24134,-76.87080
14873,42.52291,-77.29836
14874,42.53018,-77.17549
14877,42.05779,-77.68031
14878,42.45026,-76.94340
14879,42.32195,-77.18716
14880,42.17751,-77.97061
14881,42.39992,-76.35888
14882,42.57958,-76.55371
14883,42.23768,-76.47558
14884,42.47952,-77.89385
14885,42.04652,-77.57034
14886,42.50575,-76.68498
14889,42.23419,-76.57911
14891,42.37732,-76.94502
14892,42.04603,-76.52911
14893,42.46771,-77.10772
14894,42.01907,-76.77708
14895,42.08144,-77.94092
14897,42.02070,-77.79264
14898,42.05336,-77.42950
14901,42.08765,-76.74694
14903,42.13163,-76.87185
14904,42.07038,-76.80065
14905,42.08772,-76.84328
15001,40.59536,-80.32283
15003,40.60364,-80.21643
15004,40.34510,-80.38130
15005,40.64366,-80.18630
15006,40.63359,-79.87689
15007,40.65228,-79.93169
15009,40.69791,-80.36528
15010,40.77086,-80.35142
15012,40.15552,-79.81298
15014,40.60798,-79.74002
15015,40.63725,-80.08110
15017,40.34237,-80.12222
15018,40.26157,-79.78966
15019,40.40697,-80.32857
15020,40.23341,-79.95030
15021,40.38856,-80.44153
15022,40.12491,-79.93933
15024,40.58497,-79.84731
15025,40.29781,-79.92330
15026,40.50499,-80.35395
15027,40.66634,-80.24018
15028,40.30288,-79.80256
15030,40.59231,-79.78310
15031,40.34822,-80.16115
15033,40.17910,-79.86471
15034,40.35065,-79.89018
15035,40.38482,-79.80743
15037,40.25804,-79.85259
15038,40.25021,-79.92604
15042,40.69031,-80.20482
15043,40.55170,-80.48786
15044,40.63799,-79.94793
15045,40.32581,-79.88599
15046,40.55565,-80.22856
15047,40.31891,-79.80800
15049,40.55611,-79.80557
15050,40.56346,-80.43479
15051,40.56246,-79.86702
15052,40.65873,-80.43074
15053,40.38100,-80.35989
15054,40.36238,-80.40768
15055,40.30629,-80.12352
15056,40.56389,-80.21601
15057,40.35866,-80.24390
15059,40.67792,-80.48555
15060,40.36685,-80.29213
15061,40.65990,-80.31971
15062,40.14855,-79.87820
15063,40.19117,-79.92248
15064,40.35634,-80.14993
15065,40.64417,-79.72540
15066,40.74707,-80.25614
15067,40.20727,-79.96243
15068,40.55718,-79.72582
15071,40.41211,-80.18779
15072,40.13925,-79.85633
15074,40.73403,-80.20835
15075,40.58604,-79.82691
15076,40.60744,-79.83471
15077,40.62513,-80.41589
15078,40.35592,-80.38498
15081,40.57507,-80.23610
15082,40.37779,-80.21295
15083,40.25966,-79.78620
15084,40.62859,-79.80326
15085,40.38571,-79.72245
15086,40.67495,-80.10618
15087,40.19012,-79.85221
15088,40.27215,-79.89618
15089,40.22523,-79.74881
15090,40.62503,-80.06707
15101,40.58033,-79.95524
15102,40.32129,-80.03661
15104,40.40404,-79.86240
15106,40.41012,-80.11421
15108,40.50047,-80.20180
15110,40.37346,-79.85016
15112,40.40447,-79.83771
15116,40.52603,-79.93223
15120,40.39587,-79.90751
15122,40.36121,-79.89564
15126,40.46254,-80.28435
15129,40.29315,-79.99605
15131,40.33879,-79.79607
15132,40.33977,-79.84278
15133,40.32670,-79.86680
15135,40.31084,-79.81289
15136,40.46347,-80.10669
15137,40.37574,-79.80876
15139,40.52282,-79.83625
15140,40.40777,-79.77635
15142,40.38206,-80.11868
15143,40.56814,-80.14681
15144,40.54805,-79.77795
15145,40.41526,-79.82408
15146,40.42632,-79.76138
15147,40.49743,-79.83110
15148,40.39346,-79.79514
15201,40.47441,-79.95097
15202,40.50497,-80.06782
15203,40.42621,-79.97567
15204,40.45687,-80.06063
15205,40.43808,-80.09909
15206,40.47227,-79.91316
15207,40.40321,-79.92891
15208,40.45319,-79.89949
15209,40.49885,-79.96972
15210,40.40695,-79.98500
15211,40.43032,-80.01562
15212,40.45654,-79.99111
15213,40.44404,-79.95525
15214,40.48656,-80.01395
15215,40.50139,-79.91267
15216,40.40263,-80.03485
15217,40.43082,-79.92009
15218,40.42361,-79.88980
15219,40.44318,-79.98306
15220,40.41951,-80.04777
15221,40.43579,-79.86427
15222,40.44769,-79.99344
15223,40.50519,-79.95241
15224,40.46423,-79.94480
15225,40.50668,-80.11384
15226,40.39505,-80.01395
15227,40.37571,-79.97058
15228,40.37067,-80.04413
15229,40.52035,-80.03705
15232,40.45252,-79.93194
15233,40.46086,-80.03492
15234,40.36814,-80.01779
15235,40.45978,-79.82242
15236,40.34742,-79.97547
15237,40.54989,-80.04388
15238,40.53791,-79.87942
15239,40.48369,-79.73806
15241,40.33302,-80.08245
15243,40.37650,-80.07139
15260,40.44391,-79.95326
15290,40.45733,-80.01929
15301,40.15357,-80.25341
15310,39.79272,-80.48220
15311,40.04591,-80.18393
15312,40.25153,-80.44070
15313,40.06796,-80.02371
15314,40.14631,-80.01681
15315,39.75809,-79.98278
15316,39.72420,-80.25241
15317,40.27632,-80.17166
15320,39.87624,-79.99027
15321,40.32340,-80.18786
15322,39.98823,-80.05328
15323,40.11225,-80.40566
15324,40.10078,-80.06571
15325,39.94943,-79.96337
15327,39.74486,-79.96082
15329,40.02772,-80.27993
15330,40.17937,-80.08997
15331,40.10534,-80.02261
15332,40.24021,-79.99348
15333,40.03079,-80.01321
15334,39.80831,-79.96793
15337,39.95216,-80.37819
15338,39.78626,-80.00214
15340,40.28323,-80.31749
15341,39.82420,-80.34386
15342,40.24423,-80.22119
15344,39.91575,-80.06142
15345,40.02262,-80.10505
15346,39.93543,-80.07535
15347,40.22032,-80.22110
15348,39.98573,-79.99620
15349,39.76240,-80.09392
15350,40.29331,-80.20081
15351,39.88432,-79.93013
15352,39.75211,-80.38332
15353,39.96212,-80.31095
15357,39.94161,-79.98041
15358,40.05539,-80.00301
15359,39.87649,-80.27577
15360,40.08491,-80.08238
15361,40.32901,-80.25841
15362,39.77247,-80.21393
15363,40.25180,-80.19805
15364,39.94632,-80.30478
15366,40.15955,-79.97303
15367,40.26109,-80.05567
15368,40.01387,-79.98928
15370,39.88061,-80.17120
15376,40.10888,-80.47905
15377,39.98853,-80.44903
15378,40.27838,-80.27508
15379,40.24319,-80.42518
15380,39.86756,-80.46712
15401,39.89990,-79.74567
15410,39.90846,-79.90604
15411,39.74867,-79.34718
15412,40.08881,-79.85940
15413,39.98528,-79.87109
15417,40.00863,-79.91824
15419,40.04543,-79.89570
15420,39.96115,-79.86433
15421,39.84585,-79.59720
15422,39.98118,-79.81159
15423,40.08991,-79.93252
15424,39.81949,-79.35922
15425,40.02973,-79.54882
15427,40.06995,-79.97481
15428,40.08427,-79.68203
15429,40.00285,-79.93828
15430,40.03942,-79.65437
15431,39.94985,-79.59634
15432,40.11385,-79.85990
15433,39.98268,-79.94873
15434,40.08187,-79.88739
15435,39.94276,-79.84913
15436,39.81781,-79.72478
15437,39.78020,-79.61214
15438,40.07289,-79.85929
15440,39.73527,-79.61694
15442,40.01917,-79.83979
15443,39.91967,-79.88075
15444,40.01198,-79.90879
15445,39.87611,-79.66785
15446,40.03098,-79.40299
15447,39.94382,-79.93689
15448,40.13605,-79.73253
15449,39.96433,-79.78336
15450,40.00105,-79.97425
15451,39.73689,-79.83578
15454,39.86315,-79.87184
15455,40.00330,-79.64228
15456,39.92665,-79.65210
15458,39.89012,-79.85119
15459,39.78097,-79.48550
15460,39.80797,-79.90717
15461,39.84268,-79.89996
15462,40.06430,-79.37870
15463,39.96556,-79.89983
15464,39.93014,-79.43620
15466,40.07461,-79.89180
15467,39.78480,-79.92607
15468,39.95011,-79.83257
15469,40.00982,-79.41840
15470,39.86715,-79.53202
15472,39.91937,-79.71685
15473,40.07505,-79.76788
15474,39.75139,-79.89349
15475,39.95165,-79.87754
15476,39.86973,-79.92061
15477,40.07820,-79.86397
15478,39.78746,-79.80466
15479,40.15124,-79.70754
15480,39.98561,-79.77356
15482,40.06074,-79.76572
15483,40.08308,-79.85079
15484,39.89261,-79.78400
15486,40.02589,-79.71116
15489,39.96638,-79.69606
15490,40.07238,-79.45449
15492,40.11830,-79.76430
15501,40.03974,-79.12982
15502,40.03396,-79.23709
15510,39.96697,-79.04004
15520,40.10637,-79.06054
15521,40.20804,-78.63035
15522,39.94173,-78.54841
15530,39.94081,-78.92403
15531,40.18394,-79.08210
15532,39.76203,-79.06080
15533,39.98185,-78.24193
15534,39.89926,-78.69120
15535,39.82118,-78.44417
15536,39.95455,-78.20355
15537,40.00039,-78.36684
15538,39.86371,-78.83446
15539,40.12841,-78.59138
15540,39.79744,-79.23927
15541,40.04388,-78.97139
15542,39.87569,-79.07154
15544,40.13564,-79.09344
15545,39.80216,-78.75246
15546,40.13662,-79.04799
15547,40.16215,-79.07171
15550,39.97825,-78.64962
15551,39.86815,-79.28480
15552,39.79247,-78.99171
15554,40.12292,-78.62179
15555,40.09241,-79.08225
15557,39.92766,-79.21837
15558,39.74842,-79.11036
15559,40.06025,-78.69106
15560,40.01656,-78.90714
15561,40.09560,-79.08767
15562,39.73953,-79.13456
15563,40.09757,-78.92892
15564,39.73001,-78.83780
15601,40.31498,-79.53480
15610,40.14696,-79.41720
15611,40.30651,-79.65264
15612,40.13735,-79.59972
15613,40.54658,-79.56166
15615,40.36531,-79.73416
15616,40.22718,-79.56195
15617,40.26818,-79.65537
15618,40.57103,-79.43987
15620,40.32355,-79.33869
15621,40.21386,-79.48346
15622,40.04959,-79.32922
15623,40.36720,-79.62034
15624,40.36487,-79.47020
15625,40.26951,-79.67975
15626,40.40699,-79.57616
15627,40.35164,-79.30255
15628,40.10055,-79.37337
15629,40.59744,-79.56291
15631,40.08748,-79.58535
15632,40.43915,-79.60012
15633,40.35732,-79.52391
15634,40.32395,-79.60492
15635,40.34790,-79.50156
15636,40.36547,-79.65708
15637,40.26496,-79.71182
15638,40.26432,-79.39896
15639,40.20359,-79.59382
15640,40.22463,-79.72926
15641,40.63164,-79.58933
15642,40.31928,-79.72370
15644,40.34738,-79.61124
15646,40.08217,-79.32649
15647,40.34250,-79.72920
15650,40.27718,-79.39291
15655,40.19014,-79.16013
15656,40.65690,-79.62901
15658,40.24783,-79.23068
15660,40.24460,-79.77439
15661,40.32217,-79.36013
15662,40.33432,-79.47834
15663,40.25185,-79.67927
15665,40.33950,-79.66085
15666,40.16102,-79.50981
15668,40.46056,-79.67001
15670,40.40727,-79.44369
15671,40.35629,-79.32180
15672,40.24379,-79.62159
15673,40.59381,-79.55662
15675,40.33530,-79.63707
15676,40.24083,-79.46571
15677,40.14313,-79.23731
15678,40.28722,-79.72623
15679,40.17595,-79.65382
15680,40.52078,-79.49928
15681,40.50037,-79.43995
15683,40.10716,-79.60822
15684,40.46070,-79.52066
15686,40.62345,-79.43131
15687,40.13622,-79.31645
15688,40.16873,-79.58466
15689,40.22143,-79.49144
15690,40.64135,-79.54942
15691,40.29538,-79.68614
15692,40.33176,-79.67891
15693,40.25315,-79.40770
15695,40.19728,-79.69324
15696,40.28011,-79.36617
15697,40.24113,-79.57993
15698,40.21441,-79.68850
15701,40.62838,-79.15004
15710,40.64246,-78.87167
15711,41.01843,-78.95562
15712,40.79045,-78.84788
15713,40.56976,-79.26168
15714,40.65139,-78.82512
15715,40.97066,-78.87743
15716,40.46914,-79.18806
15717,40.45721,-79.24321
15721,40.81632,-78.79257
15722,40.59491,-78.72448
15723,40.69875,-79.15868
15724,40.73510,-78.81363
15725,40.51895,-79.34878
15727,40.55801,-79.30975
15728,40.67567,-78.97178
15729,40.70645,-78.91513
15730,41.05751,-79.09493
15731,40.50377,-79.17637
15732,40.72769,-79.21187
15733,40.98886,-78.95929
15734,40.72480,-79.00127
15736,40.70125,-79.36644
15737,40.60126,-78.75901
15738,40.69155,-78.78512
15739,40.67425,-79.16873
15741,40.80249,-78.89103
15742,40.81698,-78.86401
15744,40.92256,-79.08401
15745,40.62300,-78.91519
15746,40.75851,-78.88929
15747,40.77579,-79.14588
15748,40.52364,-79.08415
15750,40.48479,-79.18092
15752,40.54059,-79.28325
15753,40.80430,-78.64560
15754,40.55667,-79.15151
15756,40.56656,-79.29708
15757,40.90297,-78.73167
15759,40.77302,-79.03170
15760,40.64830,-78.80030
15761,40.63224,-78.88981
15762,40.59431,-78.82930
15764,40.99262,-79.02871
15765,40.59906,-78.98770
15767,40.96215,-78.96817
15770,41.00910,-79.13675
15771,40.83156,-78.98914
15772,40.87022,-78.89868
15773,40.62677,-78.73544
15774,40.65469,-79.32384
15775,40.63257,-78.78813
15776,41.01099,-79.11159
15777,40.69376,-78.96544
15778,40.96898,-79.19536
15779,40.39085,-79.21443
15780,40.91315,-79.07143
15781,40.96380,-78.98685
15783,40.60921,-79.34322
15784,41.02449,-79.14106
15801,41.12996,-78.72835
15821,41.35096,-78.36851
15823,41.25988,-78.71568
15824,41.25083,-78.84119
15825,41.17482,-79.03422
15827,41.31916,-78.52165
15828,41.38544,-79.12333
15829,41.16929,-79.20214
15832,41.35651,-78.19728
15834,41.50076,-78.32278
15840,41.17197,-78.82265
15841,41.26294,-78.52989
15845,41.49441,-78.68961
15846,41.31983,-78.58024
15847,41.09019,-79.03248
15848,41.02417,-78.73064
15849,41.16449,-78.58225
15851,41.10291,-78.91042
15853,41.39234,-78.79163
15856,41.08226,-78.61430
15857,41.45504,-78.52019
15860,41.34556,-79.03684
15861,41.30609,-78.06638
15863,41.01438,-78.83974
15864,41.10363,-79.19753
15865,41.04495,-78.82829
15866,41.02389,-78.79103
15868,41.30036,-78.32770
15870,41.59412,-78.56790
15901,40.32833,-78.91317
15902,40.32282,-78.88359
15904,40.31266,-78.83957
15905,40.29071,-78.96994
15906,40.37968,-78.95568
15909,40.40974,-78.86974
15920,40.47450,-79.04753
15921,40.31734,-78.70086
15922,40.51760,-78.87668
15923,40.35522,-79.15850
15924,40.10342,-78.76286
15925,40.40856,-78.64071
15926,40.02680,-78.81684
15927,40.54000,-78.77865
15928,40.23933,-78.91867
15929,40.46833,-79.00809
15930,40.29490,-78.71868
15931,40.50625,-78.75772
15934,40.27906,-78.80399
15935,40.20813,-78.96503
15936,40.16089,-78.89263
15937,40.20533,-78.98472
15938,40.41887,-78.61115
15940,40.51703,-78.62521
15942,40.39832,-78.81102
15943,40.47411,-78.83878
15944,40.36389,-79.07916
15945,40.35848,-78.86709
15946,40.37011,-78.61811
15948,40.48996,-78.76465
15949,40.39603,-79.11626
15951,40.33319,-78.77069
15952,40.30351,-78.77614
15953,40.20841,-78.88490
15954,40.42404,-78.99811
15955,40.32287,-78.69739
15956,40.35074,-78.79605
15957,40.55661,-78.90116
15958,40.38750,-78.73075
15960,40.49671,-78.89006
15961,40.46644,-78.94337
15962,40.38806,-78.71511
15963,40.22777,-78.75925
16001,40.91002,-79.94519
16002,40.81510,-79.85535
16020,41.11533,-79.89858
16022,41.05413,-79.73369
16023,40.78549,-79.75052
16024,40.74272,-80.03854
16025,40.93919,-79.76063
16027,40.82015,-80.01918
16028,40.95129,-79.63559
16029,40.87915,-79.84617
16030,41.13640,-79.79697
16033,40.78387,-80.05112
16034,40.86213,-79.73373
16035,41.10899,-80.01453
16036,41.13489,-79.66660
16037,40.84261,-80.13375
16038,41.16449,-79.95335
16040,41.09387,-79.84134
16041,41.00534,-79.71493
16045,40.85281,-79.91671
16046,40.70261,-80.02397
16048,41.05320,-79.81843
16049,41.09407,-79.67182
16050,41.04402,-79.76150
16051,40.94489,-80.13814
16052,40.89933,-80.06160
16053,40.81187,-79.98314
16054,41.15354,-79.66301
16055,40.71686,-79.74972
16056,40.72840,-79.84181
16057,41.03407,-80.06030
16059,40.70708,-79.92709
16061,41.00513,-79.88470
16063,40.76232,-80.12290
16066,40.70997,-80.10564
16101,40.98399,-80.29024
16102,40.95996,-80.42474
16105,41.05782,-80.34083
16110,41.50498,-80.38152
16111,41.51852,-80.28353
16112,40.96047,-80.49840
16113,41.28083,-80.42415
16114,41.40285,-80.18393
16115,40.79649,-80.46352
16116,41.04420,-80.44959
16117,40.87183,-80.25621
16120,40.88526,-80.47916
16121,41.21109,-80.49734
16123,40.82193,-80.19651
16124,41.33617,-80.27606
16125,41.40636,-80.37282
16127,41.17301,-80.07300
16130,41.44464,-80.22296
16131,41.55052,-80.37823
16132,41.00585,-80.50515
16133,41.26778,-80.11445
16134,41.51687,-80.48169
16136,40.83493,-80.32377
16137,41.23161,-80.23863
16140,41.09532,-80.51403
16141,40.86809,-80.39847
16142,41.14543,-80.33314
16143,41.10402,-80.44489
16145,41.38020,-80.07862
16146,41.23412,-80.49968
16148,41.22848,-80.41762
16150,41.28514,-80.45325
16151,41.44390,-80.20678
16153,41.32224,-80.08659
16154,41.32590,-80.42011
16155,41.06773,-80.51073
16156,41.08877,-80.21643
16157,40.88821,-80.33338
16159,41.15341,-80.47526
16160,40.93055,-80.35661
16161,41.19701,-80.49582
16201,40.80519,-79.46941
16210,40.89551,-79.51428
16211,40.79444,-79.20256
16212,40.75439,-79.58392
16213,41.12574,-79.55768
16214,41.20354,-79.36049
16217,41.33119,-79.17368
16218,40.93344,-79.59065
16222,40.87370,-79.25699
16223,40.97599,-79.36395
16224,41.06508,-79.29486
16226,40.71472,-79.48742
16228,40.76081,-79.53576
16229,40.71712,-79.64275
16230,41.02048,-79.28325
16232,41.21358,-79.55124
16233,41.36124,-79.27107
16235,41.32267,-79.35230
16236,40.78446,-79.52067
16238,40.78784,-79.52085
16239,41.49697,-79.13778
16240,41.03601,-79.22500
16242,41.00988,-79.36575
16244,40.79218,-79.27666
16245,41.00672,-79.29837
16246,40.79172,-79.18215
16248,41.03401,-79.50298
16249,40.76192,-79.31213
16250,40.76851,-79.23297
16253,40.95117,-79.34276
16254,41.25340,-79.46139
16255,41.12881,-79.46676
16256,40.85527,-79.13446
16258,41.23694,-79.27834
16259,40.92571,-79.45186
16260,41.39646,-79.23076
16262,40.83889,-79.65233
16263,40.80172,-79.33661
16301,41.45329,-79.62243
16311,41.46217,-80.04236
16312,41.93214,-79.30321
16313,41.73369,-79.12241
16314,41.52067,-80.07707
16316,41.60177,-80.30363
16317,41.53255,-79.85371
16319,41.32420,-79.62346
16321,41.57106,-79.39959
16322,41.59885,-79.37356
16323,41.41192,-79.82832
16326,41.37616,-79.43174
16327,41.63708,-79.95957
16328,41.65323,-79.72554
16329,41.79864,-79.25887
16331,41.29373,-79.55868
16332,41.35672,-79.36955
16333,41.70525,-78.92848
16334,41.29056,-79.44935
16335,41.63095,-80.15606
16340,41.80238,-79.41767
16341,41.56608,-79.54936
16342,41.32184,-79.94147
16343,41.42598,-79.75269
16344,41.47039,-79.68455
16345,41.94440,-79.08292
16346,41.37850,-79.67197
16347,41.66006,-79.07027
16350,41.95692,-79.33440
16351,41.67535,-79.37034
16352,41.76727,-79.03836
16353,41.49549,-79.37302
16354,41.61371,-79.70647
16360,41.68409,-79.89089
16361,41.38411,-79.34239
16362,41.45050,-79.96518
16364,41.35142,-79.52730
16365,41.84018,-79.15737
16370,41.57481,-79.46002
16371,41.86995,-79.32612
16372,41.20001,-79.87263
16373,41.20847,-79.69841
16374,41.26350,-79.81508
16401,41.87848,-80.40516
16402,41.96102,-79.46979
16403,41.79300,-80.01412
16404,41.72555,-79.78905
16405,41.94604,-79.53274
16406,41.74951,-80.36214
16407,41.92217,-79.66425
16410,41.92275,-80.30851
16411,41.97804,-80.44711
16412,41.88493,-80.17037
16415,42.03757,-80.23029
16416,41.82573,-79.47270
16417,41.97108,-80.31503
16420,41.69631,-79.54727
16421,42.17134,-79.93197
16422,41.66755,-80.31019
16423,42.02110,-80.34013
16424,41.66141,-80.43896
16426,41.97933,-80.14208
16427,41.87737,-79.96791
16428,42.17146,-79.83149
16433,41.73708,-80.14091
16434,41.79672,-79.66870
16435,41.81703,-80.38539
16436,41.83888,-79.51043
16438,41.89230,-79.84531
16440,41.78255,-80.12602
16441,41.95849,-79.98355
16442,42.03849,-79.82570
16443,41.93978,-80.48426
16444,41.87122,-80.12076
16501,42.12132,-80.08917
16502,42.11069,-80.10148
16503,42.12702,-80.06112
16504,42.10908,-80.04903
16505,42.11751,-80.13602
16506,42.06235,-80.15171
16507,42.13949,-80.08496
16508,42.09681,-80.09403
16509,42.06002,-80.03814
16510,42.10899,-79.95482
16511,42.16625,-79.99016
16546,42.10491,-80.05343
16563,42.11776,-79.98577
16601,40.55526,-78.37042
16602,40.51318,-78.37342
16611,40.58007,-78.11576
16613,40.54804,-78.53756
16616,40.76762,-78.44021
16617,40.60731,-78.32263
16619,40.66094,-78.44689
16620,40.84069,-78.35184
16621,40.23229,-78.12520
16622,40.32864,-78.06640
16623,40.27158,-78.05224
16624,40.57043,-78.60048
16625,40.28255,-78.50428
16627,40.75788,-78.49782
16630,40.45617,-78.57645
16631,40.27277,-78.34560
16633,40.15739,-78.23493
16634,40.21095,-78.17275
16635,40.41043,-78.49983
16636,40.60025,-78.50201
16637,40.34110,-78.46724
16638,40.33660,-78.20362
16639,40.69550,-78.44814
16640,40.70573,-78.57448
16641,40.48979,-78.48498
16645,40.79953,-78.49900
16646,40.68966,-78.72601
16647,40.40059,-78.10381
16648,40.43445,-78.33100
16650,40.11205,-78.29196
16651,40.85146,-78.38042
16652,40.51602,-77.95010
16655,40.22795,-78.50296
16656,40.80723,-78.55599
16657,40.33149,-78.18282
16659,40.16158,-78.38972
16661,40.83109,-78.46093
16662,40.31273,-78.29545
16664,40.18075,-78.42365
16665,40.38871,-78.43424
16666,40.89024,-78.32174
16667,40.17822,-78.53168
16668,40.65335,-78.62232
16669,40.65595,-77.90669
16670,40.26238,-78.50795
16671,40.78763,-78.39824
16672,40.18550,-78.23723
16673,40.31244,-78.39148
16674,40.18939,-78.08828
16677,40.81184,-78.24360
16678,40.22258,-78.23823
16679,40.15525,-78.19438
16680,40.74321,-78.37760
16682,40.26606,-78.45782
16683,40.66387,-78.06556
16685,40.28748,-78.08264
16686,40.66787,-78.25075
16689,40.12998,-78.12899
16691,40.07749,-78.14593
16692,40.75087,-78.71053
16693,40.48571,-78.22094
16694,40.15530,-78.14880
16695,40.20465,-78.33693
16699,40.44721,-78.56051
16701,41.91867,-78.75037
16720,41.60318,-78.00976
16724,41.73199,-78.36924
16725,41.90818,-78.65532
16726,41.81459,-78.57246
16727,41.98118,-78.53006
16728,41.56576,-78.92418
16729,41.96255,-78.47702
16730,41.81782,-78.42279
16731,41.94562,-78.37515
16732,41.85706,-78.61683
16733,41.70039,-78.57234
16734,41.61761,-78.84022
16735,41.63610,-78.81341
16738,41.80687,-78.73214
16740,41.74096,-78.68150
16743,41.76764,-78.23295
16744,41.86709,-78.56706
16745,41.92227,-78.48050
16746,41.79387,-78.12249
16748,41.94723,-78.14449
16749,41.77895,-78.45150
16750,41.88898,-78.29159
16801,40.77889,-77.84137
16802,40.80260,-77.86064
16803,40.80165,-77.89966
16820,40.89739,-77.39445
16821,40.96429,-78.20090
16822,41.14830,-77.69703
16823,40.93905,-77.77274
16825,40.98677,-78.31647
16826,41.05392,-77.58041
16827,40.76784,-77.77264
16828,40.81210,-77.68055
16829,41.08495,-77.88750
16830,41.07868,-78.42866
16832,40.84394,-77.48159
16833,40.94396,-78.57243
16834,41.05182,-78.08708
16835,40.90743,-77.87740
16836,41.15913,-78.27327
16837,40.94544,-78.47445
16838,41.00583,-78.65148
16839,41.00385,-78.11054
16840,40.92426,-78.20308
16841,41.04461,-77.69819
16843,41.00276,-78.46564
16844,40.90907,-77.93207
16845,41.12174,-78.01057
16847,40.99929,-78.16550
16848,41.01131,-77.53329
16849,40.96112,-78.11567
16851,40.82187,-77.78713
16852,40.93703,-77.51866
16853,40.93921,-77.78706
16854,40.89802,-77.47310
16855,40.99645,-78.37563
16858,41.00335,-78.20965
16859,41.04074,-78.02324
16860,40.93799,-78.17976
16861,40.85825,-78.52143
16863,40.90784,-78.47464
16865,40.71206,-77.99606
16866,40.82969,-78.18148
16868,40.73197,-77.88050
16870,40.80088,-78.06191
16871,41.18662,-78.02573
16872,40.96747,-77.35840
16874,40.97947,-77.98373
16875,40.84039,-77.58804
16876,40.96564,-78.28765
16877,40.73863,-78.06115
16878,40.94894,-78.32357
16879,40.97186,-78.15276
16881,41.02678,-78.32044
16882,40.91245,-77.32347
16901,41.72129,-77.33728
16911,41.65868,-77.12919
16912,41.67844,-77.04326
16914,41.85423,-76.78368
16915,41.77545,-77.97092
16917,41.72208,-77.05671
16920,41.97376,-77.28357
16921,41.72420,-77.55627
16922,41.68066,-77.71070
16923,41.95056,-77.87056
16925,41.94857,-76.78381
16926,41.72709,-76.70171
16927,41.95868,-77.65869
16928,41.95340,-77.43449
16929,41.96341,-77.13491
16930,41.58378,-77.13883
16932,41.77913,-76.93947
16933,41.81942,-77.06250
16935,41.87749,-77.30472
16936,41.95112,-76.96711
16937,41.96790,-77.71094
16938,41.59114,-77.37036
16939,41.66364,-77.02583
16940,41.98536,-77.23825
16941,41.98829,-77.75805
16942,41.96254,-77.35223
16943,41.83015,-77.61281
16946,41.90904,-77.13638
16947,41.75950,-76.80405
16948,41.85471,-77.75921
16950,41.90000,-77.53196
17002,40.50251,-77.84840
17003,40.36236,-76.56960
17004,40.60105,-77.73044
17005,40.60285,-76.80970
17006,40.28678,-77.54604
17007,40.12579,-77.11877
17009,40.63611,-77.56529
17010,40.27799,-76.58284
17011,40.23483,-76.92885
17013,40.24269,-77.19728
17015,40.17783,-77.22954
17016,40.27748,-76.40229
17017,40.63779,-76.88219
17018,40.42206,-76.82612
17019,40.09402,-77.02208
17020,40.41417,-77.04150
17021,40.33053,-77.66819
17022,40.16704,-76.60889
17023,40.58426,-76.81626
17024,40.40693,-77.30683
17025,40.29409,-76.97447
17026,40.45844,-76.43140
17027,40.15600,-76.99546
17028,40.39665,-76.65894
17029,40.55802,-77.61700
17030,40.60923,-76.72561
17032,40.49183,-76.83255
17033,40.27182,-76.63753
17034,40.20861,-76.78553
17035,40.40379,-77.58132
17036,40.26823,-76.71211
17037,40.43408,-77.42202
17038,40.46782,-76.53820
17039,40.29271,-76.24071
17040,40.32280,-77.30410
17041,40.21663,-76.53960
17042,40.29495,-76.42481
17043,40.24761,-76.90013
17044,40.57724,-77.59426
17045,40.59709,-77.00093
17046,40.38166,-76.42938
17047,40.37650,-77.42829
17048,40.57616,-76.75993
17049,40.65305,-77.25609
17050,40.24799,-77.02737
17051,40.45952,-77.77577
17052,40.27690,-77.98634
17053,40.32504,-77.02647
17055,40.18306,-77.00522
17056,40.53729,-77.35426
17057,40.19356,-76.72457
17058,40.50480,-77.55330
17059,40.58913,-77.39056
17060,40.46926,-77.89396
17061,40.56670,-76.90909
17062,40.54677,-77.18766
17063,40.76103,-77.48495
17064,40.24226,-76.47620
17065,40.11021,-77.18909
17066,40.35256,-77.86923
17067,40.39042,-76.31505
17068,40.41058,-77.17830
17069,40.45399,-76.97004
17070,40.20419,-76.86822
17071,40.29841,-77.60193
17072,40.23373,-77.08173
17073,40.30284,-76.25516
17074,40.47928,-77.14838
17075,40.39387,-77.83528
17076,40.61619,-77.31176
17077,40.40301,-76.53594
17078,40.28765,-76.58086
17080,40.64068,-76.80310
17081,40.20102,-77.28345
17082,40.49506,-77.44839
17083,40.27760,-76.43760
17084,40.67566,-77.62650
17086,40.69062,-77.12201
17087,40.43576,-76.28081
17088,40.30068,-76.29422
17090,40.31821,-77.18104
17093,40.30743,-76.93042
17094,40.58125,-77.19815
17097,40.58010,-76.67743
17098,40.58896,-76.63233
17099,40.63224,-77.57642
17101,40.25841,-76.89296
17102,40.26780,-76.90241
17103,40.27596,-76.86633
17104,40.25451,-76.86218
17109,40.28995,-76.82430
17110,40.31507,-76.89073
17111,40.26783,-76.78737
17112,40.37399,-76.77021
17113,40.22598,-76.82799
17120,40.26519,-76.88281
17201,39.96105,-77.65618
17202,39.87513,-77.60907
17210,40.19366,-77.67217
17211,39.75415,-78.40097
17212,39.81263,-78.06429
17213,40.24419,-77.77123
17214,39.74793,-77.47122
17215,40.07824,-77.89294
17217,40.23862,-77.72157
17219,40.24201,-77.68814
17220,40.18989,-77.73531
17221,40.06812,-77.81649
17222,39.89596,-77.49400
17223,40.08650,-77.94275
17224,39.96794,-77.89748
17225,39.78351,-77.76287
17228,39.98710,-78.09336
17229,40.08400,-78.01014
17233,39.97561,-77.98716
17235,39.85719,-77.69805
17236,39.80018,-77.94740
17237,39.83386,-77.54370
17238,39.85811,-78.13094
17239,40.13180,-77.83677
17240,40.15087,-77.57969
17241,40.17653,-77.40843
17243,40.27752,-77.81995
17244,40.08676,-77.65862
17246,40.05439,-77.66081
17247,39.79878,-77.57935
17249,40.24138,-77.89946
17250,39.73714,-77.52429
17251,40.13182,-77.68555
17252,39.91233,-77.82691
17253,40.21331,-78.00691
17254,39.97023,-77.59036
17255,40.16125,-77.86251
17256,39.78292,-77.67731
17257,40.04744,-77.49334
17260,40.29604,-77.89370
17261,39.86091,-77.50817
17262,40.14026,-77.74543
17263,39.72722,-77.71786
17264,40.17992,-77.99374
17265,40.03218,-77.77499
17266,40.08857,-77.41293
17267,39.80795,-78.23966
17268,39.77491,-77.57562
17270,39.85473,-77.79781
17271,40.09775,-77.80309
17272,39.76953,-77.62183
17301,39.89523,-76.97898
17302,39.81726,-76.41368
17304,39.97725,-77.23274
17306,39.98058,-77.24940
17307,39.94776,-77.32690
17309,39.87132,-76.45015
17311,39.81655,-76.84247
17313,39.88401,-76.65998
17314,39.74924,-76.32567
17315,40.02660,-76.86406
17316,39.96547,-77.00796
17317,39.97071,-76.52319
17318,40.02218,-76.72084
17319,40.16049,-76.79398
17320,39.77072,-77.38876
17321,39.74968,-76.44434
17322,39.85592,-76.53270
17324,40.03039,-77.23685
17325,39.82626,-77.22761
17327,39.77951,-76.75326
17329,39.76184,-76.85112
17331,39.78969,-76.97798
17339,40.13473,-76.88529
17340,39.75522,-77.11677
17343,39.86909,-77.33468
17344,39.80569,-77.01922
17345,40.07809,-76.74750
17347,40.05743,-76.68816
17349,39.74499,-76.64741
17350,39.89009,-77.07940
17352,39.76120,-76.49985
17353,39.88305,-77.37172
17355,39.75987,-76.69602
17356,39.89659,-76.58225
17360,39.85445,-76.75048
17361,39.76551,-76.67706
17362,39.84768,-76.86870
17363,39.76862,-76.58639
17364,39.92939,-76.89933
17365,40.06033,-76.93400
17366,39.93279,-76.55670
17368,39.98386,-76.51870
17370,40.12144,-76.77840
17371,39.90270,-76.78796
17372,40.00147,-77.10615
17401,39.95946,-76.73346
17402,39.95849,-76.65866
17403,39.92323,-76.71279
17404,40.00264,-76.77353
17406,40.01471,-76.64087
17407,39.88372,-76.71197
17408,39.92886,-76.79935
17501,40.15646,-76.20404
17502,40.10090,-76.66015
17505,40.06350,-76.19244
17507,40.19805,-76.01624
17508,40.12476,-76.21877
17509,39.91206,-76.03650
17512,40.04007,-76.48602
17516,39.94146,-76.37136
17517,40.24475,-76.13288
17518,39.80893,-76.25301
17519,40.14144,-76.02342
17520,40.09752,-76.34919
17522,40.17369,-76.17049
17527,40.00888,-75.99130
17529,40.04193,-76.09714
17532,39.85092,-76.30038
17535,39.98204,-76.02287
17536,39.84803,-76.07377
17538,40.08263,-76.41455
17540,40.09761,-76.18999
17543,40.18103,-76.29538
17545,40.17850,-76.43421
17547,40.06840,-76.58669
17550,40.07592,-76.58343
17551,39.97850,-76.37298
17552,40.10835,-76.51092
17554,40.04030,-76.42418
17555,40.12238,-75.95939
17557,40.09985,-76.07274
17560,39.91268,-76.22768
17562,39.96998,-76.09163
17563,39.76075,-76.19331
17565,39.89770,-76.33103
17566,39.86719,-76.14751
17569,40.27143,-76.09658
17570,40.12994,-76.56885
17572,39.97443,-76.11936
17576,40.03719,-76.19676
17578,40.22610,-76.15981
17579,39.96041,-76.18075
17581,40.16051,-76.04959
17582,39.99314,-76.46918
17584,39.95541,-76.26358
17601,40.07424,-76.31491
17602,40.01462,-76.24635
17603,40.03084,-76.33043
17606,40.11167,-76.30391
17701,41.34504,-76.85725
17702,41.18349,-77.07727
17721,41.18362,-77.31840
17723,41.43530,-77.47136
17724,41.64253,-76.80511
17727,41.51069,-77.49644
17728,41.33477,-77.07857
17729,41.51124,-77.73610
17730,41.11045,-76.87841
17731,41.42941,-76.57867
17737,41.29927,-76.68578
17739,41.38817,-77.41868
17740,41.24945,-77.26965
17742,41.23853,-76.60227
17744,41.24097,-77.15327
17745,41.28507,-77.47117
17747,41.03255,-77.33183
17748,41.15040,-77.35298
17749,41.07224,-76.81889
17750,41.05787,-77.48225
17751,41.15353,-77.54479
17752,41.18007,-76.93047
17754,41.31161,-76.88921
17756,41.20800,-76.73982
17758,41.36015,-76.53553
17760,41.41358,-77.65736
17762,41.28434,-76.69994
17763,41.50738,-76.97618
17764,41.33475,-77.81364
17765,41.56573,-76.97345
17767,41.08387,-77.46316
17768,41.55869,-76.75599
17771,41.43734,-77.03554
17772,41.12506,-76.71303
17774,41.28119,-76.53301
17776,41.41464,-77.29287
17777,41.10652,-76.82170
17778,41.28492,-77.98393
17779,41.20808,-77.37699
17801,40.83472,-76.75501
17810,41.11136,-77.03137
17812,40.74053,-77.22791
17813,40.78040,-77.17208
17814,41.27324,-76.36314
17815,41.01999,-76.42009
17820,40.89564,-76.40374
17821,40.99015,-76.64420
17822,40.96802,-76.60514
17823,40.74653,-76.77725
17824,40.85238,-76.50530
17827,40.75286,-76.96803
17829,40.90055,-77.15580
17830,40.68606,-76.80520
17832,40.80595,-76.45902
17834,40.78021,-76.46688
17835,40.87899,-77.20431
17836,40.71434,-76.60646
17837,40.97498,-76.94515
17840,40.77209,-76.43312
17841,40.72487,-77.35256
17842,40.80132,-77.04345
17844,40.97398,-77.08540
17845,40.88437,-77.21157
17846,41.14175,-76.51712
17847,41.00798,-76.81095
17850,40.96560,-76.85745
17851,40.80312,-76.43430
17853,40.69473,-77.00670
17855,40.88999,-76.96785
17856,41.06536,-76.94736
17857,40.93214,-76.77297
17859,41.11675,-76.39854
17860,40.86696,-76.61104
17861,40.77322,-77.08231
17862,40.86051,-77.05639
17864,40.70473,-76.90582
17865,40.99018,-76.78677
17866,40.80222,-76.54844
17867,40.71411,-76.68860
17868,40.95772,-76.63397
17870,40.81732,-76.88864
17872,40.75364,-76.69563
17876,40.85816,-76.82578
17878,41.17602,-76.32349
17880,40.89221,-77.12175
17881,40.78317,-76.66941
17884,41.05596,-76.66952
17885,40.86635,-77.31402
17886,41.01671,-76.87520
17887,41.12919,-76.93288
17888,40.80678,-76.37848
17889,40.87774,-76.92128
17901,40.68383,-76.27754
17920,40.81964,-76.32691
17921,40.75158,-76.36059
17922,40.58247,-76.11063
17923,40.63287,-76.31991
17925,40.75480,-76.07250
17929,40.63070,-76.19404
17930,40.70867,-76.11535
17931,40.78649,-76.21457
17933,40.60448,-76.24319
17934,40.79543,-76.21472
17935,40.79614,-76.27968
17936,40.75012,-76.33993
17938,40.65307,-76.51708
17941,40.68572,-76.60918
17943,40.75664,-76.38779
17944,40.67242,-76.27918
17945,40.78539,-76.37313
17946,40.81036,-76.25637
17948,40.84909,-76.11718
17949,40.79393,-76.24235
17951,40.67856,-76.24524
17952,40.75544,-76.05855
17953,40.75190,-76.12022
17954,40.69042,-76.25969
17957,40.59182,-76.51821
17959,40.73199,-76.15007
17960,40.69724,-75.94704
17961,40.64970,-76.06095
17963,40.56158,-76.38202
17964,40.70295,-76.51452
17965,40.69861,-76.16528
17967,40.85625,-76.21627
17968,40.63868,-76.61230
17970,40.72021,-76.19195
17972,40.59222,-76.20623
17974,40.69570,-76.23627
17976,40.81990,-76.21050
17978,40.62545,-76.61496
17979,40.56159,-76.19970
17980,40.51868,-76.64456
17981,40.63419,-76.38946
17982,40.78593,-76.02131
17983,40.64262,-76.54717
17985,40.91230,-76.21665
18011,40.47701,-75.64613
18013,40.84876,-75.17729
18014,40.76443,-75.40922
18015,40.58587,-75.36724
18016,40.63233,-75.39309
18017,40.65996,-75.38731
18018,40.62759,-75.39558
18020,40.67238,-75.32746
18030,40.80226,-75.66372
18031,40.55201,-75.64865
18032,40.65619,-75.46779
18034,40.54635,-75.41528
18035,40.74487,-75.53793
18036,40.50888,-75.38600
18037,40.68313,-75.54796
18038,40.79484,-75.48622
18040,40.74594,-75.22567
18041,40.42040,-75.50972
18042,40.65418,-75.22312
18045,40.69348,-75.27441
18046,40.54801,-75.56035
18049,40.51573,-75.48929
18051,40.59561,-75.66693
18052,40.65743,-75.50426
18053,40.71923,-75.70412
18054,40.35237,-75.43874
18055,40.59158,-75.30435
18056,40.45094,-75.55039
18058,40.88874,-75.49429
18059,40.72350,-75.54308
18062,40.50395,-75.58518
18063,40.78260,-75.16715
18064,40.75701,-75.31596
18066,40.66446,-75.74010
18067,40.71504,-75.47467
18068,40.48483,-75.52004
18069,40.62525,-75.61510
18070,40.43487,-75.53562
18071,40.83421,-75.55528
18072,40.84414,-75.25914
18073,40.38650,-75.47443
18074,40.31674,-75.51569
18076,40.37480,-75.48079
18077,40.57006,-75.23712
18078,40.67330,-75.62072
18079,40.74387,-75.65852
18080,40.73586,-75.63531
18081,40.56370,-75.28158
18083,40.75495,-75.26709
18085,40.74123,-75.25489
18086,40.73681,-75.54793
18087,40.55683,-75.59365
18088,40.76569,-75.55751
18091,40.83139,-75.31979
18092,40.46970,-75.51314
18101,40.60266,-75.46924
18102,40.60847,-75.47628
18103,40.57031,-75.48893
18104,40.61166,-75.54685
18105,40.60142,-75.49394
18106,40.56462,-75.56919
18109,40.63549,-75.44192
18195,40.58427,-75.62479
18201,40.94905,-75.95562
18202,40.95443,-76.04599
18210,41.00443,-75.57654
18211,40.74408,-75.83041
18212,40.77525,-75.70957
18214,40.80025,-76.08422
18216,40.94149,-75.89293
18218,40.81974,-75.91610
18219,40.99102,-76.05776
18220,40.84045,-76.06043
18221,41.00159,-75.91691
18222,41.03523,-76.00347
18223,40.98235,-75.95029
18224,41.02626,-75.87401
18225,40.98131,-75.97131
18229,40.93109,-75.67378
18230,40.92108,-75.93453
18231,40.90443,-76.00804
18232,40.83303,-75.88440
18234,40.99259,-75.96435
18235,40.82964,-75.69837
18237,40.88014,-75.98508
18239,40.98934,-75.98827
18240,40.86470,-75.87227
18241,40.95125,-76.13034
18242,40.91139,-76.12432
18244,40.82245,-75.67056
18245,40.85320,-76.03351
18246,40.95716,-76.19516
18248,40.90116,-76.09270
18249,40.98779,-76.11612
18250,40.82496,-75.84620
18251,41.00805,-76.07738
18252,40.76700,-75.97408
18254,40.91591,-75.96565
18255,40.93349,-75.82970
18256,40.94079,-76.14683
18301,41.04236,-75.17582
18302,41.09657,-75.11112
18321,41.01668,-75.28896
18322,40.91852,-75.39328
18323,41.19658,-75.27347
18324,41.15814,-75.00069
18325,41.20513,-75.22497
18326,41.16728,-75.25310
18327,40.96787,-75.13384
18328,41.22850,-74.97398
18330,40.96255,-75.44992
18331,40.90994,-75.44383
18332,41.09475,-75.26134
18333,40.90608,-75.49008
18334,41.05495,-75.43178
18335,41.06859,-75.10241
18336,41.37337,-74.73975
18337,41.32911,-74.87179
18340,41.41777,-74.76590
18342,41.17061,-75.27344
18343,40.89371,-75.11190
18344,41.12289,-75.34403
18346,41.14275,-75.42119
18347,41.13889,-75.56024
18349,41.10125,-75.36651
18350,41.12382,-75.46614
18351,40.92272,-75.09933
18352,41.00683,-75.35609
18353,40.89534,-75.35767
18354,40.92260,-75.32210
18355,41.07695,-75.36290
18356,41.01109,-75.11811
18357,41.23165,-75.21071
18360,40.96729,-75.28800
18370,41.09241,-75.33954
18371,41.15001,-75.04525
18372,41.04404,-75.33429
18403,41.50900,-75.53494
18405,41.59985,-75.10387
18407,41.59175,-75.53485
18411,41.45449,-75.74454
18413,41.64813,-75.58934
18414,41.54107,-75.74107
18415,41.74353,-75.12427
18417,41.80970,-75.20112
18419,41.58593,-75.79237
18420,41.60201,-75.71013
18421,41.66419,-75.49286
18424,41.23048,-75.52496
18425,41.43845,-75.04314
18426,41.32551,-75.23906
18427,41.40498,-75.40690
18428,41.40636,-75.12009
18430,41.75645,-75.47246
18431,41.61647,-75.25771
18433,41.57331,-75.58133
18434,41.45222,-75.54128
18435,41.45547,-74.98313
18436,41.44279,-75.39345
18437,41.87197,-75.31650
18438,41.43916,-75.25649
18439,41.82550,-75.34897
18441,41.65605,-75.61390
18443,41.66293,-75.10209
18444,41.32907,-75.55277
18445,41.29791,-75.35936
18446,41.65617,-75.75914
18447,41.51345,-75.60717
18451,41.39700,-75.21793
18452,41.48363,-75.59028
18453,41.75850,-75.37079
18454,41.82729,-75.42614
18455,41.89300,-75.35919
18456,41.60847,-75.34432
18457,41.47209,-75.04917
18458,41.39577,-74.91928
18459,41.50410,-75.42884
18460,41.24989,-75.31301
18461,41.92900,-75.32767
18462,41.91434,-75.40909
18463,41.35910,-75.39351
18464,41.40379,-75.17774
18465,41.83130,-75.51685
18466,41.19644,-75.39423
18469,41.70557,-75.13058
18470,41.72471,-75.53552
18471,41.52909,-75.69118
18472,41.58341,-75.39669
18473,41.52203,-75.21716
18503,41.41112,-75.66746
18504,41.42876,-75.69941
18505,41.38620,-75.65153
18507,41.35907,-75.68188
18508,41.45495,-75.65794
18509,41.43084,-75.64291
18510,41.40738,-75.63661
18512,41.42624,-75.60134
18517,41.39464,-75.71364
18518,41.37500,-75.73960
18519,41.46194,-75.63072
18602,41.18602,-75.75399
18603,41.08293,-76.24785
18610,41.06949,-75.54984
18612,41.34610,-75.98639
18614,41.52495,-76.49700
18615,41.46170,-75.85720
18616,41.50483,-76.63606
18617,41.17054,-76.07753
18618,41.36471,-76.04474
18619,41.46170,-76.71782
18621,41.24860,-76.09855
18622,41.20123,-76.27352
18623,41.66480,-76.15198
18624,41.06071,-75.64656
18625,41.51503,-75.85016
18626,41.39829,-76.52388
18628,41.43014,-76.31381
18629,41.51760,-76.14134
18630,41.66214,-76.02364
18631,41.02991,-76.30437
18632,41.45936,-76.37747
18634,41.18551,-76.02262
18635,41.02924,-76.20135
18636,41.39135,-76.11368
18640,41.29736,-75.74025
18641,41.33640,-75.72839
18642,41.35635,-75.77318
18643,41.37082,-75.84042
18644,41.32799,-75.88196
18651,41.25405,-75.95983
18653,41.39357,-75.82384
18655,41.18772,-76.20321
18656,41.33254,-76.18544
18657,41.52251,-75.95949
18660,41.09866,-76.06291
18661,41.07639,-75.74080
18701,41.24365,-75.88503
18702,41.23048,-75.75744
18704,41.26252,-75.91464
18705,41.27185,-75.84277
18706,41.20329,-75.91480
18707,41.13575,-75.93350
18708,41.29585,-75.96346
18709,41.28559,-75.89652
18801,41.82639,-75.93971
18810,41.93106,-76.50101
18812,41.97320,-75.96475
18814,41.78406,-76.60727
18816,41.75716,-75.91563
18817,41.87272,-76.63161
18818,41.91126,-76.04401
18821,41.98982,-75.72270
18822,41.97036,-75.79417
18823,41.77833,-75.69012
18824,41.69737,-75.78718
18825,41.80788,-75.60773
18826,41.74558,-75.74899
18828,41.80672,-76.09616
18829,41.83764,-76.17369
18830,41.95909,-76.11445
18831,41.89422,-76.59812
18832,41.67822,-76.56885
18833,41.59708,-76.48368
18834,41.83097,-75.72093
18837,41.91507,-76.30286
18840,41.97155,-76.53496
18842,41.74970,-75.62344
18843,41.79446,-75.89959
18844,41.69097,-75.90524
18845,41.78734,-76.18212
18846,41.62141,-76.22999
18847,41.92884,-75.57905
18848,41.75106,-76.45474
18850,41.85426,-76.46238
18851,41.93390,-76.17646
18853,41.72141,-76.27693
18854,41.79067,-76.35571
18901,40.30627,-75.14714
18902,40.35213,-75.09568
18912,40.32395,-75.05641
18913,40.37939,-75.06001
18914,40.28898,-75.20959
18915,40.27211,-75.25682
18917,40.37692,-75.20595
18920,40.49772,-75.08403
18923,40.35781,-75.17404
18925,40.28881,-75.05804
18929,40.25551,-75.08015
18930,40.52107,-75.21867
18932,40.29158,-75.25049
18935,40.43702,-75.40347
18936,40.22405,-75.23096
18938,40.35105,-74.99805
18940,40.26059,-74.93707
18942,40.47116,-75.16047
18944,40.38929,-75.23444
18947,40.42290,-75.11784
18950,40.44523,-75.07444
18951,40.45296,-75.34886
18954,40.22541,-74.99296
18955,40.47664,-75.31369
18960,40.36630,-75.32590
18962,40.34668,-75.27114
18964,40.30347,-75.33789
18966,40.18847,-75.00990
18969,40.32630,-75.36842
18970,40.41200,-75.38121
18972,40.52732,-75.12467
18974,40.21706,-75.07280
18976,40.24882,-75.14352
18977,40.28686,-74.88211
18980,40.26844,-75.01816
19001,40.12592,-75.12544
19002,40.18722,-75.20688
19003,40.00155,-75.29893
19004,40.00975,-75.23151
19006,40.15044,-75.03390
19007,40.11318,-74.85765
19008,39.97242,-75.36044
19009,40.13781,-75.06424
19010,40.02363,-75.32972
19012,40.05977,-75.10589
19013,39.84884,-75.37599
19014,39.86491,-75.43296
19015,39.86863,-75.39294
19017,39.88944,-75.46268
19018,39.92306,-75.29859
19020,40.09975,-74.93783
19021,40.08965,-74.89218
19022,39.86144,-75.33702
19023,39.91714,-75.26739
19025,40.14644,-75.16199
19026,39.95031,-75.30404
19027,40.07312,-75.12443
19029,39.87068,-75.29212
19030,40.18047,-74.83726
19031,40.10916,-75.21701
19032,39.89130,-75.27878
19033,39.89088,-75.32843
19034,40.13427,-75.20484
19035,40.05135,-75.27764
19036,39.90358,-75.29336
19038,40.10042,-75.17176
19040,40.17688,-75.10559
19041,40.00740,-75.31577
19043,39.90031,-75.30885
19044,40.18607,-75.15287
19046,40.10141,-75.10552
19047,40.18045,-74.91245
19050,39.93755,-75.26366
19053,40.15392,-74.97499
19054,40.17302,-74.81882
19055,40.15031,-74.83922
19056,40.14934,-74.88581
19057,40.14082,-74.85404
19060,39.84998,-75.49367
19061,39.82883,-75.43507
19063,39.92223,-75.41406
19064,39.93316,-75.34081
19066,40.00258,-75.24906
19067,40.20588,-74.81783
19070,39.90625,-75.32473
19072,40.02389,-75.25774
19073,39.98325,-75.42922
19074,39.88599,-75.29576
19075,40.11388,-75.18503
19076,39.88610,-75.30737
19078,39.87438,-75.32212
19079,39.89878,-75.26707
19081,39.89805,-75.34716
19082,39.96043,-75.27042
19083,39.97702,-75.31207
19085,40.03697,-75.34991
19086,39.89064,-75.37004
19087,40.06187,-75.40246
19090,40.15745,-75.12475
19094,39.87488,-75.34664
19095,40.08599,-75.15123
19096,39.99788,-75.27418
19102,39.95278,-75.16559
19103,39.95290,-75.17430
19104,39.95852,-75.19886
19106,39.94863,-75.14279
19107,39.95174,-75.15865
19109,39.94965,-75.16365
19111,40.06061,-75.08018
19112,39.88986,-75.16939
19113,39.86742,-75.25331
19114,40.06940,-75.00016
19115,40.09070,-75.04287
19116,40.11557,-75.01328
19118,40.07387,-75.21122
19119,40.05335,-75.19111
19120,40.03415,-75.11920
19121,39.98198,-75.17912
19122,39.97775,-75.14590
19123,39.96449,-75.14580
19124,40.01712,-75.09281
19125,39.97625,-75.12511
19126,40.05539,-75.13756
19127,40.02815,-75.22755
19128,40.04848,-75.22793
19129,40.01301,-75.18540
19130,39.96793,-75.17607
19131,39.99018,-75.21779
19132,39.99626,-75.17086
19133,39.99309,-75.14167
19134,39.98960,-75.10909
19135,40.02211,-75.04853
19136,40.03941,-75.01856
19137,39.99300,-75.07205
19138,40.05600,-75.15905
19139,39.96135,-75.22933
19140,40.01218,-75.14549
19141,40.03757,-75.14569
19142,39.92175,-75.23328
19143,39.94258,-75.22590
19144,40.03386,-75.17408
19145,39.90958,-75.19840
19146,39.93950,-75.18415
19147,39.93533,-75.15249
19148,39.91161,-75.15148
19149,40.03772,-75.06576
19150,40.07250,-75.17182
19151,39.97961,-75.25704
19152,40.06095,-75.04699
19153,39.89345,-75.22965
19154,40.09648,-74.98322
19301,40.04028,-75.48034
19310,39.93509,-75.97283
19311,39.82109,-75.77135
19312,40.03129,-75.45495
19316,40.05408,-75.83384
19317,39.86080,-75.59938
19319,39.92610,-75.52105
19320,39.96299,-75.83203
19330,39.86829,-75.91379
19333,40.04187,-75.42360
19335,40.02262,-75.72122
19341,40.03997,-75.64075
19342,39.90412,-75.49942
19343,40.10077,-75.75495
19344,40.08358,-75.88136
19345,40.02947,-75.56529
19348,39.87028,-75.71291
19350,39.76028,-75.79635
19352,39.77592,-75.88966
19355,40.04645,-75.53300
19358,39.96391,-75.80506
19362,39.75074,-76.07038
19363,39.79056,-75.96848
19365,39.96637,-75.92513
19367,39.96299,-75.88402
19372,39.99840,-75.75846
19373,39.90110,-75.53350
19374,39.82470,-75.75743
19375,39.90005,-75.73698
19380,39.98722,-75.60314
19382,39.92766,-75.61317
19383,39.95159,-75.60163
19390,39.83610,-75.84236
19401,40.13018,-75.33163
19403,40.14867,-75.37551
19405,40.10355,-75.34102
19406,40.09327,-75.38364
19422,40.15681,-75.27939
19425,40.10178,-75.65107
19426,40.19130,-75.43705
19428,40.08034,-75.30046
19435,40.32748,-75.56917
19436,40.20151,-75.24700
19437,40.18241,-75.25858
19438,40.26944,-75.39001
19440,40.28514,-75.29091
19442,40.12952,-75.58315
19444,40.08774,-75.25316
19446,40.23233,-75.30392
19453,40.14007,-75.49895
19454,40.22611,-75.24379
19456,40.13390,-75.46177
19457,40.20638,-75.59012
19460,40.12683,-75.53045
19462,40.11534,-75.28199
19464,40.25893,-75.61586
19465,40.19039,-75.68457
19468,40.20764,-75.53207
19472,40.33693,-75.57378
19473,40.25617,-75.48253
19474,40.22353,-75.40404
19475,40.17338,-75.60266
19477,40.18332,-75.23146
19492,40.28551,-75.49199
19501,40.24448,-76.06470
19503,40.40801,-75.57148
19504,40.41622,-75.58855
19505,40.37909,-75.62242
19506,40.45422,-76.12869
19507,40.50517,-76.27031
19508,40.26660,-75.83844
19510,40.44584,-75.87487
19511,40.48592,-75.74323
19512,40.34833,-75.68055
19518,40.27020,-75.75253
19519,40.32072,-75.73481
19520,40.16351,-75.79346
19522,40.44734,-75.82050
19523,40.20087,-75.85077
19525,40.30544,-75.58494
19526,40.54710,-75.99664
19529,40.63131,-75.86461
19530,40.53907,-75.78144
19533,40.42517,-75.99267
19534,40.57342,-75.87482
19535,40.34000,-75.80403
19536,40.48058,-75.75895
19538,40.54758,-75.70262
19539,40.49631,-75.68356
19540,40.23628,-75.96661
19541,40.48596,-76.03024
19542,40.26120,-75.76719
19543,40.17562,-75.89498
19544,40.41745,-76.29624
19545,40.34152,-75.62407
19547,40.38005,-75.76860
19549,40.58452,-76.02003
19550,40.45494,-76.24943
19551,40.36178,-76.13732
19554,40.51288,-76.10373
19555,40.49438,-75.95392
19559,40.49522,-76.18240
19560,40.40626,-75.89358
19562,40.50538,-75.70265
19564,40.51873,-75.87831
19565,40.34251,-76.08824
19567,40.38839,-76.20978
19601,40.35576,-75.94103
19602,40.32874,-75.91498
19604,40.35683,-75.91024
19605,40.39791,-75.94319
19606,40.33892,-75.85708
19607,40.29148,-75.94479
19608,40.31080,-76.03477
19609,40.32831,-75.99729
19610,40.34154,-75.97492
19611,40.32467,-75.94286
19701,39.58317,-75.70090
19702,39.61820,-75.72972
19703,39.80151,-75.45385
19706,39.57321,-75.59606
19707,39.78559,-75.68364
19709,39.49437,-75.67747
19710,39.79517,-75.58809
19711,39.71378,-75.74083
19713,39.67161,-75.71340
19716,39.68956,-75.75839
19717,39.67846,-75.75227
19720,39.64692,-75.60485
19730,39.46398,-75.64682
19731,39.51977,-75.58124
19732,39.78390,-75.57004
19733,39.55583,-75.65109
19734,39.38164,-75.65332
19735,39.80317,-75.59972
19736,39.80248,-75.67592
19801,39.72772,-75.54115
19802,39.75661,-75.52908
19803,39.80067,-75.54242
19804,39.71686,-75.61768
19805,39.74375,-75.59333
19806,39.76331,-75.56414
19807,39.79650,-75.61284
19808,39.73761,-75.66706
19809,39.75779,-75.50095
19810,39.81878,-75.50640
19901,39.18154,-75.47352
19902,39.12525,-75.48181
19904,39.17128,-75.58762
19930,38.54745,-75.06273
19931,38.57399,-75.62299
19933,38.72834,-75.61989
19934,39.08473,-75.62735
19936,39.21911,-75.58439
19938,39.26088,-75.70761
19939,38.58141,-75.19646
19940,38.47756,-75.56493
19941,38.79366,-75.42606
19943,39.00444,-75.60699
19944,38.47787,-75.05308
19945,38.50506,-75.22887
19946,39.03480,-75.44958
19947,38.66649,-75.39820
19950,38.81845,-75.59674
19951,38.68526,-75.25515
19952,38.92142,-75.62842
19953,39.15249,-75.69413
19954,38.89701,-75.52046
19955,39.22593,-75.66864
19956,38.54765,-75.53819
19958,38.72871,-75.16851
19960,38.85091,-75.40872
19962,39.06881,-75.48839
19963,38.94325,-75.36257
19964,39.08933,-75.72050
19966,38.57942,-75.27720
19967,38.53871,-75.12245
19968,38.77391,-75.28688
19970,38.55917,-75.09693
19971,38.69474,-75.08149
19973,38.63891,-75.61590
19975,38.46833,-75.16688
19977,39.29895,-75.54612
19979,39.04885,-75.57255
20001,38.91035,-77.01774
20002,38.90503,-76.98361
20003,38.88184,-76.99094
20004,38.89489,-77.02864
20005,38.90467,-77.03158
20006,38.89861,-77.04146
20007,38.91436,-77.07934
20008,38.93624,-77.05998
20009,38.91914,-77.03738
20010,38.93337,-77.03031
20011,38.95251,-77.02299
20012,38.97687,-77.03261
20015,38.96689,-77.05832
20016,38.93691,-77.09004
20017,38.93846,-76.99316
20018,38.92658,-76.97445
20019,38.89141,-76.94357
20020,38.86038,-76.97896
20024,38.87952,-77.02515
20032,38.83372,-77.00659
20036,38.90702,-77.04157
20037,38.89889,-77.05546
20045,38.89673,-77.03080
20052,38.90013,-77.04698
20053,38.88412,-77.01122
20057,38.90912,-77.07573
20064,38.93636,-76.99919
20105,38.95317,-77.60359
20106,38.69935,-78.00221
20109,38.79390,-77.53096
20110,38.74681,-77.48263
20111,38.74897,-77.42787
20112,38.66457,-77.42933
20115,38.80995,-77.91184
20117,38.99882,-77.73394
20118,38.96834,-77.73700
20119,38.61039,-77.62162
20120,38.85205,-77.47071
20121,38.81103,-77.46294
20124,38.78133,-77.39133
20129,39.17210,-77.60112
20130,39.03968,-77.94187
20132,39.16721,-77.72057
20135,39.08631,-77.88723
20136,38.73740,-77.55418
20137,38.80658,-77.72244
20139,38.65568,-77.69416
20141,39.11239,-77.79070
20143,38.85742,-77.56348
20144,38.92302,-77.94698
20147,39.04195,-77.47813
20148,38.99545,-77.52401
20151,38.89563,-77.44650
20152,38.91947,-77.50236
20155,38.81038,-77.61936
20158,39.13965,-77.65886
20164,39.01330,-77.39507
20165,39.05754,-77.39201
20166,38.98614,-77.45569
20169,38.87706,-77.64761
20170,38.97984,-77.37975
20171,38.92378,-77.39655
20175,39.06440,-77.60377
20176,39.18485,-77.54318
20180,39.26859,-77.63764
20181,38.68913,-77.56961
20184,39.00067,-77.88375
20186,38.69814,-77.85143
20187,38.72185,-77.74819
20190,38.95919,-77.34107
20191,38.93332,-77.35012
20194,38.98104,-77.34078
20197,39.19521,-77.62801
20198,38.88420,-77.74462
20202,38.88707,-77.02101
20204,38.88556,-77.01443
20228,38.88641,-77.03028
20230,38.89379,-77.03280
20240,38.89446,-77.04260
20245,38.89334,-77.04446
20260,38.88367,-77.02504
20307,38.97497,-77.03047
20317,38.93484,-77.01439
20319,38.86484,-77.01700
20373,38.85863,-77.00786
20390,38.87902,-76.99370
20405,38.89638,-77.04259
20418,38.89280,-77.04776
20427,38.90206,-77.04756
20506,38.89707,-77.03873
20510,38.89278,-77.00689
20520,38.89476,-77.04841
20535,38.89447,-77.02484
20540,38.88793,-77.00471
20551,38.89280,-77.04580
20553,38.88695,-77.02297
20560,38.88823,-77.02592
20565,38.89063,-77.01921
20566,38.89557,-77.05513
20593,38.86671,-77.01019
20601,38.61337,-76.85161
20602,38.58325,-76.89470
20603,38.63039,-76.97658
20606,38.26612,-76.73538
20607,38.67267,-77.01855
20608,38.58241,-76.70100
20609,38.26912,-76.75869
20611,38.45949,-76.97407
20612,38.50701,-76.67931
20613,38.67117,-76.80530
20615,38.41143,-76.54880
20616,38.66195,-77.09846
20617,38.54384,-76.85251
20618,38.28644,-76.78307
20619,38.29253,-76.52766
20620,38.23392,-76.52893
20621,38.32615,-76.80105
20622,38.41736,-76.87801
20623,38.74162,-76.84246
20624,38.33808,-76.73350
20625,38.26248,-76.84742
20626,38.23137,-76.77059
20628,38.15300,-76.33986
20629,38.33644,-76.45037
20630,38.16057,-76.48052
20632,38.43280,-76.95799
20634,38.26941,-76.50688
20636,38.35214,-76.56719
20637,38.52511,-76.75599
20639,38.60124,-76.60548
20640,38.52673,-77.20160
20645,38.29722,-76.91618
20646,38.52428,-77.00065
20650,38.26120,-76.63123
20653,38.23709,-76.42869
20657,38.37976,-76.44288
20658,38.56053,-77.16059
20659,38.41867,-76.73242
20660,38.37022,-76.70663
20662,38.42851,-77.20533
20664,38.35459,-76.92542
20667,38.21524,-76.44776
20670,38.28485,-76.40766
20674,38.13419,-76.49618
20675,38.58093,-77.02249
20676,38.49321,-76.54124
20677,38.49525,-77.03672
20678,38.52282,-76.60135
20680,38.10913,-76.38589
20684,38.13614,-76.41016
20685,38.43438,-76.52868
20686,38.17800,-76.42957
20687,38.06370,-76.33969
20688,38.32726,-76.46432
20689,38.66295,-76.57937
20690,38.15815,-76.53488
20692,38.18035,-76.49961
20693,38.45906,-77.08735
20695,38.59149,-76.97078
20701,39.12556,-76.78544
20705,39.04942,-76.90036
20706,38.96588,-76.85109
20707,39.09917,-76.87979
20708,39.04817,-76.82404
20710,38.94237,-76.92591
20711,38.80106,-76.64511
20712,38.94236,-76.96458
20714,38.72246,-76.53281
20715,38.98939,-76.74133
20716,38.92643,-76.71503
20720,38.98297,-76.78582
20721,38.91522,-76.78513
20722,38.93456,-76.95060
20723,39.13768,-76.86794
20724,39.10108,-76.80400
20732,38.65514,-76.54257
20733,38.80565,-76.53223
20735,38.75092,-76.90267
20736,38.68908,-76.62776
20737,38.96426,-76.91354
20740,39.00274,-76.93172
20742,38.98962,-76.94570
20743,38.88423,-76.89332
20744,38.75832,-76.98404
20745,38.80689,-76.99519
20746,38.83640,-76.91827
20747,38.85499,-76.88331
20748,38.81487,-76.93345
20751,38.79444,-76.56120
20754,38.73058,-76.64715
20755,39.10778,-76.74720
20758,38.73337,-76.59315
20759,39.15398,-76.93117
20762,38.80980,-76.86916
20763,39.13526,-76.82044
20764,38.83194,-76.50431
20765,38.84193,-76.54404
20769,38.99667,-76.81865
20770,39.00299,-76.87917
20772,38.78027,-76.76699
20774,38.87453,-76.77418
20776,38.87232,-76.57243
20777,39.17494,-76.96909
20778,38.82870,-76.57275
20779,38.76360,-76.57339
20781,38.95286,-76.94629
20782,38.96587,-76.96609
20783,38.99707,-76.96678
20784,38.95055,-76.89172
20785,38.91829,-76.88195
20794,39.15147,-76.79470
20812,38.96704,-77.14388
20814,39.00484,-77.10300
20815,38.98339,-77.07934
20816,38.95695,-77.12001
20817,38.99728,-77.15182
20818,38.97349,-77.16239
20832,39.15035,-77.07825
20833,39.20717,-77.05467
20837,39.11651,-77.40712
20838,39.21780,-77.39073
20839,39.18154,-77.43080
20841,39.19185,-77.32752
20842,39.19988,-77.41527
20850,39.09092,-77.18219
20851,39.07906,-77.12182
20852,39.05151,-77.12397
20853,39.10175,-77.09460
20854,39.03277,-77.22083
20855,39.13318,-77.13438
20860,39.14233,-77.02541
20861,39.14869,-76.99908
20862,39.18080,-77.01739
20866,39.10928,-76.93395
20868,39.12623,-76.96963
20871,39.26134,-77.28255
20872,39.29447,-77.21613
20874,39.13306,-77.30183
20876,39.20838,-77.23718
20877,39.14060,-77.19206
20878,39.11264,-77.25044
20879,39.16730,-77.16415
20880,39.13974,-77.17360
20882,39.23963,-77.16104
20886,39.18851,-77.20514
20895,39.02705,-77.07759
20896,39.03538,-77.09246
20899,39.14371,-77.21613
20901,39.02150,-77.00978
20902,39.04375,-77.04237
20903,39.02143,-76.98077
20904,39.06657,-76.98074
20905,39.10987,-76.98808
20906,39.08732,-77.05716
20910,39.00286,-77.03665
20912,38.98160,-77.00116
21001,39.50449,-76.20105
21005,39.48811,-76.14452
21009,39.46688,-76.29523
21010,39.39093,-76.29263
21012,39.04656,-76.49563
21013,39.51149,-76.49080
21014,39.53608,-76.35218
21015,39.54418,-76.29247
21017,39.47483,-76.23458
21028,39.56596,-76.24953
21029,39.21356,-76.95939
21030,39.49241,-76.67444
21031,39.48721,-76.65801
21032,39.02834,-76.60415
21034,39.64058,-76.22310
21035,38.93830,-76.62659
21036,39.23464,-77.00674
21037,38.91925,-76.54349
21040,39.43663,-76.28976
21042,39.27718,-76.89460
21043,39.25584,-76.80149
21044,39.20527,-76.87874
21045,39.20604,-76.82823
21046,39.17312,-76.84203
21047,39.52138,-76.43878
21048,39.48812,-76.91508
21050,39.58534,-76.39216
21051,39.47269,-76.45584
21052,39.20558,-76.44707
21053,39.69679,-76.71467
21054,39.04025,-76.68522
21056,39.07294,-76.42856
21057,39.44875,-76.51247
21060,39.17364,-76.57764
21061,39.16194,-76.62944
21071,39.48166,-76.81096
21074,39.62160,-76.83993
21075,39.20308,-76.75072
21076,39.16852,-76.71635
21077,39.15614,-76.69769
21078,39.55923,-76.14125
21082,39.47811,-76.47347
21084,39.61356,-76.46644
21085,39.44588,-76.35702
21087,39.44931,-76.41324
21090,39.20699,-76.67498
21093,39.43914,-76.64095
21102,39.68283,-76.85054
21104,39.34690,-76.91276
21105,39.71395,-76.65128
21108,39.09031,-76.62126
21111,39.57554,-76.58969
21113,39.05420,-76.72462
21114,39.00963,-76.68423
21117,39.42757,-76.77576
21120,39.64620,-76.67485
21122,39.12084,-76.49483
21128,39.40795,-76.44829
21130,39.47732,-76.19418
21131,39.50449,-76.58920
21132,39.69470,-76.44040
21133,39.37438,-76.81177
21136,39.48378,-76.79421
21140,38.94830,-76.57902
21144,39.12092,-76.67732
21146,39.07914,-76.55870
21152,39.54105,-76.67989
21153,39.41784,-76.70052
21154,39.65745,-76.36047
21155,39.57362,-76.80608
21156,39.43721,-76.39649
21157,39.54857,-76.98356
21158,39.65372,-77.03513
21160,39.70025,-76.30654
21161,39.65990,-76.56506
21162,39.39012,-76.40558
21163,39.33753,-76.84825
21201,39.29482,-76.62222
21202,39.29653,-76.60702
21204,39.40227,-76.63229
21205,39.30229,-76.56448
21206,39.33843,-76.53888
21207,39.32417,-76.71948
21208,39.38643,-76.72115
21209,39.37319,-76.67000
21210,39.35916,-76.63268
21211,39.32982,-76.63941
21212,39.36856,-76.61490
21213,39.31503,-76.57743
21214,39.35180,-76.56440
21215,39.34524,-76.68357
21216,39.31059,-76.67172
21217,39.30847,-76.63915
21218,39.33011,-76.60145
21219,39.22746,-76.44330
21220,39.34728,-76.39008
21221,39.28938,-76.43686
21222,39.26484,-76.49257
21223,39.28295,-76.65388
21224,39.27486,-76.54283
21225,39.22612,-76.61574
21226,39.20889,-76.56293
21227,39.23997,-76.67945
21228,39.27286,-76.74774
21229,39.28424,-76.69140
21230,39.26812,-76.62672
21231,39.28720,-76.59195
21234,39.39342,-76.53423
21236,39.38823,-76.48368
21237,39.34154,-76.49527
21239,39.36710,-76.58917
21240,39.17533,-76.67325
21244,39.33501,-76.77671
21250,39.25561,-76.71118
21251,39.34471,-76.58124
21252,39.39379,-76.60782
21286,39.41184,-76.57323
21401,38.98794,-76.55272
21402,38.98663,-76.47285
21403,38.94212,-76.48963
21405,39.02753,-76.55668
21409,39.01843,-76.44253
21502,39.64370,-78.75514
21520,39.62474,-79.30148
21521,39.55137,-79.04148
21522,39.61024,-79.22775
21523,39.48133,-79.07851
21524,39.70763,-78.80141
21529,39.70279,-78.76707
21530,39.67964,-78.54612
21531,39.64305,-79.42809
21532,39.64908,-78.98473
21536,39.65696,-79.16557
21538,39.40993,-79.22429
21539,39.56128,-78.96971
21540,39.47815,-79.06245
21541,39.54147,-79.38003
21542,39.59609,-78.94999
21543,39.65380,-78.95886
21545,39.70407,-78.85451
21550,39.38938,-79.39074
21555,39.57514,-78.56257
21557,39.52291,-78.92773
21561,39.49159,-79.19440
21562,39.51385,-79.03938
21601,38.79420,-76.08104
21607,39.13271,-75.85421
21610,39.36711,-76.07250
21612,38.75221,-76.26999
21613,38.50279,-76.07887
21617,39.04936,-76.04454
21619,38.94245,-76.26574
21620,39.20018,-76.09791
21622,38.41446,-76.15925
21623,39.12403,-75.96675
21624,38.84467,-76.26989
21625,38.87321,-75.99603
21626,38.34136,-76.09836
21627,38.23311,-76.04640
21628,39.23317,-75.92205
21629,38.85867,-75.82508
21631,38.58239,-75.93898
21632,38.73140,-75.77243
21634,38.28335,-76.18523
21635,39.33479,-75.84662
21636,39.02529,-75.80281
21638,38.94020,-76.20760
21639,38.95873,-75.78250
21640,39.06814,-75.82095
21641,38.91792,-75.94021
21643,38.64558,-75.86990
21644,39.11243,-75.87352
21645,39.31582,-75.95616
21647,38.81235,-76.28345
21648,38.48536,-76.23933
21649,39.13289,-75.77068
21650,39.31438,-75.81702
21651,39.25608,-75.85152
21652,38.71368,-76.27254
21653,38.75046,-76.17973
21654,38.68890,-76.12604
21655,38.74497,-75.91277
21657,38.96874,-75.98616
21658,38.94427,-76.14394
21659,38.58988,-75.76743
21660,38.95575,-75.89011
21661,39.09612,-76.21949
21662,38.71059,-76.20835
21663,38.78829,-76.22866
21664,38.60708,-75.94469
21665,38.75190,-76.33242
21666,38.94014,-76.33579
21667,39.35071,-76.04200
21668,39.19119,-75.85300
21669,38.46196,-76.29517
21671,38.69557,-76.33513
21672,38.27170,-76.05270
21673,38.64229,-76.04349
21675,38.28898,-76.08960
21676,38.76935,-76.37180
21677,38.47218,-76.17384
21678,39.30916,-76.09879
21679,38.92048,-76.09412
21701,39.44360,-77.33289
21702,39.47925,-77.44319
21703,39.36703,-77.47348
21704,39.35488,-77.37590
21705,39.40886,-77.41001
21710,39.30790,-77.43206
21711,39.66840,-78.01957
21713,39.52969,-77.67568
21714,39.41930,-77.50442
21716,39.31445,-77.62002
21717,39.33867,-77.43704
21718,39.39350,-77.62779
21719,39.70796,-77.49423
21722,39.66208,-77.91985
21723,39.32911,-77.00261
21727,39.68861,-77.32928
21733,39.54930,-77.75849
21734,39.60782,-77.70784
21737,39.24826,-77.02712
21738,39.27984,-77.02671
21740,39.63190,-77.74389
21742,39.67822,-77.65272
21746,39.56506,-77.71147
21750,39.66226,-78.23597
21754,39.33211,-77.31621
21755,39.35965,-77.56813
21756,39.46277,-77.70404
21757,39.59386,-77.25814
21758,39.35321,-77.65681
21762,39.48083,-77.24709
21766,39.67047,-78.38789
21767,39.69714,-77.74747
21769,39.44246,-77.56891
21770,39.35019,-77.25624
21771,39.39463,-77.16402
21773,39.54266,-77.55154
21774,39.41017,-77.27419
21776,39.51801,-77.09971
21777,39.27131,-77.51938
21778,39.61581,-77.32842
21779,39.42682,-77.65163
21780,39.67742,-77.46558
21781,39.57107,-77.75965
21782,39.45683,-77.76237
21783,39.65196,-77.55258
21784,39.40108,-76.97374
21787,39.67763,-77.17259
21788,39.58998,-77.41386
21790,39.26087,-77.48490
21791,39.53305,-77.18856
21793,39.49362,-77.34412
21794,39.29842,-76.96613
21795,39.58061,-77.82370
21797,39.33118,-77.06861
21798,39.53637,-77.30202
21801,38.38333,-75.64386
21802,38.34477,-75.58270
21804,38.31408,-75.53211
21810,38.29992,-75.70773
21811,38.31888,-75.21674
21813,38.42421,-75.16169
21814,38.29308,-75.89930
21817,37.98103,-75.83607
21821,38.16459,-75.91666
21822,38.28081,-75.63608
21824,37.98077,-76.03655
21826,38.31695,-75.62646
21829,38.09766,-75.37146
21830,38.39736,-75.73477
21835,38.53189,-75.94846
21837,38.45459,-75.76629
21838,38.01790,-75.73792
21840,38.24874,-75.90001
21841,38.24694,-75.29581
21842,38.35552,-75.12579
21849,38.37735,-75.46212
21850,38.36173,-75.39708
21851,38.07987,-75.54244
21853,38.20354,-75.72089
21856,38.33073,-75.79488
21861,38.53644,-75.72735
21862,38.39805,-75.22614
21863,38.18791,-75.39904
21864,38.03157,-75.40581
21865,38.28734,-75.84118
21866,37.96713,-76.02137
21867,38.10966,-75.79368
21869,38.43823,-75.88599
21871,38.09378,-75.73569
21872,38.41513,-75.29926
21874,38.39128,-75.35197
21875,38.44000,-75.54470
21890,38.15732,-75.70434
21901,39.58920,-75.96395
21902,39.55197,-76.06315
21903,39.57344,-76.03906
21904,39.61549,-76.06799
21911,39.69530,-76.03228
21912,39.41941,-75.81863
21913,39.40451,-75.86761
21914,39.57234,-75.97869
21915,39.49615,-75.84817
21916,39.64129,-75.86156
21917,39.67163,-76.09740
21918,39.67819,-76.17589
21919,39.41855,-75.93371
21920,39.65750,-75.82833
21921,39.62714,-75.85989
21930,39.37566,-75.88799
22003,38.83024,-77.21473
22015,38.78769,-77.27877
22025,38.59773,-77.33946
22026,38.56007,-77.29621
22027,38.89485,-77.22305
22030,38.83718,-77.34048
22031,38.85892,-77.26027
22032,38.82140,-77.28531
22033,38.87522,-77.38471
22035,38.85473,-77.35698
22039,38.75596,-77.31417
22041,38.84932,-77.14147
22042,38.86502,-77.19712
22043,38.90086,-77.19588
22044,38.86204,-77.15437
22046,38.88715,-77.18239
22060,38.69935,-77.15750
22066,39.01236,-77.30194
22079,38.67461,-77.20974
22101,38.94020,-77.16488
22102,38.95095,-77.22955
22124,38.89487,-77.32952
22125,38.68173,-77.26186
22134,38.52170,-77.38505
22150,38.77286,-77.18652
22151,38.80409,-77.20780
22152,38.77449,-77.23203
22153,38.74497,-77.23564
22172,38.56485,-77.37129
22180,38.89544,-77.25613
22181,38.90665,-77.29339
22182,38.93842,-77.27552
22185,38.87461,-77.30403
22191,38.62291,-77.26294
22192,38.68370,-77.31467
22193,38.64406,-77.35054
22201,38.88657,-77.09524
22202,38.85685,-77.05150
22203,38.87373,-77.11727
22204,38.86079,-77.09896
22205,38.88347,-77.13953
22206,38.84392,-77.08940
22207,38.90666,-77.12424
22209,38.89502,-77.07546
22211,38.88012,-77.07079
22213,38.89510,-77.16251
22214,38.86882,-77.07397
22301,38.81995,-77.05963
22302,38.82788,-77.08492
22303,38.79438,-77.07884
22304,38.81320,-77.11227
22305,38.83646,-77.06210
22306,38.74979,-77.10740
22307,38.77200,-77.05728
22308,38.73351,-77.06108
22309,38.71906,-77.10710
22310,38.78466,-77.12218
22311,38.83399,-77.12551
22312,38.81579,-77.15427
22314,38.80685,-77.05637
22315,38.75834,-77.15120
22401,38.29927,-77.48666
22405,38.31360,-77.40393
22406,38.39972,-77.54673
22407,38.28347,-77.57568
22408,38.22027,-77.44365
22427,38.09315,-77.27112
22432,37.86952,-76.34235
22433,38.36706,-77.85939
22435,37.96679,-76.57211
22436,38.08417,-77.11746
22437,37.78035,-76.81177
22438,38.04102,-76.98074
22443,38.16951,-76.98681
22448,38.33631,-77.02845
22454,37.84403,-76.83365
22460,37.86928,-76.60736
22469,38.08229,-76.65031
22473,37.88748,-76.42075
22476,38.05110,-77.07262
22480,37.66255,-76.41223
22482,37.73661,-76.34665
22485,38.27718,-77.16264
22488,38.04946,-76.58748
22503,37.75047,-76.51534
22504,37.76892,-76.72068
22508,38.31319,-77.79847
22509,38.12052,-77.07995
22511,37.99445,-76.50438
22514,38.00800,-77.32938
22520,38.11858,-76.81242
22529,38.01155,-76.68955
22530,37.89783,-76.29305
22534,38.07722,-77.67211
22535,38.15475,-77.16254
22538,38.19218,-77.26218
22539,37.86061,-76.28604
22542,38.29352,-77.88086
22546,37.94267,-77.44867
22548,37.82366,-76.69744
22551,38.16984,-77.70002
22553,38.27120,-77.64929
22554,38.42678,-77.36685
22556,38.46892,-77.51524
22560,37.91585,-76.96109
22567,38.23786,-77.92758
22572,37.96530,-76.77107
22576,37.67180,-76.45580
22578,37.63657,-76.35613
22579,37.79560,-76.31494
22580,38.10918,-77.44568
22601,39.17420,-78.17429
22602,39.14425,-78.28481
22603,39.26935,-78.21327
22610,38.82466,-78.27914
22611,39.16888,-77.98461
22620,39.06819,-78.03228
22623,38.84893,-78.14066
22624,39.26978,-78.09184
22625,39.37680,-78.30933
22627,38.75792,-78.14457
22630,38.93091,-78.17648
22637,39.25674,-78.35278
22639,38.81378,-78.01906
22640,38.81103,-78.14057
22641,39.08521,-78.39323
22642,38.93561,-78.01507
22643,38.88580,-77.98813
22644,38.94977,-78.48648
22645,39.01918,-78.27471
22646,39.07252,-78.05093
22650,38.76508,-78.36463
22652,38.84009,-78.43175
22654,38.98303,-78.58101
22655,39.06634,-78.20917
22656,39.22349,-78.09312
22657,39.00255,-78.37618
22660,38.94411,-78.43152
22663,39.05255,-78.11232
22664,38.88892,-78.53245
22701,38.43878,-77.99626
22709,38.32873,-78.21374
22711,38.46450,-78.27886
22712,38.56401,-77.75725
22713,38.56072,-78.11882
22714,38.51967,-77.89542
22715,38.41395,-78.18470
22716,38.62999,-78.10302
22718,38.47718,-77.82746
22719,38.53489,-78.28125
22720,38.47496,-77.64411
22722,38.46625,-78.22706
22723,38.33461,-78.38036
22724,38.61465,-77.89398
22726,38.39820,-77.81654
22727,38.40759,-78.29529
22728,38.59722,-77.68795
22729,38.37419,-78.01776
22730,38.37442,-78.15846
22731,38.33656,-78.25733
22732,38.31463,-78.18988
22733,38.33326,-78.04614
22734,38.52619,-77.79456
22735,38.47690,-78.17423
22736,38.39816,-77.70457
22737,38.58268,-78.01410
22738,38.29393,-78.28093
22740,38.64569,-78.28695
22741,38.43356,-77.86713
22742,38.46633,-77.71507
22743,38.54004,-78.38141
22747,38.70906,-78.16567
22749,38.61966,-78.18023
22801,38.40357,-78.87433
22802,38.49449,-78.86316
22807,38.43397,-78.86787
22810,38.82709,-78.79653
22811,38.81110,-78.99152
22812,38.37808,-79.02717
22815,38.71251,-78.84121
22820,38.70484,-79.01905
22821,38.48053,-79.12841
22824,38.83607,-78.63182
22827,38.41069,-78.59644
22830,38.66724,-78.97502
22831,38.57650,-79.07624
22832,38.45492,-78.75970
22834,38.55926,-78.86005
22835,38.66996,-78.45369
22840,38.42544,-78.72282
22841,38.34179,-78.89249
22842,38.77805,-78.69966
22843,38.36843,-79.14679
22844,38.66156,-78.65812
22845,38.78633,-78.81640
22846,38.38935,-78.78624
22847,38.71984,-78.72177
22849,38.52532,-78.62963
22850,38.55979,-78.92639
22851,38.56305,-78.51291
22853,38.65170,-78.75871
22901,38.08770,-78.55274
22902,37.91028,-78.52212
22903,38.00697,-78.59506
22904,38.03196,-78.52403
22911,38.09701,-78.41015
22920,37.96871,-78.80554
22922,37.69370,-78.92176
22923,38.18931,-78.31668
22931,37.89893,-78.72743
22932,38.14751,-78.69646
22935,38.25396,-78.56266
22936,38.16000,-78.49913
22937,37.79723,-78.61921
22938,37.86586,-78.79453
22939,38.10578,-78.97403
22940,38.15974,-78.55616
22942,38.10144,-78.20213
22943,38.04017,-78.77834
22946,37.85858,-78.57138
22947,38.04399,-78.32472
22948,38.36317,-78.12897
22949,37.78908,-78.88344
22952,37.96356,-78.96274
22958,37.89277,-78.89429
22959,37.93728,-78.65658
22960,38.21918,-78.07270
22963,37.84810,-78.30511
22964,37.71177,-78.97577
22967,37.79731,-79.01408
22968,38.24060,-78.40089
22969,37.79750,-78.69337
22971,37.74512,-78.79318
22972,38.21578,-78.23028
22973,38.33590,-78.47868
22974,37.97258,-78.28445
22976,37.82980,-79.04012
22980,38.09986,-78.88055
22989,38.28868,-78.13107
23002,37.35106,-77.96788
23004,37.68829,-78.39920
23005,37.75970,-77.48187
23009,37.82099,-77.18180
23011,37.47735,-76.81245
23015,37.92981,-77.62625
23021,37.38983,-76.37769
23022,37.73100,-78.26315
23023,37.76896,-76.96373
23024,37.92775,-77.77927
23025,37.41516,-76.36242
23027,37.64648,-78.13017
23030,37.34596,-77.05531
23032,37.65578,-76.66921
23035,37.48379,-76.38719
23038,37.75346,-78.14879
23039,37.65657,-77.81247
23040,37.50323,-78.24788
23043,37.56208,-76.35028
23045,37.42535,-76.26881
23047,37.84338,-77.47392
23050,37.49794,-76.42633
23055,37.76821,-78.21701
23056,37.37551,-76.35371
23059,37.70225,-77.57399
23060,37.65966,-77.53383
23061,37.42773,-76.53758
23062,37.26293,-76.50749
23063,37.71255,-78.00613
23064,37.49673,-76.30029
23065,37.80596,-77.93243
23066,37.49564,-76.28659
23068,37.50069,-76.33514
23069,37.77155,-77.32238
23070,37.55230,-76.38901
23071,37.54538,-76.44879
23072,37.29044,-76.44779
23075,37.55821,-77.31688
23076,37.47838,-76.30034
23079,37.71688,-76.67474
23083,37.30804,-78.11733
23084,37.88493,-78.11505
23085,37.68895,-76.82564
23086,37.66857,-77.05441
23089,37.45580,-76.90350
23091,37.65626,-76.80249
23092,37.60677,-76.51475
23093,38.00417,-78.04006
23102,37.70812,-77.82865
23103,37.64803,-77.72364
23106,37.71611,-77.20151
23108,37.64949,-76.72501
23109,37.43272,-76.33251
23110,37.58282,-76.77111
23111,37.61355,-77.24302
23112,37.43670,-77.65911
23113,37.53981,-77.67974
23114,37.48223,-77.65977
23115,37.81098,-76.91447
23116,37.67565,-77.33671
23117,37.98200,-77.87398
23119,37.44817,-76.27718
23120,37.42208,-77.78137
23123,37.65183,-78.30114
23124,37.55095,-77.04404
23125,37.32713,-76.28083
23126,37.92346,-77.14432
23128,37.43607,-76.43296
23129,37.68485,-77.77281
23130,37.38729,-76.25944
23138,37.34265,-76.30432
23139,37.54599,-77.93673
23140,37.43501,-77.03831
23141,37.52869,-77.15614
23146,37.72343,-77.71040
23148,37.84643,-77.05464
23149,37.57567,-76.60928
23150,37.50114,-77.25258
23153,37.77081,-77.94726
23156,37.52114,-76.70662
23160,37.62816,-77.84592
23161,37.71571,-76.93523
23163,37.35345,-76.31095
23168,37.39576,-76.82511
23169,37.60345,-76.45724
23173,37.57768,-77.53697
23175,37.65487,-76.62436
23176,37.57294,-76.41498
23177,37.75501,-77.01449
23180,37.70243,-76.61526
23181,37.59749,-76.88906
23185,37.22875,-76.71866
23187,37.26886,-76.72094
23188,37.34294,-76.76385
23192,37.82036,-77.68081
23219,37.53977,-77.43553
23220,37.54935,-77.46061
23221,37.55331,-77.49356
23222,37.58297,-77.41891
23223,37.55777,-77.37889
23224,37.49760,-77.46743
23225,37.51862,-77.51294
23226,37.57991,-77.52335
23227,37.61181,-77.43586
23228,37.62662,-77.49283
23229,37.58677,-77.57416
23230,37.58664,-77.48912
23231,37.44220,-77.31493
23233,37.64643,-77.62423
23234,37.45142,-77.47066
23235,37.51457,-77.56476
23236,37.47581,-77.58528
23237,37.40088,-77.44905
23238,37.59561,-77.64761
23250,37.50466,-77.32086
23294,37.63128,-77.54253
23301,37.68126,-75.63346
23302,37.86567,-75.52092
23303,37.91136,-75.50497
23304,36.99614,-76.57211
23306,37.56107,-75.87203
23307,37.43204,-75.87116
23308,37.83863,-75.66012
23310,37.25899,-75.96366
23313,37.19973,-75.94563
23314,36.95905,-76.52428
23315,36.73739,-76.84051
23316,37.30312,-75.99296
23320,36.76229,-76.21165
23321,36.80040,-76.42115
23322,36.61871,-76.22705
23323,36.69698,-76.37993
23324,36.79972,-76.27345
23325,36.81455,-76.23843
23336,37.95461,-75.33452
23337,37.93041,-75.48609
23347,37.33920,-75.97826
23350,37.51270,-75.86259
23354,37.46286,-75.91225
23356,38.01000,-75.38537
23357,37.75565,-75.67603
23358,37.65266,-75.86795
23359,37.88495,-75.58798
23389,37.66051,-75.83478
23395,37.97630,-75.46059
23398,37.51613,-75.94407
23401,37.62749,-75.77940
23405,37.41172,-75.92660
23407,37.84096,-75.57877
23408,37.45291,-75.84347
23409,37.88762,-75.66291
23410,37.63784,-75.73691
23413,37.47285,-75.85776
23414,37.80681,-75.57990
23415,37.96955,-75.53470
23416,37.93377,-75.56335
23417,37.76484,-75.78092
23418,37.66687,-75.68716
23420,37.59907,-75.81748
23421,37.76478,-75.61177
23422,37.63539,-75.82273
23423,37.52530,-75.71431
23426,37.92410,-75.68954
23427,37.93231,-75.71565
23430,37.00274,-76.65315
23432,36.87645,-76.55398
23433,36.91613,-76.48447
23434,36.70300,-76.59211
23435,36.84134,-76.48423
23436,36.89376,-76.50692
23437,36.62712,-76.80320
23438,36.58149,-76.69655
23440,37.84442,-75.99769
23441,37.71027,-75.69969
23442,37.90476,-75.57544
23451,36.86513,-76.00583
23452,36.84576,-76.09281
23453,36.78349,-76.07121
23454,36.81804,-76.03086
23455,36.89300,-76.14711
23456,36.73695,-76.03599
23457,36.61275,-76.02414
23459,36.92466,-76.01923
23460,36.80798,-76.02841
23461,36.77540,-75.96325
23462,36.83731,-76.15051
23464,36.79692,-76.18763
23480,37.61868,-75.69066
23486,37.51360,-75.81214
23487,36.84737,-76.72505
23488,37.94761,-75.59846
23502,36.86094,-76.20491
23503,36.94879,-76.26646
23504,36.85730,-76.26561
23505,36.91422,-76.28941
23507,36.86456,-76.30322
23508,36.88489,-76.31027
23509,36.88241,-76.26396
23510,36.85241,-76.29148
23511,36.91223,-76.32581
23513,36.88971,-76.23886
23517,36.86968,-76.29257
23518,36.91612,-76.21537
23523,36.83239,-76.27208
23551,36.92405,-76.28862
23601,37.03786,-76.47981
23602,37.11342,-76.51795
23603,37.19106,-76.56454
23604,37.10503,-76.57479
23605,37.01867,-76.43670
23606,37.06441,-76.52164
23607,36.97051,-76.42434
23608,37.14781,-76.54304
23651,37.00571,-76.30539
23661,37.00930,-76.38618
23662,37.13332,-76.35303
23663,37.03229,-76.31365
23664,37.07837,-76.28982
23665,37.08392,-76.36012
23666,37.05814,-76.40665
23669,37.05031,-76.34281
23690,37.22240,-76.51710
23691,37.25525,-76.54942
23692,37.19244,-76.46358
23693,37.12307,-76.44713
23696,37.18912,-76.42108
23701,36.81371,-76.37034
23702,36.79905,-76.32898
23703,36.89334,-76.37329
23704,36.82419,-76.31016
23707,36.84230,-76.33963
23708,36.84768,-76.30408
23709,36.81275,-76.30546
23801,37.23538,-77.33528
23803,37.20928,-77.49724
23805,37.13854,-77.40348
23806,37.23861,-77.41824
23821,36.88320,-77.91294
23824,37.08558,-77.97218
23827,36.61231,-77.19688
23828,36.58085,-77.26693
23829,36.73267,-77.21735
23830,37.01696,-77.39506
23831,37.34625,-77.45057
23832,37.38785,-77.59211
23833,37.20943,-77.66892
23834,37.29058,-77.40411
23836,37.34523,-77.34674
23837,36.74958,-77.08415
23838,37.31921,-77.63317
23839,37.07982,-76.92062
23840,37.06533,-77.66601
23841,37.04804,-77.54394
23842,37.13168,-77.22195
23843,36.84515,-77.82245
23844,36.68003,-77.32653
23845,36.57882,-77.97756
23846,37.06660,-76.83402
23847,36.67026,-77.55025
23850,37.22013,-77.76525
23851,36.65585,-76.95084
23856,36.78401,-77.70235
23857,36.58465,-77.88380
23860,37.27475,-77.22741
23866,36.92368,-76.86240
23867,36.81660,-77.48162
23868,36.72201,-77.81738
23872,36.98774,-77.71857
23874,36.60896,-77.08571
23875,37.22140,-77.27050
23876,36.95575,-77.83361
23878,36.82477,-77.02543
23879,36.59228,-77.59684
23881,37.18074,-76.97783
23882,36.92617,-77.42169
23883,37.13596,-76.73589
23884,36.91723,-77.27944
23885,37.19029,-77.57266
23887,36.57336,-77.81692
23888,36.94996,-76.97504
23889,36.90293,-77.74725
23890,37.00918,-77.11832
23891,37.05082,-77.21243
23893,36.64407,-77.92078
23894,37.12221,-77.82082
23897,36.82901,-77.28361
23898,36.83826,-76.86187
23899,37.23442,-76.97408
23901,37.32092,-78.42089
23909,37.30058,-78.39664
23915,36.69314,-78.28742
23917,36.62555,-78.34486
23919,36.59341,-78.13115
23920,36.72452,-77.97525
23921,37.58632,-78.62354
23922,37.18551,-78.21639
23923,37.08715,-78.64969
23924,36.80658,-78.42203
23927,36.59208,-78.56031
23930,37.17100,-78.09961
23934,37.17715,-78.62671
23936,37.53252,-78.47924
23937,36.94514,-78.51250
23938,36.90531,-77.99203
23942,37.13437,-78.28920
23943,37.24546,-78.45414
23944,36.91594,-78.13861
23947,37.03109,-78.44472
23950,36.65876,-78.07587
23952,36.92870,-78.29859
23954,37.10633,-78.38011
23958,37.26489,-78.65963
23959,37.10519,-78.79475
23960,37.32096,-78.55206
23962,37.00466,-78.73933
23963,37.20097,-78.79855
23964,36.76897,-78.62876
23966,37.30026,-78.25912
23967,36.91313,-78.63660
23968,36.72526,-78.52851
23970,36.75050,-78.19076
23974,36.97046,-78.25528
23976,36.84443,-78.58531
24011,37.27085,-79.94149
24012,37.31046,-79.90305
24013,37.26650,-79.92310
24014,37.22286,-79.91519
24015,37.25676,-79.98133
24016,37.27344,-79.95469
24017,37.29764,-79.99097
24018,37.21305,-80.04174
24019,37.34652,-79.95358
24020,37.35822,-79.94418
24053,36.60723,-80.53408
24054,36.66781,-79.70698
24055,36.75617,-79.99755
24058,37.17666,-80.62225
24059,37.16373,-80.13048
24060,37.25548,-80.42254
24064,37.37631,-79.77039
24065,37.11712,-79.99711
24066,37.53691,-79.68119
24067,37.03235,-80.06032
24069,36.57689,-79.64257
24070,37.35608,-80.22589
24072,37.04199,-80.24238
24073,37.13465,-80.42306
24076,36.60519,-80.42104
24077,37.36621,-79.90402
24078,36.72117,-79.89959
24079,37.05663,-80.16094
24082,36.62009,-80.11652
24083,37.40517,-79.92019
24084,37.12796,-80.84588
24085,37.67937,-79.82155
24086,37.27558,-80.63225
24087,37.22151,-80.23893
24088,36.88790,-80.07793
24089,36.70852,-79.97155
24090,37.52172,-79.88660
24091,36.91995,-80.33052
24092,37.01203,-79.75785
24093,37.38384,-80.85962
24095,37.22321,-79.73727
24101,37.17356,-79.79639
24102,36.84440,-80.00227
24104,37.13361,-79.48864
24105,36.91158,-80.60369
24112,36.72117,-79.84693
24120,36.69164,-80.41392
24121,37.16892,-79.64741
24122,37.42620,-79.69213
24124,37.31632,-80.85754
24127,37.47360,-80.23105
24128,37.33999,-80.48254
24130,37.60974,-80.00241
24131,37.57065,-80.23287
24132,37.20378,-80.65925
24133,36.66970,-80.13443
24134,37.24792,-80.77756
24136,37.33179,-80.60160
24137,36.92755,-79.65750
24138,37.04290,-80.30633
24139,37.01317,-79.48107
24141,37.09545,-80.57048
24142,37.13795,-80.55090
24147,37.40151,-80.82363
24148,36.58149,-79.87680
24149,37.01858,-80.43358
24150,37.38071,-80.62556
24151,36.95402,-79.86520
24153,37.30251,-80.11432
24161,36.97809,-79.52911
24162,37.12945,-80.24971
24165,36.58490,-80.05192
24167,37.25526,-80.72454
24168,36.73475,-79.94646
24171,36.69664,-80.22083
24174,37.35172,-79.67310
24175,37.42800,-79.93969
24176,37.00554,-79.69249
24179,37.28689,-79.81151
24184,37.08854,-79.77924
24185,36.81159,-80.26924
24201,36.61071,-82.17005
24202,36.65631,-82.21222
24210,36.76893,-82.02753
24211,36.65409,-81.95507
24216,36.94987,-82.79639
24217,37.08174,-82.17099
24219,36.84927,-82.75853
24220,37.13730,-82.24018
24221,36.62531,-82.99876
24224,36.86143,-82.27175
24225,36.99171,-82.14185
24226,37.13690,-82.32299
24228,37.16686,-82.45626
24230,36.95630,-82.45442
24236,36.65262,-81.74797
24237,37.03616,-82.26194
24239,37.11821,-82.14741
24243,36.77306,-82.92602
24244,36.72396,-82.78207
24245,36.83801,-82.51280
24246,36.86650,-82.74557
24248,36.62571,-83.51443
24250,36.75673,-82.59653
24251,36.65715,-82.59941
24256,37.21590,-82.28674
24258,36.64537,-82.42204
24260,37.03075,-82.01502
24263,36.66823,-83.14740
24265,36.83266,-82.94646
24266,36.85875,-82.12096
24269,37.07277,-82.38068
24270,36.72961,-82.25067
24271,36.74881,-82.41719
24272,37.01391,-82.31478
24273,36.96470,-82.66148
24277,36.74479,-83.03852
24279,37.07773,-82.62739
24280,36.95608,-81.92332
24281,36.63732,-83.34023
24282,36.81876,-83.05431
24283,36.93978,-82.33294
24290,36.61270,-82.56794
24292,36.61769,-81.57814
24293,37.00435,-82.55081
24301,37.06503,-80.81827
24311,36.87420,-81.42200
24312,36.83302,-80.88702
24313,36.90953,-80.81994
24314,37.15724,-81.21041
24315,37.13363,-81.06323
24316,36.95571,-81.66899
24317,36.60117,-80.67135
24318,36.99596,-81.38712
24319,36.74376,-81.64583
24322,36.79901,-81.11366
24323,36.86625,-81.18640
24324,36.97411,-80.77648
24325,36.79541,-80.60160
24326,36.72984,-81.20220
24328,36.64536,-80.70084
24330,36.72580,-81.02069
24333,36.63981,-80.93508
24340,36.75325,-81.76790
24343,36.77045,-80.69092
24347,36.96087,-80.65247
24348,36.65223,-81.21532
24350,36.81330,-80.99418
24351,36.57943,-80.76513
24352,36.70901,-80.53119
24354,36.82939,-81.53975
24360,36.93328,-80.89757
24361,36.76734,-81.84496
24363,36.61663,-81.40505
24366,37.25948,-81.11858
24368,36.88803,-81.30249
24370,36.91141,-81.68979
24374,36.78378,-81.22036
24375,36.76894,-81.38714
24377,37.00027,-81.57469
24378,36.68669,-81.44337
24380,36.85970,-80.50876
24381,36.72999,-80.84065
24382,36.96002,-81.10137
24401,38.13439,-79.08556
24411,38.10513,-79.31124
24412,38.05372,-79.81814
24413,38.54245,-79.60029
24415,37.92500,-79.31705
24416,37.72250,-79.36086
24421,38.24465,-79.24514
24422,37.83050,-79.75950
24426,37.76513,-80.08382
24430,38.08696,-79.35580
24431,38.17004,-78.84288
24432,38.14806,-79.44336
24433,38.42402,-79.42483
24435,37.87264,-79.30194
24437,38.22607,-78.93923
24439,37.99381,-79.48931
24440,37.99936,-79.16540
24441,38.22607,-78.82487
24442,38.37253,-79.38462
24445,37.94463,-79.89874
24448,37.79711,-79.78852
24450,37.77899,-79.52658
24457,37.76307,-79.94390
24458,38.31575,-79.52747
24459,38.01702,-79.29837
24460,38.01546,-79.65091
24464,37.87519,-79.09504
24465,38.38457,-79.64776
24467,38.25499,-78.97132
24471,38.31321,-78.78418
24472,37.94116,-79.20857
24473,37.93475,-79.41536
24474,37.80561,-79.84553
24476,37.97447,-79.22736
24477,38.00488,-79.04223
24479,38.16394,-79.23904
24482,38.20593,-78.99668
24483,37.78892,-79.25104
24484,38.15519,-79.78483
24485,38.26760,-79.33302
24486,38.29689,-78.92453
24487,38.19295,-79.58535
24501,37.35974,-79.14127
24502,37.36040,-79.22158
24503,37.45135,-79.24876
24504,37.36525,-79.04819
24517,37.14752,-79.23716
24520,36.58659,-79.02975
24521,37.63329,-79.10084
24522,37.37679,-78.77877
24523,37.34430,-79.52249
24526,37.54327,-79.41594
24527,36.73677,-79.34172
24528,37.07969,-78.87623
24529,36.62662,-78.64675
24530,36.80707,-79.61950
24531,36.84262,-79.45378
24534,36.86742,-78.77051
24536,37.49569,-79.32653
24538,37.34520,-78.96237
24539,36.85290,-78.91472
24540,36.63451,-79.42676
24541,36.58881,-79.51505
24549,36.70666,-79.50447
24550,37.23963,-79.24540
24551,37.35626,-79.32460
24553,37.54550,-78.81001
24554,37.12004,-79.07162
24555,37.66983,-79.48409
24556,37.37582,-79.39930
24557,36.96986,-79.30642
24558,36.77434,-78.95396
24562,37.69543,-78.63778
24563,37.06250,-79.27912
24565,36.85272,-79.18950
24566,36.73183,-79.25264
24569,37.04255,-79.12586
24570,37.34646,-79.42446
24571,37.13296,-79.37275
24572,37.46491,-79.09526
24574,37.57615,-79.25337
24577,36.94393,-78.98267
24578,37.65988,-79.56228
24579,37.58580,-79.50270
24580,36.57905,-78.67312
24581,37.65522,-78.80576
24586,36.60704,-79.27661
24588,37.26215,-79.09623
24589,36.76081,-78.75805
24590,37.79740,-78.49255
24592,36.67580,-78.96555
24593,37.32256,-78.90276
24594,36.64684,-79.17853
24595,37.56071,-79.08102
24597,36.78241,-79.11086
24598,36.60467,-78.78800
24599,37.62356,-78.72389
24601,37.19373,-81.64924
24602,37.18321,-81.65851
24603,37.35539,-82.19011
24604,37.21198,-81.53967
24605,37.25418,-81.37121
24606,37.28631,-81.39877
24607,37.29245,-82.25797
24609,37.00960,-81.80781
24612,37.09338,-81.83814
24613,37.26516,-81.33688
24614,37.29865,-82.07109
24620,37.43135,-82.01176
24622,37.21467,-81.78985
24628,37.28240,-82.22298
24630,37.17833,-81.46555
24631,37.21727,-81.99069
24634,37.26783,-81.90275
24635,37.31261,-81.36299
24637,37.06108,-81.71389
24639,37.16037,-81.88820
24641,37.11181,-81.80245
24646,37.14482,-82.02421
24649,37.06300,-81.89948
24651,37.07553,-81.50310
24656,37.17506,-82.12499
24657,37.22651,-81.85678
24701,37.30595,-81.20494
24712,37.46427,-81.01515
24714,37.48447,-81.19007
24715,37.34165,-81.32799
24716,37.48004,-81.37183
24719,37.48717,-81.32673
24724,37.33088,-81.29976
24726,37.51475,-81.35207
24729,37.44989,-81.26003
24731,37.39797,-81.15106
24733,37.45077,-81.20519
24736,37.44678,-81.28123
24737,37.35225,-81.24931
24738,37.30204,-81.30970
24740,37.37346,-81.00479
24747,37.37875,-81.29970
24801,37.44888,-81.57699
24808,37.33003,-81.42240
24811,37.39917,-81.77125
24813,37.35741,-81.72011
24815,37.24167,-81.65960
24816,37.46110,-81.70594
24817,37.35227,-81.80478
24818,37.60270,-81.62495
24822,37.64703,-81.69727
24823,37.67197,-81.75195
24826,37.29327,-81.62359
24827,37.73645,-81.64123
24828,37.49887,-81.63665
24830,37.32312,-81.50612
24831,37.39412,-81.41157
24834,37.54774,-81.63058
24836,37.33387,-81.55861
24839,37.54995,-81.74022
24843,37.48714,-81.71010
24844,37.46245,-81.80663
24845,37.51795,-81.81784
24846,37.52952,-81.91286
24847,37.57711,-81.41842
24848,37.30374,-81.46069
24849,37.66578,-81.54276
24850,37.32099,-81.85048
24851,37.60137,-81.83369
24853,37.43545,-81.51182
24854,37.73649,-81.57269
24857,37.67251,-81.66030
24860,37.66015,-81.60752
24861,37.35095,-81.36313
24862,37.47881,-81.96364
24866,37.24813,-81.58033
24867,37.59576,-81.44471
24868,37.43845,-81.38906
24869,37.56272,-81.83810
24870,37.76544,-81.51022
24871,37.35930,-81.46830
24872,37.44937,-81.92050
24873,37.36615,-81.87819
24874,37.54253,-81.55534
24878,37.43936,-81.62542
24879,37.31390,-81.75869
24880,37.64964,-81.53201
24881,37.43134,-81.68460
24882,37.62569,-81.76599
24884,37.23047,-81.60409
24887,37.37335,-81.40417
24888,37.39280,-81.48325
24892,37.32566,-81.68811
24894,37.27497,-81.71367
24898,37.59385,-81.61013
24901,37.85540,-80.45155
24910,37.75051,-80.64815
24915,38.46462,-79.77594
24916,37.82861,-80.58099
24918,37.52231,-80.74550
24920,38.58008,-79.70421
24924,38.20130,-80.16487
24925,37.70972,-80.37646
24927,38.37519,-79.95710
24931,37.91901,-80.58860
24934,38.33362,-79.89105
24935,37.56611,-80.80565
24938,37.90009,-80.37451
24941,37.58629,-80.35103
24944,38.38966,-79.78368
24945,37.54198,-80.67719
24946,38.18442,-80.26231
24951,37.48425,-80.64359
24954,38.22491,-80.05605
24957,37.88539,-80.42500
24962,37.66240,-80.71836
24963,37.43640,-80.75847
24966,38.09148,-80.37516
24970,37.72811,-80.47446
24974,37.64177,-80.44836
24976,37.65696,-80.51171
24977,37.89789,-80.68502
24981,37.62979,-80.73587
24983,37.57500,-80.51859
24984,37.49353,-80.40502
24986,37.92109,-80.14561
24991,38.02158,-80.49745
25002,38.13576,-81.24173
25003,38.24849,-81.78486
25005,38.58344,-81.25643
25007,37.82484,-81.43046
25008,37.94881,-81.34467
25009,38.20231,-81.68457
25011,38.50858,-81.83942
25015,38.24613,-81.49726
25019,38.37163,-81.06888
25021,37.92211,-81.67978
25022,37.85820,-81.81255
25024,38.15908,-81.62372
25025,38.31418,-81.41101
25028,37.94715,-81.72557
25030,38.45332,-81.22585
25031,38.14875,-81.27478
25033,38.61206,-81.92438
25035,38.16524,-81.52099
25036,38.21475,-81.25840
25039,38.23496,-81.36326
25040,38.12649,-81.23515
25043,38.42576,-81.00315
25044,37.91147,-81.36871
25045,38.44748,-81.32932
25047,37.92053,-81.76762
25048,37.94583,-81.43733
25049,38.11529,-81.55826
25051,38.15695,-81.70979
25053,38.03674,-81.87892
25054,38.11053,-81.48849
25057,38.12038,-81.25344
25059,38.21890,-81.20207
25060,37.94733,-81.43077
25061,38.17455,-81.43984
25062,37.87966,-81.43320
25063,38.56699,-80.92765
25064,38.37704,-81.74936
25067,38.20154,-81.44294
25070,38.54589,-81.93165
25071,38.46250,-81.46685
25075,38.06016,-81.40513
25076,37.86502,-81.94217
25081,38.07389,-81.75231
25082,38.60421,-82.03104
25083,38.06989,-81.36776
25085,38.17268,-81.20548
25086,38.20398,-81.41735
25088,38.39860,-81.20882
25090,38.15513,-81.22100
25093,37.98311,-81.66964
25102,38.19102,-81.37482
25103,38.18060,-81.38086
25106,38.78851,-82.11108
25107,38.22975,-81.62163
25108,37.97358,-81.88119
25109,38.52676,-81.85191
25110,38.21843,-81.31498
25111,38.35288,-81.12884
25112,38.38026,-81.76714
25113,38.55329,-81.04627
25114,37.98732,-81.78634
25115,38.12219,-81.18225
25118,38.11166,-81.30597
25119,38.04138,-81.27626
25121,37.91621,-81.89728
25123,38.73018,-81.90004
25124,38.62109,-81.76450
25125,38.31168,-81.21523
25126,38.20273,-81.37268
25130,38.03299,-81.75226
25132,38.29353,-81.34460
25133,38.47760,-81.14293
25134,38.16283,-81.49056
25136,38.15004,-81.32735
25139,38.13759,-81.29144
25140,37.83989,-81.49851
25141,38.63018,-81.02470
25142,38.15355,-81.72988
25143,38.41787,-81.81948
25148,38.04565,-81.56176
25149,37.94915,-81.77200
25152,38.05818,-81.25070
25154,38.12058,-81.71332
25156,38.18370,-81.33828
25159,38.52361,-81.78890
25160,38.28220,-81.27266
25161,38.05278,-81.31873
25162,38.20756,-81.38734
25164,38.50918,-81.20495
25165,38.14604,-81.64942
25168,38.56035,-81.87985
25169,38.17294,-81.78697
25173,38.09116,-81.22978
25174,37.86566,-81.41096
25177,38.36728,-81.84833
25180,37.79026,-81.43627
25181,38.04929,-81.64120
25183,37.91401,-81.79006
25185,38.23519,-81.23802
25186,38.18234,-81.27111
25187,38.73166,-82.01433
25193,38.03546,-81.50710
25201,38.33561,-81.49047
25202,38.31638,-81.85909
25203,38.01599,-81.88231
25204,37.92532,-81.61456
25205,38.01956,-81.77933
25206,37.99781,-81.69578
25208,37.83651,-81.63976
25209,37.95296,-81.51989
25211,38.46869,-80.88841
25213,38.51266,-81.91330
25214,38.18583,-81.54291
25234,38.80832,-81.13334
25235,38.66953,-81.08950
25239,38.83235,-81.85169
25241,38.78798,-81.81003
25243,38.68672,-81.47947
25244,38.76757,-81.55087
25245,38.69742,-81.75539
25247,39.00594,-82.00629
25248,38.64427,-81.61386
25251,38.62053,-81.23632
25252,38.95096,-81.51117
25253,38.92106,-81.96149
25259,38.67353,-81.25176
25260,39.00266,-82.03406
25261,38.82166,-81.08049
25262,38.90780,-81.82604
25264,38.85986,-81.89388
25265,38.98662,-81.95774
25266,38.60598,-81.16232
25267,38.83362,-80.94091
25268,38.72457,-81.07582
25270,38.86731,-81.42697
25271,38.78851,-81.69254
25275,38.92151,-81.61058
25276,38.78208,-81.32869
25285,38.53966,-81.10156
25286,38.61520,-81.40798
25287,38.95472,-82.05143
25301,38.35072,-81.63036
25302,38.39318,-81.59547
25303,38.35956,-81.68613
25304,38.30600,-81.59319
25305,38.33763,-81.61274
25306,38.31252,-81.49944
25309,38.30865,-81.74953
25311,38.36686,-81.55703
25312,38.44840,-81.65935
25313,38.41931,-81.76645
25314,38.30808,-81.64025
25315,38.22228,-81.56034
25320,38.53985,-81.63319
25401,39.45717,-77.97243
25403,39.47485,-78.01164
25404,39.48992,-77.89636
25405,39.40918,-77.96153
25411,39.54875,-78.22147
25413,39.31059,-78.05595
25414,39.24179,-77.86485
25419,39.58288,-77.88514
25420,39.38157,-78.11504
25422,39.54499,-78.35429
25425,39.30666,-77.77303
25427,39.52070,-78.08529
25428,39.38063,-78.02221
25430,39.32718,-77.93792
25431,39.48376,-78.57431
25432,39.30637,-77.78299
25434,39.43975,-78.46111
25437,39.42780,-78.57049
25438,39.32344,-77.86401
25442,39.37285,-77.83275
25443,39.43709,-77.81445
25444,39.41285,-78.52389
25446,39.24159,-77.95341
25501,38.15388,-81.96964
25502,38.65640,-82.11716
25503,38.61259,-82.12096
25504,38.37643,-82.27003
25505,38.01230,-82.03119
25506,38.20472,-82.18702
25507,38.39529,-82.56274
25508,37.96394,-82.02197
25510,38.38230,-82.08300
25511,38.05122,-82.33503
25512,38.18473,-82.32727
25514,38.10029,-82.52868
25515,38.75662,-82.14687
25517,38.10832,-82.44313
25520,38.56115,-82.18286
25521,38.22015,-81.99934
25523,38.27873,-82.04913
25524,38.02162,-82.11735
25526,38.39445,-81.99131
25529,38.15258,-81.84688
25530,38.35749,-82.57999
25534,38.08441,-82.27502
25535,38.30856,-82.43484
25537,38.53338,-82.28197
25540,38.18261,-82.15647
25541,38.48059,-82.13016
25545,38.45899,-82.21744
25547,37.91603,-81.96548
25550,38.86333,-82.06744
25555,38.21390,-82.54963
25557,38.10585,-82.17198
25559,38.32495,-82.22914
25560,38.44412,-81.90173
25564,38.27217,-81.90099
25565,38.10234,-81.96449
25567,38.21874,-81.87056
25570,38.21891,-82.42521
25571,38.31349,-82.15582
25573,38.23218,-81.94110
25601,37.86276,-82.00926
25606,37.76496,-81.82042
25607,37.78492,-81.78414
25608,37.57410,-81.88936
25611,37.68875,-81.84078
25617,37.71633,-81.79850
25621,37.62572,-81.94169
25624,37.89969,-81.98112
25625,37.81937,-82.08122
25628,37.76811,-81.86247
25630,37.78837,-81.69397
25632,37.72968,-81.92407
25634,37.73224,-81.84978
25635,37.70942,-81.88811
25637,37.86182,-82.02951
25638,37.75884,-81.99058
25639,37.88141,-81.95507
25644,37.70474,-82.02210
25646,37.84738,-81.88416
25647,37.78681,-81.98443
25649,37.87540,-82.09308
25650,37.67037,-81.81911
25651,37.60164,-81.98757
25652,37.79073,-82.04512
25653,37.82827,-81.99768
25654,37.79563,-81.87372
25661,37.73616,-82.27393
25666,37.92675,-82.24885
25669,37.93117,-82.42626
25670,37.72116,-82.15899
25671,37.88386,-82.19193
25672,37.58134,-82.11309
25674,37.86883,-82.35158
25676,37.83773,-82.19306
25678,37.59031,-82.06522
25688,37.62130,-82.11912
25690,37.68978,-82.12444
25692,37.63629,-82.10982
25696,37.67903,-82.11591
25699,37.96165,-82.33255
25701,38.36569,-82.40525
25702,38.43472,-82.31442
25703,38.42491,-82.41870
25704,38.30761,-82.48736
25705,38.40434,-82.36014
25801,37.82289,-81.26620
25810,37.59680,-81.34926
25811,37.56242,-81.29615
25812,38.18199,-81.12268
25813,37.76329,-81.09705
25817,37.75844,-81.39750
25818,37.86028,-81.19199
25820,37.51519,-81.16385
25823,37.66159,-81.21067
25825,37.64428,-81.08297
25826,37.57489,-81.35676
25827,37.73910,-81.25477
25831,37.95931,-80.93079
25832,37.71532,-81.11882
25836,37.77490,-81.27881
25837,38.04957,-81.01135
25839,37.77821,-81.38721
25840,38.04289,-81.12266
25841,37.56079,-81.09255
25843,37.60961,-81.11841
25844,37.80220,-81.38571
25845,37.69537,-81.52524
25846,37.90668,-81.13268
25848,37.72151,-81.42470
25849,37.72998,-81.27971
25853,37.64041,-81.31210
25854,38.13675,-80.97986
25855,37.93613,-81.15596
25857,37.64449,-81.28231
25862,38.08552,-81.06143
25864,37.88549,-81.03777
25865,37.71154,-81.36241
25868,38.07050,-80.96725
25870,37.63038,-81.38987
25871,37.76982,-81.21044
25873,37.75007,-81.21382
25875,37.67911,-81.46081
25876,37.63110,-81.44914
25878,37.71544,-81.22978
25879,37.98225,-81.10567
25880,37.87950,-81.19947
25882,37.63214,-81.39340
25901,37.95070,-81.11705
25902,37.56983,-81.21746
25904,37.92627,-81.28400
25906,37.83773,-81.10936
25907,37.85602,-81.08622
25908,37.67532,-81.24717
25911,37.75804,-81.16717
25913,37.71406,-81.48946
25915,37.59013,-81.29126
25916,37.67561,-81.49806
25917,37.99118,-81.21826
25918,37.75320,-80.99564
25920,37.68859,-81.33404
25921,37.67226,-81.31412
25922,37.46597,-81.10504
25928,37.56336,-81.33556
25932,37.75201,-81.29957
25936,37.92643,-81.03397
25938,38.15307,-81.04686
25942,38.01786,-80.98535
25951,37.66205,-80.86643
25958,38.02283,-80.75001
25962,37.98609,-80.79891
25969,37.61799,-81.00193
25971,37.47742,-80.97745
25972,38.03572,-80.74613
25976,37.84900,-80.84277
25977,37.79784,-80.90656
25978,37.62067,-80.94501
25979,37.51094,-80.91348
25981,38.09706,-80.71108
25984,38.02923,-80.59737
25985,37.78334,-80.81341
25989,37.68399,-81.06764
26003,40.07016,-80.64724
26030,40.22022,-80.65627
26031,40.00939,-80.72926
26032,40.19239,-80.54047
26033,39.83024,-80.57802
26034,40.59847,-80.55233
26035,40.34490,-80.55354
26036,39.97772,-80.55430
26037,40.33505,-80.58592
26038,39.96459,-80.72410
26039,39.79937,-80.67407
26040,39.98870,-80.71580
26041,39.88725,-80.70542
26047,40.52024,-80.58919
26050,40.60318,-80.60862
26055,39.76228,-80.77983
26056,40.53128,-80.57713
26059,40.05734,-80.60525
26060,40.11004,-80.55763
26062,40.42137,-80.55773
26070,40.25983,-80.58003
26074,40.15990,-80.59542
26075,40.19462,-80.66297
26101,39.24001,-81.57581
26104,39.27600,-81.48031
26105,39.32957,-81.51462
26133,39.12328,-81.67241
26134,39.36872,-81.29043
26136,38.96364,-81.13225
26137,38.99558,-81.04940
26138,39.02343,-81.20601
26141,38.93355,-81.24588
26142,39.20685,-81.44475
26143,39.05637,-81.37274
26146,39.45707,-81.03684
26147,38.90016,-81.07755
26148,39.05850,-81.18281
26149,39.48331,-80.82564
26150,39.15728,-81.53590
26151,38.87922,-81.17205
26152,39.01006,-81.19591
26155,39.63006,-80.76396
26159,39.59889,-80.92200
26160,38.98120,-81.41206
26161,39.18056,-81.24820
26164,39.01335,-81.69485
26167,39.53894,-80.74339
26169,39.07221,-81.57159
26170,39.35825,-81.16785
26175,39.53719,-80.97476
26178,39.05825,-81.03810
26180,39.19491,-81.36630
26181,39.20932,-81.66446
26184,39.29499,-81.35272
26187,39.37328,-81.44709
26201,39.00195,-80.19741
26202,38.21016,-80.62957
26203,38.54848,-80.58844
26205,38.32680,-80.65040
26206,38.44232,-80.53215
26208,38.32517,-80.49879
26209,38.42876,-79.98894
26215,38.70712,-80.37495
26217,38.61101,-80.44681
26218,38.84494,-80.26622
26222,38.66018,-80.34330
26224,38.74031,-80.18294
26228,38.75440,-80.37095
26230,38.67185,-80.17571
26234,38.77378,-80.31511
26236,38.74466,-80.23466
26237,38.84541,-80.15068
26238,39.10881,-80.17401
26241,38.93260,-79.78825
26250,39.03346,-79.96254
26253,38.78110,-79.86779
26254,38.88066,-79.66279
26257,38.91917,-80.00365
26259,38.80288,-79.89607
26260,39.08233,-79.42405
26261,38.20280,-80.54516
26263,38.94900,-79.43725
26264,38.57572,-79.82713
26266,38.41231,-80.47583
26267,38.94772,-80.09188
26268,38.74896,-79.73890
26269,39.10561,-79.62005
26270,38.86337,-79.57783
26271,39.03470,-79.55878
26273,38.62499,-79.96751
26275,38.97618,-79.95104
26276,39.02553,-79.77289
26278,38.82536,-80.03049
26280,38.72957,-80.02955
26282,38.52168,-80.16247
26283,39.06286,-79.81258
26285,38.91293,-79.93752
26287,39.16602,-79.68751
26288,38.51496,-80.34660
26291,38.39460,-80.15441
26292,39.14191,-79.53367
26293,38.78244,-79.93581
26294,38.53145,-80.03431
26296,38.76450,-79.55357
26298,38.47104,-80.25344
26301,39.30150,-80.39398
26320,39.40413,-80.81215
26321,39.04466,-80.67829
26323,39.26259,-80.29061
26325,39.09895,-80.90480
26327,39.12289,-80.94277
26330,39.28522,-80.22081
26335,38.84354,-80.68412
26337,39.23023,-81.16099
26338,39.08482,-80.60771
26339,39.42221,-80.61398
26342,39.03360,-80.85483
26343,38.82296,-80.42099
26346,39.28999,-81.06007
26347,39.25655,-80.12612
26348,39.46242,-80.54525
26349,39.23570,-80.13029
26351,38.92625,-80.83756
26354,39.34813,-80.03178
26361,39.36675,-80.31760
26362,39.15215,-81.06535
26366,39.38126,-80.33449
26369,39.33396,-80.33175
26372,38.95914,-80.34657
26374,39.45231,-79.87529
26376,38.78437,-80.45387
26377,39.49626,-80.64704
26378,39.12109,-80.43764
26384,38.98194,-80.70677
26385,39.16046,-80.35392
26386,39.39585,-80.40582
26404,39.33583,-80.30651
26405,39.22516,-79.91042
26408,39.19659,-80.30644
26410,39.40497,-79.80833
26411,39.17747,-80.72303
26412,38.86926,-80.52982
26415,39.28830,-80.93919
26416,39.15714,-80.02372
26419,39.48769,-80.68639
26421,39.18191,-80.92425
26422,39.29449,-80.44388
26424,39.26688,-80.17360
26425,39.27565,-79.76027
26426,39.28705,-80.56441
26430,38.87112,-80.76359
26431,39.39904,-80.29514
26435,39.26659,-80.09228
26436,39.29728,-80.71943
26437,39.52598,-80.50893
26438,39.34660,-80.31911
26440,39.32168,-79.91872
26443,39.07594,-80.75316
26444,39.36372,-79.77066
26447,38.91177,-80.47908
26448,39.40301,-80.49130
26451,39.20774,-80.40225
26452,39.03717,-80.52820
26456,39.26294,-80.77405
26501,39.63409,-80.03684
26505,39.64950,-79.94525
26508,39.60263,-79.89540
26519,39.56917,-79.62706
26520,39.49700,-79.82363
26521,39.71328,-80.22814
26525,39.65403,-79.62581
26534,39.64878,-79.99918
26537,39.48813,-79.70988
26541,39.69501,-80.12524
26542,39.57465,-79.78281
26543,39.66462,-79.99986
26547,39.51174,-79.81385
26554,39.46539,-80.10985
26559,39.50127,-80.16821
26560,39.54201,-80.14565
26562,39.64727,-80.46070
26563,39.48238,-80.27357
26568,39.42392,-80.27807
26570,39.63396,-80.22683
26571,39.52656,-80.26203
26572,39.48663,-80.30776
26574,39.58825,-80.18859
26575,39.67780,-80.44138
26576,39.49250,-80.25475
26581,39.67028,-80.57473
26582,39.52879,-80.38009
26585,39.61845,-80.43078
26586,39.52196,-80.10162
26587,39.51788,-80.29276
26588,39.57887,-80.14399
26590,39.66908,-80.31231
26591,39.45161,-80.29628
26601,38.61742,-80.62274
26610,38.45759,-80.73951
26611,38.84610,-80.84630
26615,38.80598,-80.70493
26617,38.50110,-80.83245
26619,38.75166,-80.70544
26621,38.71334,-80.54341
26623,38.65550,-80.87161
26624,38.71943,-80.79483
26627,38.75247,-80.58506
26629,38.56367,-80.70427
26631,38.81287,-80.54048
26636,38.74391,-80.95825
26638,38.76801,-80.99947
26651,38.33434,-80.88704
26656,38.27578,-81.16267
26660,38.35350,-80.69204
26662,38.27150,-80.74206
26676,38.16001,-80.64778
26678,38.17888,-80.91606
26679,38.17400,-80.80513
26680,38.09333,-80.87297
26681,38.23320,-80.73168
26684,38.16496,-80.84568
26690,38.17526,-81.08930
26691,38.39534,-80.65832
26704,39.29155,-78.59929
26705,39.32455,-79.58438
26707,39.20880,-79.40282
26710,39.30175,-78.96760
26711,39.28347,-78.46938
26714,39.18493,-78.63802
26716,39.25274,-79.52949
26717,39.33416,-79.18251
26719,39.48279,-78.77483
26720,39.28029,-79.32959
26722,39.50313,-78.64319
26726,39.40285,-78.98545
26731,39.16312,-79.07516
26739,39.24835,-79.24325
26743,39.29395,-79.07529
26750,39.47667,-79.04469
26753,39.56320,-78.79150
26755,39.16638,-78.72463
26757,39.31820,-78.74384
26761,39.27140,-78.69500
26763,39.47304,-78.69917
26764,39.45161,-79.55374
26767,39.61590,-78.75716
26801,39.04780,-78.80429
26802,38.62746,-79.20523
26804,38.60270,-79.56921
26807,38.67445,-79.34062
26808,39.20789,-78.45744
26810,38.99506,-78.75439
26812,38.88578,-78.87801
26814,38.78109,-79.47580
26815,38.49352,-79.36447
26817,39.37377,-78.40158
26818,39.08763,-79.01650
26823,39.13261,-78.46407
26833,39.10360,-79.21520
26836,38.99824,-78.97511
26845,39.16452,-78.96420
26847,38.94914,-79.13453
26851,39.04711,-78.61102
26852,39.24673,-78.89635
26855,38.94804,-79.26901
26865,39.20594,-78.51214
26866,38.80061,-79.23431
26884,38.90490,-79.39551
27006,35.93900,-80.44026
27007,36.38972,-80.58847
27009,36.23092,-80.07865
27011,36.21651,-80.69852
27012,36.00242,-80.37949
27013,35.75049,-80.70007
27014,35.81005,-80.55574
27016,36.44746,-80.21882
27017,36.38202,-80.75622
27018,36.19720,-80.51814
27019,36.28689,-80.23772
27020,36.10292,-80.80405
27021,36.32032,-80.34472
27022,36.51217,-80.21560
27023,36.08981,-80.45668
27024,36.51924,-80.84118
27025,36.37905,-79.96939
27027,36.44176,-79.98888
27028,35.92091,-80.57826
27030,36.48981,-80.62921
27040,36.16931,-80.39305
27041,36.42525,-80.48720
27042,36.35282,-80.06420
27043,36.33472,-80.45187
27045,36.23440,-80.29607
27046,36.50222,-80.07826
27047,36.31413,-80.56911
27048,36.48251,-79.91768
27050,36.22644,-80.40971
27051,36.19594,-80.15340
27052,36.32075,-80.15045
27053,36.47428,-80.34785
27054,35.79254,-80.59789
27055,36.11391,-80.63119
27101,36.11085,-80.20043
27103,36.05823,-80.32150
27104,36.09369,-80.32353
27105,36.16338,-80.23379
27106,36.14391,-80.32316
27107,36.01316,-80.17549
27109,36.13395,-80.27764
27110,36.08926,-80.22496
27127,36.02071,-80.27982
27201,36.03417,-79.48483
27203,35.72846,-79.78653
27205,35.63826,-79.85087
27207,35.60761,-79.39052
27208,35.56323,-79.54293
27209,35.34300,-79.75329
27212,36.48097,-79.27986
27214,36.20605,-79.67113
27215,36.02713,-79.49182
27217,36.19094,-79.38018
27229,35.26563,-79.77573
27231,36.20772,-79.16942
27233,35.89251,-79.70498
27235,36.09203,-80.01144
27239,35.60123,-80.09028
27242,35.32966,-79.64896
27243,36.06692,-79.19815
27244,36.21582,-79.48660
27248,35.78330,-79.71633
27249,36.15414,-79.58239
27252,35.56661,-79.34976
27253,35.96617,-79.34736
27258,36.00929,-79.28123
27260,35.95447,-79.98788
27262,35.96313,-80.04167
27263,35.91152,-79.93680
27265,36.01230,-80.03095
27278,36.09020,-79.08693
27281,35.18744,-79.62511
27282,35.98896,-79.92828
27283,35.95147,-79.63542
27284,36.11933,-80.07734
27288,36.49764,-79.75002
27291,36.41832,-79.16843
27292,35.73833,-80.20755
27295,35.87177,-80.31018
27298,35.88511,-79.56754
27299,35.75232,-80.38615
27301,36.11351,-79.66566
27302,36.14193,-79.26620
27305,36.52708,-79.23413
27306,35.22523,-79.98019
27310,36.17407,-79.99223
27311,36.47965,-79.47256
27312,35.75641,-79.20979
27313,35.93145,-79.75806
27314,36.31036,-79.19625
27315,36.51017,-79.40350
27316,35.69701,-79.62579
27317,35.84074,-79.80250
27320,36.34164,-79.65753
27325,35.46309,-79.58409
27326,36.46412,-79.55684
27330,35.51427,-79.19545
27332,35.38470,-79.13721
27340,35.94587,-79.31717
27341,35.52376,-79.69591
27343,36.50044,-79.09088
27344,35.72232,-79.43369
27349,35.90131,-79.41606
27350,35.80825,-79.88821
27355,35.79497,-79.57401
27356,35.43686,-79.80427
27357,36.26660,-79.97062
27358,36.22823,-79.88006
27360,35.86058,-80.09929
27370,35.80930,-79.97798
27371,35.40686,-79.96814
27376,35.23917,-79.53506
27377,36.04165,-79.61126
27379,36.37410,-79.33451
27401,36.06914,-79.76516
27403,36.06597,-79.82438
27405,36.11538,-79.73464
27406,36.00046,-79.76394
27407,36.00868,-79.87813
27408,36.10367,-79.81371
27409,36.10373,-79.93983
27410,36.11752,-79.89424
27455,36.18743,-79.81744
27501,35.48494,-78.68457
27502,35.71963,-78.92018
27503,36.15298,-78.88445
27504,35.40032,-78.51827
27505,35.42348,-79.00103
27507,36.51354,-78.56949
27508,35.95687,-78.24814
27509,36.11371,-78.78177
27510,35.91578,-79.08260
27511,35.76331,-78.78783
27513,35.80198,-78.80257
27514,35.96676,-79.05214
27516,35.90620,-79.15485
27517,35.84916,-79.02500
27518,35.73114,-78.77321
27519,35.80840,-78.88652
27520,35.61972,-78.47701
27521,35.41212,-78.65587
27522,36.10562,-78.67520
27523,35.77362,-78.95693
27524,35.39456,-78.38760
27525,36.13609,-78.45810
27526,35.54399,-78.82980
27527,35.65395,-78.38171
27529,35.65580,-78.58649
27530,35.38322,-78.06014
27531,35.34299,-77.96441
27534,35.36927,-77.88687
27536,36.32673,-78.40913
27537,36.37180,-78.39788
27539,35.67654,-78.81344
27540,35.62225,-78.86327
27541,36.26486,-79.08322
27542,35.61829,-78.13684
27544,36.19973,-78.44656
27545,35.78350,-78.47814
27546,35.38532,-78.86211
27549,36.10166,-78.23223
27551,36.43284,-78.05017
27553,36.48650,-78.30280
27555,35.56244,-78.20423
27556,36.40832,-78.31483
27557,35.77913,-78.19851
27559,35.62821,-79.10282
27560,35.85760,-78.82711
27562,35.64043,-78.99002
27563,36.41571,-78.22939
27565,36.36165,-78.64895
27568,35.51012,-78.24510
27569,35.42907,-78.18275
27571,35.91949,-78.45804
27572,36.25511,-78.87749
27573,36.39660,-78.97610
27574,36.47836,-78.86491
27576,35.57752,-78.26131
27577,35.48983,-78.33281
27581,36.19961,-78.72898
27582,36.46732,-78.57659
27583,36.29296,-78.93536
27587,35.98138,-78.55758
27589,36.32254,-78.13348
27591,35.78417,-78.38898
27592,35.55738,-78.67227
27596,35.99965,-78.43496
27597,35.84250,-78.30105
27601,35.77363,-78.63446
27603,35.66480,-78.65368
27604,35.82292,-78.56204
27605,35.79061,-78.65460
27606,35.74232,-78.71548
27607,35.81311,-78.72118
27608,35.80905,-78.64723
27609,35.84376,-78.63364
27610,35.74440,-78.54628
27612,35.85575,-78.70704
27613,35.92610,-78.71141
27614,35.94593,-78.61949
27615,35.89850,-78.63549
27616,35.86651,-78.54131
27617,35.90884,-78.77240
27701,35.99924,-78.89794
27703,35.95952,-78.81207
27704,36.04245,-78.82877
27705,36.02511,-78.98207
27707,35.95452,-78.95332
27709,35.92453,-78.83270
27712,36.09548,-78.90408
27713,35.89504,-78.92375
27801,35.91345,-77.72570
27803,35.90300,-77.85616
27804,35.98917,-77.84271
27805,36.20775,-77.08427
27806,35.30500,-76.75607
27807,35.80451,-78.09554
27808,35.46709,-76.75975
27809,36.01678,-77.74162
27810,35.54107,-76.51494
27812,35.81561,-77.36925
27813,35.63474,-77.93752
27814,35.39866,-76.91881
27816,36.10029,-78.06437
27817,35.44798,-77.07200
27818,36.49972,-77.01851
27819,35.81600,-77.45495
27820,36.42151,-77.24157
27821,35.32207,-76.87409
27822,35.80701,-77.84046
27823,36.20965,-77.71373
27824,35.51321,-76.03717
27825,35.83287,-77.17410
27826,35.59548,-76.20625
27827,35.69656,-77.51280
27828,35.58515,-77.57742
27829,35.68389,-77.62637
27830,35.56417,-77.95031
27831,36.46309,-77.57055
27832,36.51981,-77.74013
27834,35.65779,-77.38426
27837,35.51387,-77.20460
27839,36.28491,-77.55688
27840,35.98269,-77.21460
27841,35.90858,-77.27636
27842,36.52675,-77.85199
27843,35.99553,-77.40000
27844,36.24950,-77.94316
27845,36.37127,-77.43999
27846,35.75857,-76.89753
27847,36.18317,-77.19467
27849,36.07731,-77.21502
27850,36.41239,-77.88019
27851,35.64008,-78.03068
27852,35.75046,-77.63693
27853,36.50858,-77.28563
27855,36.41556,-77.06934
27856,36.01368,-77.98057
27857,35.97279,-77.28625
27858,35.53245,-77.28279
27860,35.65006,-76.67620
27861,35.81488,-77.32001
27862,36.49018,-77.18829
27863,35.48817,-77.97180
27864,35.80703,-77.65137
27865,35.65624,-76.85161
27866,36.51987,-77.51457
27869,36.26711,-77.31343
27870,36.41887,-77.71573
27871,35.80207,-77.26056
27872,36.19275,-77.25387
27873,35.65356,-77.77553
27874,36.13011,-77.39323
27875,35.45571,-76.50467
27876,36.47199,-77.39133
27878,35.86688,-77.83493
27879,35.57450,-77.27962
27880,35.73074,-78.08059
27881,35.97841,-77.43657
27882,35.94165,-78.11560
27883,35.60054,-77.80370
27884,35.70352,-77.26663
27885,35.38641,-76.28586
27886,35.90449,-77.51166
27888,35.58928,-77.71595
27889,35.59137,-77.00369
27890,36.41418,-77.58774
27891,36.09774,-77.74279
27892,35.81231,-77.05164
27893,35.68895,-77.89668
27896,35.79100,-77.97639
27897,36.32500,-77.21071
27909,36.28860,-76.26873
27910,36.29007,-76.99318
27915,35.40618,-75.49199
27916,36.32202,-75.91514
27917,36.35514,-75.99746
27919,36.30817,-76.50428
27920,35.25939,-75.55314
27921,36.35206,-76.18793
27922,36.31676,-76.84221
27923,36.39625,-75.93112
27924,36.16845,-76.83252
27925,35.85614,-76.19384
27926,36.50512,-76.60492
27927,36.35648,-75.82725
27928,35.82454,-76.43866
27929,36.43313,-75.98822
27932,36.10074,-76.61085
27935,36.43108,-76.86809
27936,35.23892,-75.59386
27937,36.50433,-76.78073
27938,36.38430,-76.71600
27939,36.25711,-75.85789
27941,36.10255,-75.81687
27942,36.29714,-76.75085
27943,35.22732,-75.68630
27944,36.18541,-76.41527
27946,36.36344,-76.60154
27947,36.20723,-75.88917
27948,36.01923,-75.69217
27949,36.10986,-75.74543
27950,36.49653,-75.98483
27953,35.77999,-75.88137
27954,35.91012,-75.67788
27956,36.40150,-76.00046
27957,36.06630,-76.75906
27958,36.48430,-76.13835
27959,35.88694,-75.60640
27960,35.07323,-75.99853
27962,35.79046,-76.74474
27964,36.08305,-75.80621
27965,36.29240,-75.93295
27966,36.12705,-75.80426
27967,36.22950,-76.90492
27968,35.73242,-75.50991
27970,35.83971,-76.65099
27972,35.55246,-75.47130
27973,36.37121,-76.05551
27974,36.24306,-75.98956
27976,36.50508,-76.39442
27978,35.72740,-75.73987
27979,36.43677,-76.56068
27980,36.24532,-76.61938
27981,35.85285,-75.63742
27982,35.56590,-75.46548
27983,35.97046,-76.92187
27985,36.21160,-76.45667
27986,36.38898,-76.91830
28001,35.33855,-80.20818
28006,35.41044,-81.09200
28007,35.10459,-80.10991
28009,35.40785,-80.10720
28012,35.21150,-81.03786
28016,35.31493,-81.28329
28017,35.24708,-81.67068
28018,35.48898,-81.80339
28019,35.27670,-81.78771
28020,35.52498,-81.64132
28021,35.40077,-81.40335
28023,35.56858,-80.60254
28025,35.38256,-80.52344
28027,35.40704,-80.68586
28031,35.46992,-80.89544
28032,35.23303,-81.07951
28033,35.41911,-81.32843
28034,35.35366,-81.17894
28036,35.48209,-80.79335
28037,35.49549,-81.01848
28039,35.67883,-80.43743
28040,35.38998,-81.75218
28043,35.30624,-81.87260
28052,35.21466,-81.23323
28054,35.26288,-81.14907
28056,35.21694,-81.12500
28071,35.51752,-80.31589
28072,35.61427,-80.44554
28073,35.19857,-81.48378
28075,35.30272,-80.63984
28076,35.25915,-81.78861
28077,35.40480,-81.20277
28078,35.40529,-80.86402
28079,35.11467,-80.60060
28080,35.45675,-81.10568
28081,35.50282,-80.67017
28083,35.48999,-80.58419
28086,35.24416,-81.37791
28088,35.54422,-80.61487
28089,35.31823,-81.65957
28090,35.45466,-81.55956
28091,34.98739,-79.93300
28092,35.48573,-81.25458
28097,35.29668,-80.39306
28098,35.27114,-81.10079
28101,35.25810,-81.07806
28102,34.81480,-79.97652
28103,34.99897,-80.35146
28104,35.06057,-80.69284
28105,35.11543,-80.71350
28107,35.25296,-80.51803
28108,34.93479,-80.68115
28109,35.49694,-80.28860
28110,35.06604,-80.50909
28112,34.88992,-80.54955
28114,35.23044,-81.74770
28115,35.57541,-80.77492
28117,35.56570,-80.89834
28119,34.85108,-80.01699
28120,35.32859,-81.02642
28124,35.40007,-80.40829
28125,35.65902,-80.69861
28127,35.47430,-80.19058
28128,35.21070,-80.15452
28129,35.23159,-80.32716
28133,34.84493,-80.26568
28134,35.08570,-80.89333
28135,35.02977,-80.21726
28137,35.56311,-80.23639
28138,35.51444,-80.43735
28139,35.34836,-81.99474
28144,35.70718,-80.46389
28146,35.61924,-80.39334
28147,35.68105,-80.56297
28150,35.34270,-81.57625
28152,35.24272,-81.59941
28159,35.69482,-80.43187
28160,35.36101,-81.92233
28163,35.20742,-80.42853
28164,35.38944,-81.03714
28166,35.68009,-80.86876
28167,35.50675,-81.96729
28168,35.55236,-81.42507
28169,35.35847,-81.42939
28170,34.99871,-80.09878
28173,34.91616,-80.73141
28174,34.96903,-80.43958
28202,35.22727,-80.84419
28203,35.20819,-80.85911
28204,35.21462,-80.82701
28205,35.21877,-80.78962
28206,35.25542,-80.82152
28207,35.19415,-80.82458
28208,35.23047,-80.90724
28209,35.17871,-80.85398
28210,35.13051,-80.85668
28211,35.16634,-80.79729
28212,35.18770,-80.74456
28213,35.28623,-80.73523
28214,35.27600,-80.96766
28215,35.24498,-80.69347
28216,35.31019,-80.88964
28217,35.16875,-80.90836
28226,35.10270,-80.82213
28227,35.18957,-80.64541
28244,35.22460,-80.84309
28262,35.32206,-80.73997
28269,35.33731,-80.80347
28270,35.11203,-80.76461
28273,35.12736,-80.94685
28277,35.05288,-80.81755
28278,35.13337,-81.00884
28280,35.22633,-80.84309
28282,35.22481,-80.84528
28301,35.07480,-78.88426
28303,35.08563,-78.95936
28304,35.02553,-78.98960
28305,35.05261,-78.90724
28306,34.95849,-78.89685
28307,35.13856,-78.98189
28308,35.17155,-79.01709
28310,35.16319,-79.03797
28311,35.16777,-78.88870
28312,34.94775,-78.73813
28314,35.05292,-79.02935
28315,35.11731,-79.43153
28318,35.01987,-78.61357
28320,34.55812,-78.77272
28323,35.31479,-78.83438
28325,35.15374,-78.10423
28326,35.26904,-79.15469
28327,35.35462,-79.41649
28328,35.00350,-78.33792
28330,34.90960,-79.82198
28332,34.65906,-78.73791
28333,35.28613,-78.01737
28334,35.27221,-78.56810
28337,34.65705,-78.56156
28338,35.10751,-79.75964
28339,35.31054,-78.73275
28340,34.47135,-79.13442
28341,35.11988,-78.17444
28342,35.19118,-78.65126
28343,34.75736,-79.56488
28344,35.16050,-78.62457
28345,34.87029,-79.66564
28347,35.04196,-79.61403
28348,34.91497,-78.92702
28349,34.98116,-77.92706
28350,35.24355,-79.31414
28351,34.84820,-79.56372
28352,34.76784,-79.45173
28356,35.23702,-78.79040
28357,34.90209,-79.08301
28358,34.60786,-78.93477
28360,34.67033,-79.07494
28363,34.96078,-79.55466
28364,34.70793,-79.32268
28365,35.17233,-78.05229
28366,35.23023,-78.36201
28367,35.17269,-79.72525
28369,34.42337,-79.02942
28371,34.90316,-78.97955
28372,34.69687,-79.17762
28373,35.09347,-79.48560
28374,35.19745,-79.46296
28375,34.47574,-79.03855
28376,34.99233,-79.24268
28377,34.82688,-79.21324
28379,34.93087,-79.78004
28382,34.97148,-78.51764
28383,34.57697,-79.26270
28384,34.79694,-78.96100
28385,35.05001,-78.47723
28386,34.85362,-79.12962
28387,35.17912,-79.37641
28390,35.21578,-78.96345
28391,35.02163,-78.69880
28392,34.73533,-78.80096
28393,34.98109,-78.18948
28394,35.21746,-79.24154
28395,35.13851,-78.74136
28396,34.91416,-79.39748
28398,34.98978,-78.06417
28399,34.78489,-78.70436
28401,34.27215,-77.96202
28403,34.22169,-77.88063
28405,34.26318,-77.86638
28409,34.15512,-77.86216
28411,34.30183,-77.79307
28412,34.13659,-77.92058
28420,34.07368,-78.48385
28421,34.50512,-78.16705
28422,34.02637,-78.18931
28423,34.31392,-78.38885
28424,34.29028,-78.69968
28425,34.56206,-77.89628
28428,34.04678,-77.90966
28429,34.34121,-77.90022
28430,34.30344,-78.94537
28431,34.31432,-78.83950
28432,34.16803,-78.75871
28433,34.48851,-78.61667
28434,34.46833,-78.46549
28435,34.40595,-78.10923
28436,34.27510,-78.26721
28438,34.40948,-78.91884
28439,34.28682,-79.00138
28441,34.81146,-78.42742
28442,34.28292,-78.61343
28443,34.44504,-77.67571
28444,34.68831,-78.31996
28445,34.48397,-77.55632
28447,34.61865,-78.27811
28448,34.51830,-78.35965
28449,33.97327,-77.94189
28450,34.32442,-78.51526
28451,34.23414,-78.09446
28452,33.99160,-78.54957
28453,34.88644,-78.07626
28454,34.67829,-77.65092
28455,34.11166,-78.63180
28456,34.37497,-78.28720
28457,34.44960,-77.88664
28458,34.81478,-78.09079
28460,34.54130,-77.41823
28461,33.96662,-78.05760
28462,34.02649,-78.28966
28463,34.10976,-78.77646
28464,34.78222,-78.02108
28465,33.91240,-78.10442
28466,34.74077,-77.87570
28467,33.91801,-78.59196
28468,33.89965,-78.51921
28469,33.92700,-78.46597
28470,33.96418,-78.40355
28472,34.29902,-78.69118
28478,34.64284,-78.04204
28479,34.10069,-78.01651
28480,34.22573,-77.79733
28501,35.24242,-77.51412
28504,35.22462,-77.63598
28508,35.09967,-77.82479
28510,34.98761,-76.80446
28511,34.90112,-76.34576
28512,34.70139,-76.79727
28513,35.44155,-77.38889
28515,35.18407,-76.69939
28516,34.90511,-76.55282
28518,34.89482,-77.74749
28519,35.12232,-77.02329
28520,34.99421,-76.32331
28521,34.81790,-77.73662
28523,35.21136,-77.28460
28524,34.79094,-76.46856
28525,35.13229,-77.68667
28526,35.26123,-77.37193
28527,35.25946,-77.03044
28528,34.73211,-76.53862
28529,35.06699,-76.86016
28530,35.37398,-77.41552
28531,34.69804,-76.55555
28532,34.90502,-76.88667
28533,34.90287,-76.90147
28537,35.23768,-76.52581
28538,35.41665,-77.56508
28539,34.70003,-77.20659
28540,34.75498,-77.50379
28543,34.73606,-77.37562
28544,34.71809,-77.30867
28546,34.79916,-77.35617
28547,34.67557,-77.36380
28551,35.32132,-77.78086
28552,35.29820,-76.55593
28553,34.72960,-76.51238
28554,35.47848,-77.58612
28555,34.86331,-77.22179
28556,35.11400,-76.62558
28557,34.73785,-76.75031
28560,35.12669,-76.97763
28562,35.08098,-77.12503
28570,34.78149,-76.85750
28571,35.07077,-76.68924
28572,35.02790,-77.73642
28573,34.98481,-77.14825
28574,34.87889,-77.58967
28575,34.68923,-76.88676
28577,34.86863,-76.37863
28578,35.19695,-77.85697
28579,34.76596,-76.51216
28580,35.45327,-77.67954
28581,34.84426,-76.43555
28582,34.74828,-77.15045
28583,35.13876,-76.74154
28584,34.73679,-77.07759
28585,35.07692,-77.41241
28586,35.31356,-77.16750
28587,35.19273,-76.66166
28589,34.81286,-76.50506
28590,35.52068,-77.41666
28594,34.67704,-76.96436
28601,35.77239,-81.32666
28602,35.66989,-81.38921
28604,36.17934,-81.85029
28605,36.12962,-81.69491
28606,36.05349,-81.32217
28607,36.21621,-81.65135
28609,35.67169,-81.05560
28610,35.73032,-81.13531
28611,36.01097,-81.73523
28612,35.65039,-81.53756
28613,35.73765,-81.20767
28615,36.45868,-81.66062
28616,36.02307,-81.92019
28617,36.48070,-81.36198
28618,36.20815,-81.51677
28619,35.75860,-81.60249
28621,36.27654,-80.91490
28622,36.19267,-81.94735
28623,36.52908,-80.97341
28624,36.12836,-81.41178
28625,35.86957,-80.88964
28626,36.29258,-81.51763
28627,36.45555,-81.00444
28628,35.72633,-81.78511
28629,36.34654,-81.36874
28630,35.83197,-81.42017
28631,36.54748,-81.41036
28634,35.97278,-80.75723
28635,36.30546,-81.12605
28636,35.93943,-81.06343
28637,35.71800,-81.41936
28638,35.84509,-81.47794
28640,36.40487,-81.39940
28642,36.21840,-80.82031
28643,36.52906,-81.54088
28644,36.42616,-81.27782
28645,35.97883,-81.54778
28646,36.07311,-81.84696
28647,35.93802,-81.97306
28649,36.33598,-81.21204
28650,35.57143,-81.15839
28651,36.30621,-81.30878
28652,36.10003,-81.98717
28654,36.05852,-81.15931
28655,35.76327,-81.74986
28657,36.02199,-81.94243
28658,35.63762,-81.23585
28659,36.21596,-81.14817
28660,35.96861,-80.85625
28662,36.02152,-81.89912
28663,36.53203,-81.30941
28665,36.20971,-81.37512
28666,35.72527,-81.47066
28667,35.76945,-81.42746
28668,36.40705,-80.99049
28669,36.22344,-80.98982
28670,36.19431,-80.91249
28671,35.75267,-81.52790
28672,36.48333,-81.32672
28673,35.61772,-80.99876
28675,36.50315,-81.13502
28676,36.33186,-80.85534
28677,35.73810,-80.92609
28678,35.82172,-81.06084
28679,36.26123,-81.82819
28681,35.92268,-81.22306
28682,35.58825,-80.96515
28683,36.39044,-80.91101
28684,36.33446,-81.60677
28685,36.36079,-81.05983
28689,36.03656,-80.94089
28690,35.73273,-81.57423
28692,36.26752,-81.80844
28693,36.47177,-81.55901
28694,36.36634,-81.46802
28697,36.13401,-81.16572
28698,36.34089,-81.73628
28701,35.70510,-82.63647
28702,35.40560,-83.60524
28704,35.45846,-82.58158
28705,36.03519,-82.15147
28707,35.39739,-83.06580
28708,35.27139,-82.86272
28709,35.77140,-82.37924
28711,35.60527,-82.29180
28712,35.17331,-82.77083
28713,35.37349,-83.49599
28714,35.88933,-82.30395
28715,35.51197,-82.71170
28716,35.43934,-82.84793
28717,35.04954,-83.09333
28718,35.15913,-82.63498
28719,35.51789,-83.33418
28720,35.45107,-82.25356
28721,35.66267,-82.95850
28722,35.20848,-82.06100
28723,35.31408,-83.01347
28725,35.36664,-83.25508
28726,35.28100,-82.41656
28729,35.32040,-82.60062
28730,35.51742,-82.37804
28731,35.28804,-82.39467
28732,35.45175,-82.44574
28733,35.42886,-83.81417
28734,35.18768,-83.41210
28735,35.47571,-82.35043
28736,35.17566,-83.08647
28739,35.25611,-82.54371
28740,36.09128,-82.27298
28741,35.05592,-83.21117
28742,35.37610,-82.62441
28743,35.80028,-82.88122
28745,35.52212,-82.97398
28746,35.47719,-82.16169
28747,35.15518,-82.92266
28748,35.64959,-82.75773
28749,35.84063,-82.09875
28751,35.50501,-83.12070
28752,35.70960,-82.03557
28753,35.86421,-82.71263
28754,35.87553,-82.51566
28756,35.35192,-82.18627
28757,35.64977,-82.30852
28759,35.38135,-82.58890
28761,35.69032,-81.90685
28762,35.62678,-82.23166
28763,35.02871,-83.46593
28766,35.25103,-82.61984
28768,35.32502,-82.70718
28771,35.34702,-83.84281
28772,35.11697,-82.82722
28773,35.26544,-82.30970
28774,35.09354,-82.99498
28775,35.02131,-83.32183
28777,35.90449,-82.06857
28778,35.65109,-82.39851
28779,35.35745,-83.21220
28781,35.22406,-83.63548
28782,35.23428,-82.14738
28783,35.26214,-83.01041
28785,35.65327,-83.13963
28786,35.46199,-82.98883
28787,35.74153,-82.51564
28789,35.40706,-83.31678
28790,35.20048,-82.52477
28791,35.35610,-82.50818
28792,35.38347,-82.37036
28801,35.59454,-82.55797
28803,35.53170,-82.52302
28804,35.64838,-82.56385
28805,35.63370,-82.48317
28806,35.57197,-82.61473
28901,35.19809,-83.81037
28902,35.02295,-83.95829
28904,35.06863,-83.73359
28905,35.16392,-83.94011
28906,35.09445,-84.13123
28909,35.00161,-83.90475
29001,33.78664,-80.17406
29003,33.24122,-81.02381
29006,33.86910,-81.55108
29009,34.45529,-80.37615
29010,34.22362,-80.27226
29014,34.52338,-81.11451
29015,34.43744,-81.33012
29016,34.20251,-80.99700
29018,33.34880,-80.63918
29020,34.31394,-80.57381
29030,33.57631,-80.64757
29031,34.54809,-81.49260
29032,34.34511,-80.44503
29033,33.95309,-81.05520
29036,34.13400,-81.33991
29037,34.18993,-81.86769
29038,33.37264,-80.98151
29039,33.42242,-80.91502
29040,34.06880,-80.44048
29042,33.29766,-81.15871
29044,33.92571,-80.69520
29045,34.18508,-80.80498
29046,34.10231,-80.15358
29047,33.53285,-80.58596
29048,33.39056,-80.29529
29051,33.86163,-80.12783
29052,33.79831,-80.74130
29053,33.82754,-81.09090
29054,33.94195,-81.38308
29055,34.57424,-80.91487
29056,33.60864,-80.00599
29058,34.55428,-80.74968
29059,33.32995,-80.41829
29061,33.89749,-80.85060
29062,34.00429,-80.60552
29063,34.13716,-81.20231
29065,34.28534,-81.29687
29067,34.54417,-80.53709
29069,34.18012,-80.09464
29070,33.91667,-81.44923
29072,34.00227,-81.27725
29073,33.88802,-81.23864
29074,34.44113,-80.81840
29075,34.21813,-81.29907
29078,34.18251,-80.71499
29079,34.28652,-80.11371
29080,34.01216,-80.08558
29081,33.08908,-81.04737
29082,33.03822,-80.93914
29101,34.46014,-80.24713
29102,33.64198,-80.18848
29104,34.00103,-80.21344
29105,33.80640,-81.59358
29107,33.52982,-81.12433
29108,34.30551,-81.62735
29111,33.78904,-80.00637
29112,33.62511,-81.08166
29113,33.43244,-81.13533
29114,33.95430,-79.93228
29115,33.47739,-80.84914
29117,33.49829,-80.84883
29118,33.56939,-80.88856
29122,34.23879,-81.32830
29123,33.76465,-81.27145
29125,33.70276,-80.46231
29126,34.32893,-81.41948
29127,34.15325,-81.51246
29128,34.09505,-80.52618
29129,33.78919,-81.67262
29130,34.33161,-80.88041
29133,33.35891,-80.80313
29135,33.70179,-80.75106
29137,33.59619,-81.32142
29138,34.04239,-81.77615
29142,33.46347,-80.52451
29145,34.22872,-81.76620
29146,33.50825,-81.29541
29147,34.09177,-80.96649
29148,33.53493,-80.33582
29150,33.87478,-80.35405
29152,33.97266,-80.46732
29153,33.95925,-80.30838
29154,33.88527,-80.44080
29160,33.74689,-81.03552
29161,34.10365,-79.94343
29162,33.88589,-80.01402
29163,33.42959,-80.43990
29164,33.66217,-81.41647
29166,33.90181,-81.70573
29168,33.84845,-80.54077
29169,33.99750,-81.09741
29170,33.93911,-81.14456
29172,33.91216,-81.07697
29175,34.44385,-80.59836
29178,34.49336,-81.60674
29180,34.36646,-81.09368
29201,33.98248,-81.02809
29202,33.99356,-81.03100
29203,34.10061,-81.04070
29204,34.02915,-81.00253
29205,33.99005,-80.99725
29206,34.02875,-80.96118
29207,34.04245,-80.84599
29208,33.99813,-81.02815
29209,33.92675,-80.95036
29210,34.04616,-81.10658
29212,34.07628,-81.19878
29223,34.09263,-80.91927
29225,33.99618,-81.02503
29229,34.13721,-80.89713
29301,34.93403,-82.01070
29302,34.88445,-81.84360
29303,34.99496,-81.96386
29306,34.89263,-81.92150
29307,34.98272,-81.83155
29316,35.04304,-81.97511
29320,34.95840,-81.99368
29321,34.71466,-81.74107
29322,35.12109,-82.13243
29323,35.12634,-81.90746
29324,34.98368,-81.82660
29325,34.46821,-81.84518
29329,34.99577,-81.83818
29330,35.05258,-81.80432
29331,34.65177,-81.84340
29332,34.27868,-81.97038
29333,34.97122,-81.91021
29334,34.90555,-82.12441
29335,34.64634,-81.90434
29338,35.13551,-82.00160
29340,34.97231,-81.58592
29341,35.11191,-81.71316
29346,34.94508,-81.83637
29349,35.06733,-82.06809
29351,34.42104,-81.80805
29353,34.83074,-81.64860
29355,34.28957,-81.82642
29356,35.14207,-82.28083
29360,34.49869,-82.05106
29364,34.76248,-81.47067
29365,34.98106,-82.17192
29368,35.08158,-81.86341
29369,34.86562,-82.01946
29370,34.37383,-81.96349
29372,34.90212,-81.71184
29373,34.92414,-81.74750
29374,34.78455,-81.85347
29375,34.86130,-82.11380
29376,34.81138,-81.94422
29377,34.93044,-82.09514
29378,34.96690,-81.96868
29379,34.68235,-81.60873
29384,34.34025,-82.09018
29385,34.97273,-82.10143
29388,34.76297,-82.04569
29401,32.77718,-79.93200
29403,32.80590,-79.94318
29404,32.89866,-80.05027
29405,32.85625,-79.98199
29406,32.93729,-80.03535
29407,32.79893,-79.99780
29409,32.79609,-79.96049
29410,32.93108,-80.00158
29412,32.71192,-79.95218
29414,32.83997,-80.08918
29418,32.90951,-80.09523
29420,32.93187,-80.10076
29423,32.97881,-80.07129
29424,32.78364,-79.93736
29426,32.79719,-80.37064
29429,32.97065,-79.65823
29431,33.27878,-79.88208
29432,33.23151,-80.80887
29434,33.14089,-79.84373
29435,32.97297,-80.46644
29436,33.31536,-80.18725
29437,33.13999,-80.43176
29438,32.56593,-80.32173
29439,32.65259,-79.95248
29440,33.38111,-79.32976
29445,32.99702,-79.96660
29446,32.63833,-80.55170
29448,33.25554,-80.45277
29449,32.70039,-80.28701
29450,33.06594,-79.78420
29451,32.82261,-79.75458
29452,32.67795,-80.46147
29453,33.22559,-79.64278
29455,32.62472,-80.04058
29456,32.98588,-80.11544
29458,33.09317,-79.46133
29461,33.15978,-80.00754
29464,32.81670,-79.85822
29466,32.87776,-79.79201
29468,33.42918,-80.05688
29469,33.25293,-80.06291
29470,32.82693,-80.25373
29471,33.19265,-80.67048
29472,33.05464,-80.32533
29474,32.88426,-80.52384
29475,32.95726,-80.80648
29477,33.16317,-80.56521
29479,33.38060,-79.89056
29481,33.10853,-80.80048
29482,32.76112,-79.85572
29483,33.05717,-80.18223
29485,32.94792,-80.18992
29487,32.65768,-80.18395
29488,32.90676,-80.67284
29492,32.90394,-79.90285
29493,33.03414,-80.84284
29501,34.20593,-79.82626
29505,34.13007,-79.68889
29506,34.22138,-79.65034
29510,33.45431,-79.61312
29511,33.97563,-79.12216
29512,34.61903,-79.71804
29516,34.43739,-79.62822
29518,33.78861,-79.84798
29519,34.01864,-79.35982
29520,34.67949,-79.92729
29525,34.55242,-79.54089
29526,33.84741,-78.94709
29527,33.78508,-79.14018
29530,33.99605,-79.74008
29532,34.28033,-79.86934
29536,34.41950,-79.37305
29540,34.38383,-79.85046
29541,34.06495,-79.74075
29543,34.28760,-79.26592
29544,33.92610,-79.25558
29545,34.16366,-78.96648
29546,33.88385,-79.34941
29547,34.49629,-79.33483
29550,34.39997,-80.08281
29554,33.70405,-79.38160
29555,33.84558,-79.48386
29556,33.66823,-79.76314
29560,33.82789,-79.74214
29563,34.35334,-79.20867
29564,33.44939,-79.84841
29565,34.35805,-79.49929
29566,33.87228,-78.65784
29567,34.56097,-79.43268
29568,33.91362,-78.75029
29569,34.03263,-78.91158
29570,34.66787,-79.56271
29571,34.13508,-79.42505
29572,33.77257,-78.78566
29574,34.16541,-79.26083
29575,33.62914,-78.97040
29576,33.56209,-79.06109
29577,33.69869,-78.90275
29579,33.75458,-78.91670
29580,33.65310,-79.55197
29581,34.19486,-79.11424
29582,33.83205,-78.65482
29583,33.97785,-79.57108
29584,34.58331,-80.06577
29585,33.52004,-79.13594
29588,33.67079,-79.02312
29590,33.56892,-79.84870
29591,33.93800,-79.76229
29592,34.26463,-79.48386
29593,34.49311,-79.85696
29594,34.64023,-79.57736
29596,34.74422,-79.83076
29601,34.84731,-82.40212
29605,34.77443,-82.37661
29607,34.81204,-82.33002
29609,34.91259,-82.38817
29611,34.83093,-82.45850
29613,34.92426,-82.44049
29614,34.87377,-82.36315
29615,34.85683,-82.29614
29617,34.91102,-82.46810
29620,34.18241,-82.42561
29621,34.50694,-82.60474
29624,34.43594,-82.62412
29625,34.55552,-82.76562
29626,34.46080,-82.75651
29627,34.51860,-82.47636
29628,34.08847,-82.56450
29630,34.73867,-82.79916
29631,34.68159,-82.81776
29634,34.67560,-82.83525
29635,35.07766,-82.62670
29638,34.36387,-82.33820
29639,34.30367,-82.42879
29640,34.87771,-82.57542
29642,34.77674,-82.56361
29643,34.51636,-82.99636
29644,34.66842,-82.19015
29645,34.58773,-82.12736
29646,34.13605,-82.14847
29649,34.23892,-82.14502
29650,34.89799,-82.25801
29651,35.02383,-82.27956
29653,34.30600,-82.23247
29654,34.46054,-82.36189
29655,34.26409,-82.64049
29657,34.76707,-82.68659
29658,34.76070,-83.28453
29659,34.20977,-82.64699
29661,35.15010,-82.52461
29662,34.77821,-82.30183
29664,34.86089,-83.15755
29665,34.72483,-82.91463
29666,34.11333,-81.97955
29667,34.76479,-82.75669
29669,34.63870,-82.41254
29670,34.64398,-82.72324
29671,34.93478,-82.72869
29672,34.75195,-82.93416
29673,34.71586,-82.45552
29676,34.95367,-82.98496
29678,34.63447,-82.93730
29680,34.68512,-82.28881
29681,34.76768,-82.22500
29682,34.83619,-82.85340
29683,35.03000,-82.49417
29684,34.37943,-82.71870
29685,34.99124,-82.84230
29686,34.95820,-83.05309
29687,34.98664,-82.32745
29689,34.53425,-82.86834
29690,35.05981,-82.41720
29691,34.78346,-83.08366
29692,34.41181,-82.21947
29693,34.64175,-83.15460
29696,34.77482,-83.00544
29697,34.62559,-82.54864
29702,35.11607,-81.47307
29704,34.83212,-80.90979
29706,34.71556,-81.23453
29707,34.97683,-80.85818
29708,35.04823,-80.98666
29709,34.72017,-80.09846
29710,35.10628,-81.22147
29712,34.79797,-80.97553
29714,34.71224,-80.91531
29715,35.01134,-80.92713
29717,34.95073,-81.44885
29718,34.62416,-80.33129
29720,34.74056,-80.73273
29724,34.77395,-81.01112
29726,34.86085,-81.23615
29727,34.71927,-80.26460
29728,34.76495,-80.40056
29729,34.68913,-81.00676
29730,34.88990,-81.01785
29732,34.97072,-81.08136
29733,34.93959,-81.03196
29741,34.72529,-80.19553
29742,34.86998,-81.39226
29743,35.01214,-81.39039
29745,34.99088,-81.21406
29801,33.58899,-81.69704
29803,33.49034,-81.76282
29805,33.64758,-81.60408
29809,33.41890,-81.69249
29810,32.98637,-81.37811
29812,33.23194,-81.42840
29816,33.49985,-81.87224
29817,33.37053,-81.27317
29819,34.04423,-82.22738
29821,33.64305,-82.10705
29824,33.81970,-81.99337
29826,33.38538,-81.35958
29827,32.96488,-81.25255
29828,33.52281,-81.82820
29829,33.57472,-81.85772
29831,33.29745,-81.79958
29832,33.83900,-81.80367
29834,33.51293,-81.85675
29835,33.91950,-82.28897
29836,33.12671,-81.55713
29838,33.74749,-82.15107
29840,34.00720,-82.52130
29841,33.52641,-81.93934
29842,33.45704,-81.86071
29843,33.18207,-81.17977
29844,33.75911,-82.24704
29845,33.81784,-82.20142
29847,33.70414,-81.84728
29848,33.97030,-82.07595
29849,33.10363,-81.23835
29850,33.60967,-81.81698
29851,33.50748,-81.81194
29853,33.40311,-81.42264
29856,33.48526,-81.51183
29860,33.61469,-81.98443
29899,33.92802,-82.25060
29902,32.33493,-80.68430
29904,32.45734,-80.71791
29905,32.35139,-80.68209
29906,32.44511,-80.75288
29907,32.47469,-80.59922
29909,32.33699,-80.84807
29910,32.21782,-80.89499
29911,32.94116,-81.14168
29912,32.58455,-80.92849
29915,32.11871,-80.86118
29916,32.71846,-80.96710
29918,32.74446,-81.24737
29920,32.36422,-80.55361
29921,32.68258,-81.17291
29922,32.62583,-81.27727
29923,32.85952,-81.24642
29924,32.87688,-81.11125
29926,32.23825,-80.74026
29927,32.22682,-81.05744
29928,32.16387,-80.76057
29929,32.92787,-80.93854
29932,32.81815,-81.34864
29934,32.59159,-81.10738
29935,32.38338,-80.69375
29936,32.48204,-80.97199
29939,32.67251,-81.24402
29940,32.55034,-80.70253
29941,32.56534,-80.81676
29943,32.47925,-81.19232
29944,32.79570,-81.03452
29945,32.68147,-80.79586
30002,33.77334,-84.26167
30004,34.14563,-84.29188
30005,34.08905,-84.21702
30008,33.90057,-84.59092
30009,34.07814,-84.30342
30011,34.01986,-83.83716
30012,33.71781,-84.00252
30013,33.64517,-83.97221
30014,33.58006,-83.82310
30016,33.51743,-83.92870
30017,33.89053,-83.96188
30019,33.97561,-83.88375
30021,33.80693,-84.23759
30022,34.02609,-84.24743
30024,34.06349,-84.09110
30025,33.65598,-83.69576
30028,34.29316,-84.17591
30030,33.77195,-84.29027
30032,33.74067,-84.26447
30033,33.81166,-84.28323
30034,33.69087,-84.24862
30035,33.72445,-84.20424
30038,33.66646,-84.13985
30039,33.79924,-84.03441
30040,34.21011,-84.18786
30041,34.19953,-84.09852
30043,33.99904,-84.00934
30044,33.91523,-84.06392
30045,33.93652,-83.92767
30046,33.94970,-83.99345
30047,33.87013,-84.11232
30052,33.81515,-83.89356
30054,33.67325,-83.87181
30055,33.49741,-83.74978
30056,33.50025,-83.65958
30058,33.73835,-84.10738
30060,33.91975,-84.54209
30062,34.00650,-84.47297
30064,33.94046,-84.60971
30066,34.03239,-84.50515
30067,33.93428,-84.46219
30068,33.96812,-84.43170
30070,33.57443,-83.89470
30071,33.94065,-84.20673
30072,33.79076,-84.20664
30075,34.05269,-84.39159
30076,34.02857,-84.31137
30078,33.86102,-84.01799
30079,33.79205,-84.25737
30080,33.86943,-84.49639
30082,33.85465,-84.53644
30083,33.79741,-84.19798
30084,33.85410,-84.21616
30087,33.80580,-84.12693
30088,33.75605,-84.18236
30092,33.97239,-84.23199
30093,33.90854,-84.17735
30094,33.61250,-84.05152
30096,33.97430,-84.14538
30097,34.02634,-84.14598
30101,34.03451,-84.70735
30102,34.11019,-84.63139
30103,34.36634,-84.91755
30104,34.08714,-85.05649
30105,34.43255,-85.17244
30106,33.83908,-84.62821
30107,34.33610,-84.34546
30108,33.53170,-85.26300
30110,33.74446,-85.13563
30113,33.85075,-85.20531
30114,34.24781,-84.52451
30115,34.20409,-84.40046
30116,33.53912,-84.99561
30117,33.58185,-85.13244
30118,33.57239,-85.10362
30120,34.16788,-84.85201
30121,34.20922,-84.77801
30122,33.76691,-84.64136
30124,34.13374,-85.34583
30125,34.00064,-85.27680
30126,33.81502,-84.55380
30127,33.87456,-84.69471
30132,33.99626,-84.84509
30134,33.77752,-84.78139
30135,33.67228,-84.73301
30137,34.12601,-84.76096
30139,34.43234,-84.70549
30141,33.86044,-84.76985
30143,34.45996,-84.43175
30144,34.03684,-84.59103
30145,34.24566,-84.98588
30147,34.15063,-85.20824
30148,34.45879,-84.25861
30149,34.30975,-85.22602
30152,33.99156,-84.64687
30153,33.95988,-85.05445
30157,33.88475,-84.87195
30161,34.24230,-85.17137
30164,33.39598,-83.83424
30165,34.30291,-85.26911
30168,33.78354,-84.58811
30170,33.42923,-85.16947
30171,34.34340,-84.72626
30173,34.13312,-85.15350
30175,34.53491,-84.52671
30176,33.76684,-85.30103
30177,34.41135,-84.37792
30178,34.09545,-84.97107
30179,33.78155,-85.01478
30180,33.71888,-84.91880
30182,33.65582,-85.24883
30183,34.33880,-84.60242
30184,34.25206,-84.74106
30185,33.51980,-84.91810
30187,33.66255,-84.84723
30188,34.12353,-84.45765
30189,34.12422,-84.57068
30204,33.05621,-84.12172
30205,33.26743,-84.47512
30206,33.09606,-84.45826
30213,33.58930,-84.63676
30214,33.49046,-84.48600
30215,33.39161,-84.45643
30216,33.22883,-83.88486
30217,33.28188,-85.13386
30218,33.12932,-84.58718
30220,33.22547,-84.82345
30222,33.04436,-84.74349
30223,33.28879,-84.27992
30224,33.20443,-84.23974
30228,33.40061,-84.30773
30230,33.16449,-84.92056
30233,33.29216,-83.96954
30234,33.32402,-84.03139
30236,33.52448,-84.32544
30238,33.49329,-84.37916
30240,33.03676,-85.12009
30241,33.02234,-84.94951
30248,33.35157,-84.10600
30250,33.43653,-84.31421
30251,33.19817,-84.69811
30252,33.47351,-84.05716
30253,33.44893,-84.18357
30256,33.00748,-84.30990
30257,33.14341,-84.18622
30258,32.97249,-84.44910
30259,33.26620,-84.73746
30260,33.58469,-84.32735
30263,33.38842,-84.85894
30265,33.41869,-84.71316
30268,33.54643,-84.72263
30269,33.39189,-84.57066
30273,33.58380,-84.27103
30274,33.55456,-84.39969
30275,33.43712,-84.87418
30276,33.26708,-84.56865
30277,33.37531,-84.64920
30281,33.56790,-84.19339
30284,33.34285,-84.28899
30285,32.98767,-84.25819
30286,32.87917,-84.33057
30288,33.65283,-84.32711
30289,33.32289,-84.63387
30290,33.47641,-84.58970
30291,33.57588,-84.54377
30292,33.16849,-84.39323
30293,32.97665,-84.61150
30294,33.63669,-84.26499
30295,33.09028,-84.31041
30296,33.56316,-84.44116
30297,33.61584,-84.37300
30303,33.75327,-84.38994
30305,33.83570,-84.38912
30306,33.78814,-84.35263
30307,33.77108,-84.33360
30308,33.77113,-84.37811
30309,33.79990,-84.38580
30310,33.72659,-84.42600
30311,33.72326,-84.47599
30312,33.74473,-84.37525
30313,33.76456,-84.39733
30314,33.75749,-84.43195
30315,33.70274,-84.38285
30316,33.71155,-84.33180
30317,33.74799,-84.31559
30318,33.79233,-84.44771
30319,33.87595,-84.33476
30322,33.79359,-84.32613
30324,33.81840,-84.35818
30326,33.84952,-84.36397
30327,33.86969,-84.41730
30328,33.93254,-84.38595
30329,33.82749,-84.32301
30331,33.70543,-84.54408
30332,33.77827,-84.40454
30334,33.74885,-84.38724
30336,33.73837,-84.56760
30337,33.64015,-84.45008
30338,33.94622,-84.31812
30339,33.87617,-84.46236
30340,33.89714,-84.25167
30341,33.88851,-84.28953
30342,33.88435,-84.37496
30344,33.67664,-84.46160
30345,33.85165,-84.28369
30346,33.92426,-84.33884
30349,33.62249,-84.52391
30350,33.98025,-84.33002
30354,33.66150,-84.38689
30360,33.93388,-84.27203
30363,33.79100,-84.39898
30401,32.59962,-82.35258
30410,32.18859,-82.51347
30411,32.12812,-82.79438
30412,32.07892,-82.49079
30413,32.88898,-82.51065
30415,32.32448,-81.60350
30417,32.17047,-81.92099
30420,32.28842,-82.15274
30421,32.17960,-82.10757
30423,32.14881,-81.83064
30425,32.68202,-82.09457
30426,33.03504,-81.62867
30427,31.92291,-81.96245
30428,32.22454,-82.71513
30429,32.16545,-81.93617
30434,33.02567,-82.38379
30436,32.15489,-82.29304
30438,32.16540,-82.02050
30439,32.40599,-82.07906
30441,32.79641,-82.22833
30442,32.79979,-81.98353
30445,32.16393,-82.58852
30446,32.56349,-81.46302
30448,32.48824,-82.36338
30449,32.51522,-81.56103
30450,32.56225,-81.92313
30451,32.39073,-81.95242
30452,32.32532,-81.88878
30453,32.01116,-82.12179
30454,32.43608,-82.73036
30455,32.69098,-81.80228
30456,32.98072,-81.79614
30457,32.40027,-82.56751
30458,32.39945,-81.82894
30460,32.41892,-81.78166
30461,32.51183,-81.71884
30464,32.43723,-82.22496
30467,32.75379,-81.60353
30470,32.31391,-82.56104
30471,32.54326,-82.18091
30473,32.01690,-82.46883
30474,32.23858,-82.41777
30475,32.22470,-82.36859
30477,32.86153,-82.40158
30501,34.31904,-83.81442
30504,34.26820,-83.89329
30506,34.34694,-83.89563
30507,34.24748,-83.77388
30510,34.44487,-83.57071
30511,34.44969,-83.48669
30512,34.85675,-83.96800
30513,34.82104,-84.32238
30516,34.38091,-83.03070
30517,34.13030,-83.79729
30518,34.13197,-84.02624
30519,34.08741,-83.94506
30520,34.33992,-83.08270
30521,34.36245,-83.29232
30522,34.79583,-84.34106
30523,34.71315,-83.55131
30525,34.90722,-83.36935
30527,34.48091,-83.78184
30528,34.62192,-83.79462
30529,34.21718,-83.48265
30530,34.22292,-83.39380
30531,34.51260,-83.59221
30533,34.56130,-84.01509
30534,34.43110,-84.14433
30535,34.57366,-83.57477
30536,34.65200,-84.35944
30537,34.97613,-83.32020
30538,34.50099,-83.26384
30540,34.72813,-84.54353
30541,34.91289,-84.53918
30542,34.17985,-83.91008
30543,34.29046,-83.64954
30545,34.76232,-83.76212
30546,34.90866,-83.70627
30547,34.36202,-83.45562
30548,34.09106,-83.76704
30549,34.10796,-83.57748
30552,34.77086,-83.44372
30553,34.44376,-83.08407
30554,34.39809,-83.66191
30555,34.97122,-84.43634
30557,34.47975,-83.18491
30558,34.27254,-83.56269
30559,34.95786,-84.27433
30560,34.87677,-84.20471
30562,34.92148,-83.38110
30563,34.56786,-83.45490
30564,34.46397,-83.88931
30565,34.08620,-83.41148
30566,34.23621,-83.89521
30567,34.18080,-83.67655
30568,34.95948,-83.43279
30571,34.70752,-83.69401
30572,34.73579,-84.07251
30573,34.74474,-83.43484
30575,34.20759,-83.71344
30576,34.83459,-83.45214
30577,34.55241,-83.32590
30581,34.79525,-83.42373
30582,34.95645,-83.90979
30601,33.99915,-83.34699
30602,33.94392,-83.37386
30605,33.90591,-83.32358
30606,33.93755,-83.42496
30607,34.01731,-83.44755
30609,33.94946,-83.38201
30619,33.85580,-83.24471
30620,33.92947,-83.75846
30621,33.79146,-83.49213
30622,33.92448,-83.51799
30623,33.72676,-83.54182
30624,34.18625,-83.04415
30625,33.52028,-83.33353
30627,33.97218,-82.96375
30628,34.02887,-83.21330
30629,34.07798,-83.11037
30630,33.91337,-83.14730
30631,33.55932,-82.87527
30633,34.18090,-83.24917
30634,34.19569,-82.94548
30635,34.10577,-82.79315
30641,33.77836,-83.57403
30642,33.55473,-83.19208
30643,34.36348,-82.90880
30646,34.08568,-83.30251
30648,33.88070,-83.04483
30650,33.58369,-83.47354
30655,33.78169,-83.69609
30656,33.86214,-83.71618
30660,33.78922,-82.95187
30662,34.26731,-83.15410
30663,33.61550,-83.60030
30664,33.55626,-82.79832
30665,33.54263,-83.06287
30666,33.96209,-83.58460
30667,33.77635,-83.14533
30668,33.89575,-82.69721
30669,33.67643,-83.11812
30673,33.71075,-82.71393
30677,33.78320,-83.37334
30678,33.45302,-83.06592
30680,33.99639,-83.69955
30683,33.94684,-83.25711
30701,34.49238,-84.95834
30705,34.74414,-84.73140
30707,34.77185,-85.35921
30708,34.96179,-84.66458
30710,34.95319,-84.91117
30711,34.91004,-84.72790
30720,34.73365,-85.00082
30721,34.78864,-84.91608
30725,34.92478,-85.35268
30726,34.97624,-85.13958
30728,34.68487,-85.22579
30730,34.34805,-85.41750
30731,34.58777,-85.47736
30733,34.41459,-85.05055
30734,34.53280,-84.71492
30735,34.60288,-84.88266
30736,34.90428,-85.13578
30738,34.79655,-85.48094
30739,34.80591,-85.21596
30740,34.75737,-85.07201
30741,34.95269,-85.28130
30742,34.95058,-85.24324
30746,34.57708,-85.02727
30747,34.50260,-85.30279
30750,34.94141,-85.38823
30751,34.98450,-84.73269
30752,34.91498,-85.53796
30753,34.58228,-85.28580
30755,34.86803,-85.04275
30756,34.89765,-84.97705
30757,34.93580,-85.44152
30802,33.60137,-82.29994
30803,33.13346,-82.54915
30805,33.27957,-82.19179
30807,33.45741,-82.64862
30808,33.38411,-82.39192
30809,33.55853,-82.17118
30810,33.23566,-82.58985
30812,33.36723,-82.02857
30813,33.47167,-82.22005
30814,33.43708,-82.30850
30815,33.28736,-82.09018
30816,33.15617,-82.16627
30817,33.77839,-82.43019
30818,33.26293,-82.33098
30820,33.21759,-82.70989
30821,33.49211,-82.73799
30822,32.92634,-81.85271
30823,33.22601,-82.45338
30824,33.51295,-82.51485
30828,33.36804,-82.65631
30830,33.07981,-81.97534
30833,33.19125,-82.35313
30901,33.43721,-81.95616
30903,33.49015,-82.16269
30904,33.47829,-82.01410
30905,33.41516,-82.14257
30906,33.34673,-81.96770
30907,33.52371,-82.08567
30909,33.47048,-82.08304
30912,33.47051,-81.98809
31001,31.97626,-83.33966
31002,32.55405,-82.59532
31003,32.60628,-83.21252
31005,32.54420,-83.59746
31006,32.58072,-84.25074
31007,32.18851,-83.92732
31008,32.66536,-83.78600
31009,32.28161,-83.01979
31011,32.13144,-83.08302
31012,32.39434,-83.17372
31014,32.41589,-83.34908
31015,31.93483,-83.77472
31016,32.84225,-84.11596
31017,32.62109,-83.23222
31018,32.97709,-82.62759
31019,32.42424,-83.05134
31020,32.69051,-83.49858
31021,32.49347,-82.94307
31022,32.51154,-83.11663
31023,32.18317,-83.19948
31024,33.32092,-83.37549
31025,32.33540,-83.74088
31027,32.58112,-82.80422
31028,32.63120,-83.69630
31029,33.04032,-83.93452
31030,32.57068,-83.89012
31031,32.86629,-83.32834
31032,33.01137,-83.56747
31033,33.07931,-83.43401
31035,32.84580,-82.69603
31036,32.28207,-83.52321
31037,32.08083,-82.96859
31038,33.13375,-83.64700
31039,32.59435,-84.38708
31041,32.33352,-84.20424
31042,32.76135,-83.17686
31044,32.65617,-83.39088
31045,33.28084,-82.78544
31046,33.05434,-83.79609
31047,32.46728,-83.59534
31049,32.68644,-82.52531
31050,32.73966,-83.95597
31051,32.15588,-83.88680
31052,32.78901,-83.84007
31054,32.88986,-83.21407
31055,32.00507,-82.90073
31057,32.43500,-83.93656
31058,32.48865,-84.41040
31060,31.97566,-83.06351
31061,33.07728,-83.24617
31062,33.04662,-83.21558
31063,32.28897,-83.96326
31064,33.28645,-83.70230
31065,32.55017,-83.16335
31066,32.80397,-84.01498
31067,32.86034,-82.93667
31068,32.32862,-84.11705
31069,32.44007,-83.74860
31070,32.18658,-83.78977
31071,32.12945,-83.54085
31072,31.97446,-83.56684
31075,32.35162,-82.95635
31076,32.53887,-84.11014
31077,31.92114,-83.19837
31078,32.69481,-84.07566
31079,31.94290,-83.45877
31081,32.41908,-84.28175
31082,32.99642,-82.90312
31083,32.04034,-82.81436
31084,31.96170,-83.60786
31085,33.42735,-83.62770
31087,33.25136,-83.00103
31088,32.57845,-83.65386
31089,32.85077,-82.86031
31090,32.82970,-83.06820
31091,32.23793,-83.70453
31092,32.09096,-83.78555
31093,32.64787,-83.65721
31094,33.11361,-82.79576
31096,32.72329,-82.70727
31097,32.89041,-84.16689
31098,32.61422,-83.56856
31201,32.80632,-83.61786
31204,32.84851,-83.67475
31206,32.79210,-83.68394
31207,32.82844,-83.64914
31210,32.90763,-83.73505
31211,32.90111,-83.57627
31213,32.84008,-83.63935
31216,32.72966,-83.68534
31217,32.84415,-83.50004
31220,32.87085,-83.80900
31301,31.75063,-81.60233
31302,32.12150,-81.34197
31303,32.50542,-81.31343
31304,31.51077,-81.35455
31305,31.39682,-81.39396
31307,32.17284,-81.39860
31308,32.18032,-81.47129
31309,31.87995,-81.43764
31312,32.30762,-81.40384
31313,31.84481,-81.61253
31314,31.87008,-81.63190
31315,31.89287,-81.58898
31316,31.72357,-81.71429
31318,32.14202,-81.37194
31320,31.76550,-81.36841
31321,32.18506,-81.65979
31322,32.10988,-81.25547
31323,31.68749,-81.42767
31324,31.85020,-81.26482
31326,32.29520,-81.22993
31327,31.46793,-81.24870
31328,32.01118,-80.86558
31329,32.42726,-81.35000
31331,31.51171,-81.44325
31401,32.07441,-81.08916
31404,32.05156,-81.04934
31405,32.03940,-81.17911
31406,31.98040,-81.08518
31407,32.18616,-81.19279
31408,32.11742,-81.18419
31409,32.01556,-81.14483
31410,32.02875,-80.99268
31411,31.94309,-81.03469
31415,32.07764,-81.12241
31419,31.99722,-81.23067
31501,31.22362,-82.35020
31503,31.20270,-82.41711
31510,31.54548,-82.44069
31512,31.54570,-83.01836
31513,31.77705,-82.34773
31516,31.30937,-82.25326
31518,31.51261,-82.18509
31519,31.68470,-82.87919
31520,31.18092,-81.49397
31522,31.25725,-81.34203
31523,31.21264,-81.61681
31524,31.24060,-81.47339
31525,31.32100,-81.52644
31527,31.06947,-81.42535
31532,31.72207,-82.75882
31533,31.56274,-82.82902
31535,31.45954,-82.86733
31537,30.88518,-82.00503
31539,31.83170,-82.60534
31542,31.14270,-82.11941
31543,31.33409,-81.82885
31544,31.84048,-82.96388
31545,31.66396,-81.93417
31546,31.50973,-81.77734
31547,30.79055,-81.55974
31548,30.79616,-81.69823
31549,31.92144,-82.72993
31550,31.14708,-82.59562
31551,31.49582,-82.27321
31552,31.28990,-82.59915
31553,31.18170,-81.97210
31554,31.48580,-82.62052
31555,31.70567,-82.08066
31556,31.41394,-82.11173
31557,31.37527,-82.09884
31558,30.89939,-81.42752
31560,31.49920,-82.02118
31561,31.19912,-81.32864
31562,30.42239,-82.17037
31563,31.75132,-82.18146
31565,31.06710,-81.63225
31566,31.18276,-81.80559
31567,31.63089,-82.70623
31568,31.01339,-81.81910
31569,30.89653,-81.69713
31601,30.77552,-83.33360
31602,30.86816,-83.34235
31605,30.93295,-83.22194
31606,30.80608,-83.19004
31620,31.11730,-83.43424
31622,31.37873,-83.19429
31623,31.07443,-82.64400
31624,31.29619,-82.73034
31625,30.99265,-83.53351
31626,30.77849,-83.79641
31627,31.04318,-83.39262
31629,30.81684,-83.68939
31630,30.95082,-82.87673
31631,30.64363,-82.74146
31632,30.98702,-83.36031
31634,31.04248,-82.76746
31635,31.09689,-83.04847
31636,30.73099,-83.11137
31637,31.29596,-83.44022
31638,30.90642,-83.51219
31639,31.21655,-83.19073
31641,30.92101,-83.09358
31642,31.26279,-82.88320
31643,30.77309,-83.55690
31645,31.06072,-83.21869
31647,31.20884,-83.42734
31648,30.70651,-83.01901
31649,30.96496,-82.99526
31650,31.39582,-83.02539
31698,30.84894,-83.28957
31699,30.97490,-83.20522
31701,31.55269,-84.15927
31705,31.51689,-84.04294
31707,31.58692,-84.20643
31709,32.06700,-84.12771
31711,32.19113,-84.13008
31712,31.83529,-83.70916
31714,31.72025,-83.69396
31716,31.35854,-84.12794
31719,32.09031,-84.31075
31720,30.87815,-83.72457
31721,31.52526,-84.30146
31722,31.06745,-83.62277
31730,31.19488,-84.31092
31733,31.59319,-83.48976
31735,31.96955,-83.97331
31738,31.01267,-83.87186
31743,31.90840,-83.99115
31744,31.34029,-83.90313
31747,31.17670,-83.58707
31749,31.41359,-83.32718
31750,31.73646,-83.21504
31756,31.18302,-83.96576
31757,30.87139,-83.90313
31763,31.75005,-84.13914
31764,31.97631,-84.08884
31765,31.08755,-84.02715
31768,31.18910,-83.84111
31771,31.24814,-83.65415
31772,31.72415,-83.96103
31773,30.97343,-84.04809
31774,31.56547,-83.26375
31775,31.33084,-83.59858
31778,30.97499,-83.70007
31779,31.10802,-84.21120
31780,32.03187,-84.38881
31781,31.56057,-83.79632
31783,31.75898,-83.47012
31784,31.24725,-84.03667
31787,31.89918,-84.24332
31788,31.11144,-83.67680
31789,31.47973,-83.73983
31790,31.65248,-83.57797
31791,31.52895,-83.89425
31792,30.77080,-84.04370
31793,31.46260,-83.59382
31794,31.44587,-83.45267
31795,31.47360,-83.68741
31796,31.77012,-83.85647
31798,31.61338,-83.06597
31801,32.51934,-84.59476
31803,32.28547,-84.49360
31804,32.66440,-84.87841
31805,32.26306,-84.73951
31806,32.26344,-84.32271
31807,32.63823,-84.80084
31808,32.63161,-85.01055
31810,32.56826,-84.52488
31811,32.73736,-84.93744
31812,32.64005,-84.40278
31814,32.21489,-84.84417
31815,32.02979,-84.84482
31816,32.88146,-84.60815
31820,32.57941,-84.82468
31821,32.11613,-84.96345
31822,32.86498,-84.91035
31823,32.81064,-84.82259
31824,32.05120,-84.51909
31825,32.11619,-84.67090
31826,32.79745,-84.69921
31827,32.68672,-84.52182
31829,32.56270,-84.73161
31830,32.90071,-84.72906
31831,32.68557,-84.70684
31832,31.95817,-84.61490
31833,32.84290,-85.09185
31836,32.79640,-84.53509
31901,32.46531,-84.98028
31903,32.41415,-84.95424
31904,32.55434,-85.00947
31905,32.37879,-84.90685
31906,32.46781,-84.95017
31907,32.48204,-84.90148
31909,32.54881,-84.92411
32003,30.09558,-81.71016
32008,29.92614,-82.91423
32009,30.42250,-81.97382
32011,30.57111,-81.83958
32024,30.09198,-82.73112
32025,30.10710,-82.57911
32026,30.05415,-82.18168
32033,29.78811,-81.43432
32034,30.60604,-81.49610
32038,29.93494,-82.69223
32040,30.24351,-82.23889
32043,29.93704,-81.73259
32044,29.85789,-82.17870
32046,30.70115,-81.91659
32052,30.48613,-82.93608
32053,30.57548,-83.12607
32054,30.03381,-82.39425
32055,30.27010,-82.62413
32058,30.10755,-82.10693
32059,30.38494,-83.25597
32060,30.27441,-83.03633
32061,30.09756,-82.51033
32062,30.13746,-82.97834
32063,30.24767,-82.11298
32064,30.29563,-82.98411
32065,30.15224,-81.79702
32066,30.03976,-83.20581
32068,30.08328,-81.89108
32071,30.05810,-82.95583
32072,30.18816,-82.42449
32073,30.16982,-81.73914
32079,29.97799,-81.80702
32080,29.81874,-81.27286
32081,30.12579,-81.41050
32082,30.11155,-81.37175
32083,30.11460,-82.23278
32084,29.91842,-81.36755
32086,29.76674,-81.30637
32087,30.37743,-82.28046
32091,29.92882,-82.12774
32092,29.93416,-81.51196
32094,30.18694,-82.82182
32095,30.02275,-81.40658
32096,30.53438,-82.62696
32097,30.66117,-81.61870
32102,29.13729,-81.54643
32110,29.42880,-81.33921
32112,29.43175,-81.56557
32113,29.40998,-82.08922
32114,29.19239,-81.04676
32117,29.23559,-81.06397
32118,29.20964,-81.00232
32119,29.16096,-81.02559
32124,29.17079,-81.14118
32127,29.10627,-80.97367
32128,29.10074,-81.07183
32129,29.13697,-81.02396
32130,29.14834,-81.34104
32131,29.68429,-81.56238
32132,28.98011,-80.92089
32133,29.02018,-81.90926
32134,29.38501,-81.83795
32136,29.46376,-81.14740
32137,29.58152,-81.21819
32139,29.37575,-81.58942
32140,29.76260,-81.86666
32141,28.92881,-80.91908
32145,29.67756,-81.42133
32147,29.59084,-81.77715
32148,29.61700,-81.88369
32157,29.46755,-81.57850
32159,28.93320,-81.89851
32162,28.91072,-81.98656
32164,29.48770,-81.20970
32168,28.96391,-81.02944
32169,28.95980,-80.86780
32174,29.28478,-81.16135
32176,29.33158,-81.06251
32177,29.69770,-81.70324
32179,29.08811,-81.89509
32180,29.23630,-81.39668
32181,29.50798,-81.60199
32187,29.57895,-81.55004
32189,29.54984,-81.64770
32190,29.34334,-81.48901
32193,29.50496,-81.64507
32195,28.98808,-81.88634
32202,30.32462,-81.64723
32204,30.31702,-81.68083
32205,30.29882,-81.72104
32206,30.35019,-81.63878
32207,30.28964,-81.64097
32208,30.39309,-81.68295
32209,30.36101,-81.69625
32210,30.26658,-81.74553
32211,30.33152,-81.58270
32212,30.22211,-81.66913
32216,30.27747,-81.58290
32217,30.22918,-81.62116
32218,30.48784,-81.66769
32219,30.42665,-81.81500
32220,30.36801,-81.87097
32221,30.26006,-81.85295
32222,30.20892,-81.83101
32223,30.15657,-81.64941
32224,30.27044,-81.46789
32225,30.35776,-81.50583
32226,30.48125,-81.50616
32227,30.38919,-81.40441
32228,30.39186,-81.40007
32233,30.35887,-81.41939
32234,30.22513,-81.98456
32244,30.21767,-81.75268
32246,30.29376,-81.51714
32250,30.28049,-81.41204
32254,30.34096,-81.73479
32256,30.17533,-81.47195
32257,30.18935,-81.61247
32258,30.14071,-81.55171
32259,30.07432,-81.58521
32266,30.31739,-81.40907
32277,30.37745,-81.59395
32301,30.42223,-84.25857
32303,30.51552,-84.34164
32304,30.45197,-84.35277
32305,30.34987,-84.30076
32308,30.47748,-84.22700
32309,30.56683,-84.09765
32310,30.38544,-84.51218
32311,30.39005,-84.18103
32312,30.60528,-84.22956
32317,30.47048,-84.11669
32320,29.73173,-85.11187
32321,30.26544,-84.97966
32322,29.95340,-84.57904
32323,29.89151,-84.61373
32324,30.65476,-84.78325
32327,30.18226,-84.30533
32328,29.73880,-84.90016
32330,30.57993,-84.75053
32331,30.44489,-83.63760
32332,30.62073,-84.67805
32333,30.60774,-84.41759
32334,30.26624,-84.74247
32336,30.26076,-83.84797
32340,30.46875,-83.43924
32343,30.47833,-84.50469
32344,30.52608,-83.96229
32346,29.99084,-84.38459
32347,30.17420,-83.61153
32348,29.97740,-83.59616
32350,30.57497,-83.32579
32351,30.52013,-84.67508
32352,30.66226,-84.59163
32355,30.17219,-84.20855
32356,29.85924,-83.41500
32358,30.10567,-84.55800
32359,29.67751,-83.39586
32361,30.35771,-83.98858
32399,30.43704,-84.28255
32401,30.15974,-85.66092
32403,30.04856,-85.55323
32404,30.20465,-85.50175
32405,30.20210,-85.66741
32407,30.19832,-85.79069
32408,30.14247,-85.72803
32409,30.35676,-85.65369
32410,29.99519,-85.41422
32413,30.31030,-85.90531
32420,30.63237,-85.38457
32421,30.52536,-85.17277
32423,30.94378,-85.04891
32424,30.36238,-85.08306
32425,30.85318,-85.72049
32426,30.94689,-85.37041
32427,30.71049,-85.79231
32428,30.61575,-85.57295
32430,30.41837,-85.23408
32431,30.78748,-85.41082
32432,30.71487,-85.07757
32433,30.85118,-86.20084
32435,30.64863,-86.13020
32437,30.43625,-85.90922
32438,30.50124,-85.42417
32439,30.48529,-86.12134
32440,30.92243,-85.52619
32442,30.67845,-85.01640
32443,30.87252,-85.10942
32444,30.23994,-85.65160
32445,30.97052,-85.19734
32446,30.84817,-85.23137
32447,30.75995,-85.25157
32448,30.67101,-85.22331
32449,30.28672,-85.23960
32455,30.63863,-85.96270
32456,29.83905,-85.29752
32459,30.36058,-86.18559
32460,30.76409,-84.95423
32461,30.28970,-86.02760
32462,30.55420,-85.83340
32463,30.63141,-85.59028
32464,30.90288,-85.95256
32465,30.00787,-85.18189
32466,30.39439,-85.51237
32501,30.42878,-87.22252
32502,30.40937,-87.22351
32503,30.45967,-87.21364
32504,30.47312,-87.18632
32505,30.45462,-87.26065
32506,30.39163,-87.36939
32507,30.33919,-87.37823
32508,30.35061,-87.31690
32509,30.46974,-87.34036
32511,30.40605,-87.29170
32514,30.53136,-87.22171
32526,30.49923,-87.36557
32530,30.59824,-87.03036
32531,30.88404,-86.68347
32533,30.61051,-87.32678
32534,30.52894,-87.28172
32535,30.96370,-87.34618
32536,30.76378,-86.59162
32539,30.77900,-86.47717
32541,30.39516,-86.47878
32542,30.46455,-86.52517
32544,30.42728,-86.69715
32547,30.47412,-86.66753
32548,30.39543,-86.72081
32550,30.38070,-86.34814
32561,30.34019,-87.11379
32563,30.39695,-87.02847
32564,30.72881,-86.78191
32565,30.89260,-87.13168
32566,30.43560,-86.87941
32567,30.92373,-86.44914
32568,30.87318,-87.44998
32569,30.41097,-86.73047
32570,30.80497,-86.96749
32571,30.67329,-87.19585
32577,30.72747,-87.36501
32578,30.50779,-86.44801
32579,30.45089,-86.57349
32580,30.48992,-86.51466
32583,30.59251,-86.97100
32601,29.64897,-82.32494
32603,29.65671,-82.34750
32605,29.67918,-82.37282
32606,29.68206,-82.44411
32607,29.64733,-82.41916
32608,29.59944,-82.41018
32609,29.77219,-82.28342
32612,29.64312,-82.35385
32615,29.81917,-82.48616
32616,29.78850,-82.49526
32617,29.30839,-82.07437
32618,29.54575,-82.51691
32619,29.76165,-82.85947
32621,29.42470,-82.61014
32622,29.90805,-82.31884
32625,29.21474,-82.99543
32626,29.42386,-82.89932
32628,29.62543,-83.20700
32631,29.70443,-82.09251
32639,29.22700,-82.71256
32640,29.57880,-82.08634
32641,29.64750,-82.23948
32643,29.82671,-82.63421
32648,29.50378,-83.27048
32653,29.74501,-82.39380
32656,29.81344,-81.95852
32658,29.84989,-82.39116
32664,29.44654,-82.21675
32666,29.72364,-81.99750
32667,29.51370,-82.30484
32668,29.25724,-82.47472
32669,29.63216,-82.58992
32680,29.54256,-83.13231
32681,29.42339,-82.20558
32683,29.29524,-82.78624
32686,29.35554,-82.27502
32692,29.33333,-83.12258
32693,29.62648,-82.78538
32694,29.80806,-82.14438
32696,29.39603,-82.46214
32697,29.92956,-82.42925
32701,28.66562,-81.37036
32702,29.04419,-81.62747
32703,28.67104,-81.55251
32707,28.66410,-81.31491
32708,28.68710,-81.27344
32709,28.50249,-80.95883
32712,28.74839,-81.47977
32713,28.88373,-81.32529
32714,28.66249,-81.41161
32720,29.00337,-81.36858
32724,29.05720,-81.22558
32725,28.88619,-81.25142
32726,28.85505,-81.67884
32730,28.65434,-81.34372
32732,28.75104,-81.10212
32735,28.89042,-81.73904
32736,28.91668,-81.48909
32738,28.90519,-81.18454
32744,28.98523,-81.21958
32746,28.77137,-81.35309
32750,28.70865,-81.35048
32751,28.63040,-81.36505
32754,28.68711,-80.91919
32757,28.77305,-81.63812
32759,28.82554,-80.90269
32763,28.94130,-81.29682
32764,28.85254,-81.10180
32765,28.66511,-81.19629
32766,28.64767,-81.04469
32767,29.02659,-81.53447
32771,28.81353,-81.32494
32773,28.75509,-81.24749
32776,28.82018,-81.50879
32778,28.77346,-81.73019
32779,28.72724,-81.41476
32780,28.53305,-80.79195
32784,28.97431,-81.71676
32789,28.59919,-81.35227
32792,28.61010,-81.29834
32796,28.62529,-80.84586
32798,28.72373,-81.58772
32801,28.54177,-81.37436
32803,28.55583,-81.34629
32804,28.57904,-81.39420
32805,28.52938,-81.40367
32806,28.51187,-81.36046
32807,28.55368,-81.30066
32808,28.58011,-81.44430
32809,28.46215,-81.38596
32810,28.62409,-81.43085
32811,28.52104,-81.44773
32812,28.48382,-81.32376
32814,28.57047,-81.32834
32817,28.59102,-81.24464
32818,28.59006,-81.49385
32819,28.45370,-81.47237
32820,28.57693,-81.13984
32821,28.38589,-81.47621
32822,28.48990,-81.29015
32824,28.38656,-81.34935
32825,28.51803,-81.22900
32826,28.57966,-81.18864
32827,28.41617,-81.29937
32828,28.52866,-81.16641
32829,28.48436,-81.24598
32830,28.38304,-81.57371
32831,28.47451,-81.13111
32832,28.40318,-81.19154
32833,28.49429,-81.08326
32835,28.51873,-81.48623
32836,28.40568,-81.51644
32837,28.38322,-81.42978
32839,28.48807,-81.40721
32901,28.07939,-80.62363
32903,28.11061,-80.58550
32904,28.06397,-80.67641
32905,28.03137,-80.60041
32907,28.02095,-80.67978
32908,27.95633,-80.69893
32909,27.91926,-80.64423
32920,28.39617,-80.61498
32922,28.37300,-80.74291
32925,28.25163,-80.61001
32926,28.38881,-80.81814
32927,28.45772,-80.81229
32931,28.32320,-80.62310
32934,28.13455,-80.71389
32935,28.14553,-80.64996
32937,28.17877,-80.60177
32940,28.20256,-80.80138
32948,27.88881,-80.73358
32949,27.90978,-80.56057
32950,27.98053,-80.56957
32951,27.94403,-80.50343
32952,28.32040,-80.65918
32953,28.44170,-80.70261
32955,28.29670,-80.72504
32958,27.79438,-80.49146
32960,27.64153,-80.40262
32962,27.59105,-80.38342
32963,27.71824,-80.39328
32966,27.68691,-80.71579
32967,27.71549,-80.45429
32968,27.58031,-80.47177
32970,27.75403,-80.45049
32976,27.84626,-80.55411
33001,24.81713,-80.80600
33004,26.05784,-80.13780
33009,25.98513,-80.14726
33010,25.83320,-80.27872
33012,25.86611,-80.30111
33013,25.86219,-80.26968
33014,25.90310,-80.30267
33015,25.94137,-80.31767
33016,25.89501,-80.33245
33018,25.91773,-80.38446
33019,26.02761,-80.12020
33020,26.01919,-80.15294
33021,26.02313,-80.18654
33023,25.98920,-80.21707
33024,26.02636,-80.24463
33025,25.98818,-80.28139
33026,26.02620,-80.29599
33027,25.98811,-80.34044
33028,26.01472,-80.34017
33029,25.97458,-80.42009
33030,25.48515,-80.51088
33031,25.52499,-80.50088
33032,25.53114,-80.39123
33033,25.48320,-80.41313
33034,25.26417,-80.66629
33035,25.40928,-80.38414
33036,24.90190,-80.69900
33037,25.22584,-80.41434
33039,25.50168,-80.39842
33040,24.56091,-81.88948
33042,24.67875,-81.49968
33043,24.72047,-81.35322
33050,24.73933,-81.00549
33051,24.72126,-81.02133
33054,25.90860,-80.26504
33055,25.94847,-80.27885
33056,25.94889,-80.24358
33060,26.23475,-80.11966
33062,26.24108,-80.09123
33063,26.25191,-80.20893
33064,26.27850,-80.11530
33065,26.27450,-80.26040
33066,26.25293,-80.17038
33067,26.30585,-80.22640
33068,26.21595,-80.21795
33069,26.23583,-80.15710
33070,25.01298,-80.51562
33071,26.24578,-80.26737
33073,26.29817,-80.18210
33076,26.31683,-80.27687
33101,25.77930,-80.19874
33109,25.75769,-80.14144
33122,25.79485,-80.28837
33125,25.78383,-80.23633
33126,25.77949,-80.29957
33127,25.81309,-80.20504
33128,25.77677,-80.20343
33129,25.74595,-80.19454
33130,25.76852,-80.20336
33131,25.76656,-80.18427
33132,25.77740,-80.17241
33133,25.72863,-80.24099
33134,25.75333,-80.27038
33135,25.76654,-80.23510
33136,25.78725,-80.20530
33137,25.81081,-80.16685
33138,25.85376,-80.17801
33139,25.77939,-80.15157
33140,25.81971,-80.13371
33141,25.85185,-80.13873
33142,25.81208,-80.23890
33143,25.70303,-80.29738
33144,25.76346,-80.31267
33145,25.75313,-80.23442
33146,25.72085,-80.27257
33147,25.85122,-80.23817
33149,25.71441,-80.16359
33150,25.85219,-80.20717
33154,25.88334,-80.13183
33155,25.73689,-80.31077
33156,25.66820,-80.29701
33157,25.60613,-80.34350
33158,25.63787,-80.30863
33160,25.93390,-80.13271
33161,25.89366,-80.18154
33162,25.92800,-80.17718
33165,25.73435,-80.35827
33166,25.82785,-80.31618
33167,25.88477,-80.23919
33168,25.89286,-80.20912
33169,25.94312,-80.21469
33170,25.55796,-80.45790
33172,25.78691,-80.36125
33173,25.70232,-80.35750
33174,25.76152,-80.36469
33175,25.73661,-80.40683
33176,25.65988,-80.35835
33177,25.59613,-80.40419
33178,25.83550,-80.42248
33179,25.95762,-80.18000
33180,25.96039,-80.14311
33181,25.89799,-80.15226
33182,25.78031,-80.45445
33183,25.70248,-80.40401
33184,25.75971,-80.40647
33185,25.72636,-80.45073
33186,25.65442,-80.41215
33187,25.59721,-80.50135
33189,25.57221,-80.33546
33190,25.55689,-80.34991
33193,25.70541,-80.47085
33194,25.71406,-80.58352
33196,25.65237,-80.49055
33301,26.12132,-80.12791
33304,26.14041,-80.12118
33305,26.15336,-80.11944
33306,26.16544,-80.11385
33308,26.18851,-80.10499
33309,26.18599,-80.17272
33311,26.14421,-80.17279
33312,26.08817,-80.18178
33313,26.15152,-80.22740
33314,26.06758,-80.22264
33315,26.08702,-80.15299
33316,26.09870,-80.12184
33317,26.11260,-80.22787
33319,26.18138,-80.22580
33321,26.21356,-80.27027
33322,26.15112,-80.26994
33323,26.15176,-80.32094
33324,26.11248,-80.27494
33325,26.10966,-80.31997
33326,26.11427,-80.36977
33327,26.11102,-80.41939
33328,26.07047,-80.27286
33330,26.06093,-80.31906
33331,26.05326,-80.36688
33332,26.00661,-80.46018
33334,26.18255,-80.13373
33351,26.17958,-80.27504
33401,26.71900,-80.07077
33403,26.80377,-80.07639
33404,26.78102,-80.06374
33405,26.66727,-80.05809
33406,26.66408,-80.09237
33407,26.75666,-80.09040
33408,26.84089,-80.05210
33409,26.71560,-80.09589
33410,26.84566,-80.08735
33411,26.71990,-80.19306
33412,26.80316,-80.20941
33413,26.66371,-80.15134
33414,26.64892,-80.24646
33415,26.66021,-80.12657
33417,26.72045,-80.12402
33418,26.87271,-80.16571
33426,26.53374,-80.08315
33428,26.35291,-80.20794
33430,26.64196,-80.55400
33431,26.37459,-80.10661
33432,26.34380,-80.08221
33433,26.34716,-80.15924
33434,26.38317,-80.16769
33435,26.52516,-80.06151
33436,26.52295,-80.10726
33437,26.51205,-80.14896
33438,26.93186,-80.60063
33440,26.56477,-81.03784
33441,26.31110,-80.09787
33442,26.30917,-80.14981
33444,26.45890,-80.07964
33445,26.45587,-80.10793
33446,26.44966,-80.18539
33449,26.58998,-80.23273
33455,27.05368,-80.16232
33458,26.93656,-80.13185
33460,26.61966,-80.05671
33461,26.62041,-80.09070
33462,26.57618,-80.07231
33463,26.59349,-80.12828
33467,26.59636,-80.17560
33469,26.98270,-80.10816
33470,26.72943,-80.31986
33471,26.88462,-81.19823
33472,26.53836,-80.18580
33473,26.50380,-80.19162
33476,26.80215,-80.62472
33477,26.91890,-80.07606
33478,26.93507,-80.24608
33480,26.68495,-80.03723
33483,26.46260,-80.06176
33484,26.45427,-80.13448
33486,26.34750,-80.11257
33487,26.41179,-80.08901
33493,26.53882,-80.72872
33496,26.40672,-80.16056
33498,26.38578,-80.21993
33503,27.76383,-82.27617
33510,27.95564,-82.29669
33511,27.90978,-82.29574
33513,28.71426,-82.19497
33514,28.67058,-81.99152
33521,28.79841,-82.06856
33523,28.41926,-82.22016
33525,28.34164,-82.19838
33527,27.97375,-82.21281
33534,27.82756,-82.37928
33538,28.84995,-82.18511
33540,28.25690,-82.13300
33541,28.23400,-82.22136
33542,28.23578,-82.17762
33543,28.21291,-82.29639
33544,28.25407,-82.36636
33545,28.26810,-82.29123
33547,27.78998,-82.13581
33548,28.14628,-82.48230
33549,28.14069,-82.44972
33556,28.13698,-82.58813
33558,28.16534,-82.51068
33559,28.16095,-82.41466
33563,28.01722,-82.12495
33565,28.08591,-82.14811
33566,27.97796,-82.09571
33567,27.92061,-82.11677
33569,27.84444,-82.28600
33570,27.69043,-82.46018
33572,27.76073,-82.40752
33573,27.72286,-82.35692
33576,28.33574,-82.33784
33578,27.86220,-82.35004
33579,27.79687,-82.28708
33584,28.00546,-82.29434
33585,28.73016,-82.08616
33592,28.10187,-82.28324
33594,27.94093,-82.24248
33596,27.88720,-82.22585
33597,28.54553,-82.08053
33598,27.69342,-82.28466
33602,27.95353,-82.45711
33603,27.98562,-82.46444
33604,28.01715,-82.45535
33605,27.95112,-82.42968
33606,27.91745,-82.45228
33607,27.96201,-82.49218
33609,27.94427,-82.51767
33610,27.99821,-82.37802
33611,27.89135,-82.50566
33612,28.05083,-82.44957
33613,28.08397,-82.45077
33614,28.00472,-82.50609
33615,28.00510,-82.58028
33616,27.86514,-82.53540
33617,28.03579,-82.39154
33618,28.07483,-82.49843
33619,27.93537,-82.37869
33620,28.06137,-82.41280
33621,27.84918,-82.51078
33624,28.08026,-82.52825
33625,28.06688,-82.56122
33626,28.06705,-82.62035
33629,27.92154,-82.50904
33634,28.00983,-82.54779
33635,28.02764,-82.61993
33637,28.04520,-82.36286
33647,28.12695,-82.35409
33701,27.77079,-82.63281
33702,27.84661,-82.62869
33703,27.81706,-82.61975
33704,27.79633,-82.62872
33705,27.73449,-82.64340
33706,27.74082,-82.75159
33707,27.75447,-82.72252
33708,27.81506,-82.79779
33709,27.81684,-82.73162
33710,27.79069,-82.73077
33711,27.73861,-82.68752
33712,27.73438,-82.66789
33713,27.78827,-82.67746
33714,27.81525,-82.67771
33715,27.66564,-82.72241
33716,27.87986,-82.65280
33744,27.80729,-82.77305
33755,27.97991,-82.78051
33756,27.94559,-82.79399
33759,27.97528,-82.70148
33760,27.90754,-82.71424
33761,28.03306,-82.72437
33762,27.90113,-82.68224
33763,28.00290,-82.74343
33764,27.93411,-82.73898
33765,27.97488,-82.74512
33767,27.97475,-82.82678
33770,27.91511,-82.80403
33771,27.90683,-82.75880
33772,27.84359,-82.79668
33773,27.88229,-82.75592
33774,27.88382,-82.82788
33776,27.84956,-82.82583
33777,27.85353,-82.75935
33778,27.88862,-82.79854
33781,27.83887,-82.71500
33782,27.85963,-82.70815
33785,27.89184,-82.84998
33786,27.93124,-82.83657
33801,28.03598,-81.89964
33803,28.00936,-81.93266
33805,28.10070,-81.90833
33809,28.22134,-81.97394
33810,28.13180,-82.03033
33811,27.98825,-82.01568
33812,27.97144,-81.89448
33813,27.96898,-81.93565
33815,28.04126,-81.99759
33823,28.08573,-81.81373
33825,27.62025,-81.45883
33827,27.81589,-81.50865
33830,27.87350,-81.81270
33834,27.62026,-82.00136
33837,28.19477,-81.58751
33838,28.01944,-81.61405
33839,27.97683,-81.75050
33841,27.74115,-81.75460
33843,27.72077,-81.53300
33844,28.08958,-81.58938
33847,27.80285,-81.82206
33848,28.28357,-81.50638
33849,28.22607,-82.06889
33850,28.12160,-81.73256
33851,28.04464,-81.62389
33852,27.24470,-81.38194
33853,27.90071,-81.58445
33854,27.85627,-81.40993
33855,27.79537,-81.35276
33856,27.85475,-81.42902
33857,27.33620,-81.18944
33859,27.87270,-81.62640
33860,27.76289,-82.02534
33865,27.43379,-81.96326
33867,27.77783,-81.19609
33868,28.24084,-81.82662
33870,27.50693,-81.40846
33872,27.50524,-81.54603
33873,27.57092,-81.78117
33875,27.39236,-81.51049
33876,27.41347,-81.35098
33877,27.98576,-81.61223
33880,27.97905,-81.77995
33881,28.05779,-81.71741
33884,27.97917,-81.67309
33890,27.43279,-81.69998
33896,28.25690,-81.58285
33897,28.28513,-81.69102
33898,27.84132,-81.37342
33901,26.62107,-81.87814
33903,26.67998,-81.90664
33904,26.57540,-81.94486
33905,26.66773,-81.76395
33907,26.56389,-81.87027
33908,26.51215,-81.98141
33909,26.69320,-81.94513
33912,26.53499,-81.82576
33913,26.51424,-81.69680
33914,26.55439,-82.02094
33916,26.63693,-81.83842
33917,26.73842,-81.84566
33919,26.55663,-81.90109
33920,26.74230,-81.63605
33921,26.77222,-82.25280
33922,26.63800,-82.17492
33924,26.60277,-82.21747
33928,26.38860,-81.70666
33930,26.56713,-81.40671
33931,26.43163,-81.90677
33935,26.76032,-81.43286
33936,26.62341,-81.60150
33944,26.99444,-81.29104
33945,26.60233,-82.22053
33946,26.84951,-82.28354
33947,26.88772,-82.26570
33948,26.98589,-82.15174
33950,26.90297,-82.04629
33952,26.98613,-82.09704
33953,26.99970,-82.21228
33954,27.02472,-82.12241
33955,26.81643,-81.99381
33956,26.55080,-82.11674
33957,26.46169,-82.10039
33960,27.04303,-81.39377
33965,26.46337,-81.77302
33966,26.58330,-81.83410
33967,26.47151,-81.81224
33971,26.63958,-81.69970
33972,26.64928,-81.61628
33973,26.60786,-81.72464
33974,26.56271,-81.60192
33976,26.59128,-81.68613
33980,26.97720,-82.04973
33981,26.91821,-82.21962
33982,26.91053,-81.76720
33983,27.00912,-82.01787
33990,26.62799,-81.94477
33991,26.62504,-82.02358
33993,26.69295,-82.03390
34101,26.04406,-81.75822
34102,26.13750,-81.79910
34103,26.19391,-81.80650
34104,26.14995,-81.74156
34105,26.19005,-81.76478
34108,26.24631,-81.80832
34109,26.24084,-81.76382
34110,26.30328,-81.78817
34112,26.12061,-81.74162
34113,26.04365,-81.73242
34114,25.93411,-81.53961
34116,26.18929,-81.71080
34117,26.18081,-81.60537
34119,26.26936,-81.71302
34120,26.32610,-81.57009
34134,26.36138,-81.83194
34135,26.35556,-81.75433
34137,25.94275,-81.38318
34138,25.81377,-81.36345
34139,25.82070,-81.40234
34140,25.92512,-81.66261
34141,26.02282,-81.08125
34142,26.34275,-81.31329
34145,25.90409,-81.67585
34201,27.40066,-82.46579
34202,27.40671,-82.38984
34203,27.44034,-82.50938
34205,27.48408,-82.58182
34207,27.43868,-82.57967
34208,27.48749,-82.51591
34209,27.50579,-82.65035
34210,27.43755,-82.63018
34211,27.45436,-82.38338
34212,27.49781,-82.40840
34215,27.47066,-82.68528
34216,27.53431,-82.73527
34217,27.49118,-82.70502
34219,27.57647,-82.29922
34221,27.58002,-82.55265
34222,27.53896,-82.50703
34223,26.98267,-82.35420
34224,26.91757,-82.30394
34228,27.40046,-82.64418
34229,27.19121,-82.48414
34231,27.26598,-82.51658
34232,27.32499,-82.47171
34233,27.28002,-82.47664
34234,27.37031,-82.53730
34235,27.36942,-82.47682
34236,27.31923,-82.55628
34237,27.33866,-82.51403
34238,27.23579,-82.47054
34239,27.31089,-82.52117
34240,27.36395,-82.31556
34241,27.25069,-82.37758
34242,27.26022,-82.54091
34243,27.40099,-82.52794
34251,27.37773,-82.17154
34266,27.19229,-81.82025
34268,27.14925,-81.89533
34269,27.06760,-82.01310
34275,27.15175,-82.42257
34285,27.09456,-82.44089
34286,27.08087,-82.18126
34287,27.05257,-82.24435
34288,27.05360,-82.11334
34289,27.08298,-82.13583
34291,27.09391,-82.23899
34292,27.10194,-82.34153
34293,27.02798,-82.34261
34420,29.05278,-82.03648
34428,28.95677,-82.64757
34429,28.85071,-82.66730
34431,29.14024,-82.53055
34432,29.06490,-82.37456
34433,29.00222,-82.52489
34434,28.99593,-82.43963
34436,28.72058,-82.29798
34442,28.93705,-82.38652
34445,28.96799,-82.42081
34446,28.74728,-82.52216
34448,28.76701,-82.62519
34449,29.07472,-82.67945
34450,28.83004,-82.26601
34452,28.81629,-82.34380
34453,28.87425,-82.33472
34461,28.86614,-82.49451
34465,28.92949,-82.48921
34470,29.19891,-82.08743
34471,29.15977,-82.13027
34472,29.10947,-81.99736
34473,29.00569,-82.18395
34474,29.15615,-82.20822
34475,29.25870,-82.16709
34476,29.08160,-82.19682
34479,29.25572,-82.10911
34480,29.09420,-82.09421
34481,29.12554,-82.30989
34482,29.24439,-82.27503
34484,28.94502,-82.09753
34488,29.22809,-81.93862
34491,28.99563,-82.05514
34498,29.03155,-82.73609
34601,28.58863,-82.35118
34602,28.50248,-82.28235
34604,28.47694,-82.43479
34606,28.46848,-82.59573
34607,28.48677,-82.63302
34608,28.48283,-82.55285
34609,28.47948,-82.50791
34610,28.36990,-82.51075
34613,28.57939,-82.56844
34614,28.64600,-82.53356
34637,28.30771,-82.46483
34638,28.25686,-82.51274
34639,28.26543,-82.42324
34652,28.24056,-82.74435
34653,28.24408,-82.68848
34654,28.29489,-82.62824
34655,28.21509,-82.62440
34661,28.60475,-82.24527
34667,28.39144,-82.66247
34668,28.29333,-82.71056
34669,28.35602,-82.61017
34677,28.03655,-82.67152
34679,28.43220,-82.66123
34681,28.08302,-82.77611
34683,28.08771,-82.76113
34684,28.08074,-82.72683
34685,28.09325,-82.68940
34688,28.14712,-82.67897
34689,28.14831,-82.75988
34690,28.19374,-82.72571
34691,28.17687,-82.80311
34695,28.00816,-82.68837
34698,28.03755,-82.78632
34705,28.69956,-81.71878
34711,28.52075,-81.75385
34714,28.40312,-81.77768
34715,28.63104,-81.72607
34731,28.86411,-81.89863
34734,28.53700,-81.51545
34736,28.55650,-81.89974
34737,28.69231,-81.79674
34739,27.93054,-81.11703
34741,28.30630,-81.42693
34743,28.32932,-81.35515
34744,28.29886,-81.34340
34746,28.23747,-81.44190
34747,28.30971,-81.59823
34748,28.76939,-81.88191
34753,28.57708,-81.88591
34756,28.58383,-81.68554
34758,28.19206,-81.48542
34759,28.10390,-81.41937
34760,28.55473,-81.63217
34761,28.57858,-81.53412
34762,28.75725,-81.92052
34769,28.24462,-81.29085
34771,28.28165,-81.17486
34772,28.16304,-81.26408
34773,28.15988,-81.00758
34785,28.83729,-82.04062
34786,28.49704,-81.54241
34787,28.48517,-81.61942
34788,28.89562,-81.80825
34797,28.73047,-81.82662
34945,27.43727,-80.55723
34946,27.50329,-80.36048
34947,27.45385,-80.37374
34949,27.46726,-80.29981
34950,27.44379,-80.33097
34951,27.53213,-80.41895
34952,27.29613,-80.29931
34953,27.24968,-80.38324
34956,27.09826,-80.49961
34957,27.27655,-80.24420
34972,27.50939,-80.92914
34974,27.14597,-80.94969
34981,27.39422,-80.37057
34982,27.37326,-80.30802
34983,27.32393,-80.35023
34984,27.24901,-80.33055
34986,27.32773,-80.40191
34987,27.29029,-80.49712
34990,27.13546,-80.34803
34994,27.20002,-80.25679
34996,27.18817,-80.18780
34997,27.05564,-80.27020
35004,33.60343,-86.49379
35005,33.59594,-87.00064
35006,33.42275,-87.20975
35007,33.21562,-86.79766
35010,32.91672,-85.94059
35013,33.90216,-86.51777
35014,33.35585,-86.26168
35016,34.32387,-86.50201
35019,34.30208,-86.63409
35020,33.40243,-86.95178
35022,33.32285,-86.97148
35023,33.46784,-87.08819
35031,34.09750,-86.55504
35032,33.26486,-86.33642
35033,33.92648,-87.03180
35034,32.91112,-87.27168
35035,33.04368,-86.96844
35036,33.64408,-86.91960
35040,33.10297,-86.72889
35042,32.95918,-87.10245
35043,33.31484,-86.65987
35044,33.24397,-86.38076
35045,32.79996,-86.67676
35046,32.93114,-86.53416
35049,33.96186,-86.61211
35051,33.20512,-86.61739
35052,33.59068,-86.40990
35053,34.05416,-87.07370
35054,33.50202,-86.33792
35055,34.15116,-86.75875
35057,34.18031,-86.93428
35058,34.22886,-86.73726
35060,33.55963,-86.95341
35061,33.47194,-86.95613
35062,33.72492,-87.01025
35063,33.81822,-87.02063
35064,33.47615,-86.92021
35068,33.60740,-86.83092
35070,34.00905,-86.75508
35071,33.69513,-86.84896
35072,33.09353,-86.06686
35073,33.65126,-86.98699
35074,33.22235,-87.12427
35077,34.02117,-86.83267
35078,33.32442,-86.44497
35079,33.93849,-86.75701
35080,33.26138,-86.91330
35082,33.15802,-86.15386
35083,34.19987,-86.59917
35085,32.97650,-86.73918
35087,34.30645,-86.58430
35089,32.94578,-86.08183
35091,33.77935,-86.78954
35094,33.53009,-86.55330
35096,33.62034,-86.10767
35097,33.89219,-86.62713
35098,34.12119,-87.04681
35111,33.28463,-87.09456
35112,33.69108,-86.47058
35114,33.22441,-86.87932
35115,33.14268,-86.89156
35116,33.73130,-86.76998
35117,33.66778,-86.89260
35118,33.52731,-87.03464
35119,33.64657,-86.77093
35120,33.66681,-86.42375
35121,33.94118,-86.45509
35124,33.32183,-86.74220
35125,33.63338,-86.28869
35126,33.73093,-86.65497
35127,33.49179,-86.97644
35128,33.55240,-86.33782
35130,33.63316,-87.13669
35131,33.72819,-86.19681
35133,33.82893,-86.59548
35135,33.61646,-86.19960
35136,32.87906,-86.28702
35139,33.71410,-86.97403
35143,33.10034,-86.54281
35146,33.79507,-86.45328
35147,33.41588,-86.53099
35148,33.75610,-87.04561
35149,33.24987,-86.18727
35150,33.18930,-86.23835
35151,33.08134,-86.39221
35160,33.35666,-86.05231
35171,32.88258,-86.74027
35172,33.84515,-86.69531
35173,33.65523,-86.56324
35175,34.43568,-86.51137
35176,33.48324,-86.49877
35178,33.41977,-86.39844
35179,34.27331,-86.96897
35180,33.82007,-86.84064
35183,33.01611,-86.35201
35184,33.11435,-87.13671
35186,33.25673,-86.51029
35187,33.08053,-86.88579
35188,33.18033,-87.16364
35203,33.51860,-86.80981
35204,33.52212,-86.83982
35205,33.49502,-86.80809
35206,33.57026,-86.71314
35207,33.56423,-86.82474
35208,33.49681,-86.87935
35209,33.46635,-86.81152
35210,33.54181,-86.66904
35211,33.45510,-86.85640
35212,33.54743,-86.75296
35213,33.50667,-86.74435
35214,33.57699,-86.89406
35215,33.64858,-86.70619
35216,33.41925,-86.78943
35217,33.60788,-86.76027
35218,33.50773,-86.89396
35221,33.44953,-86.89907
35222,33.52371,-86.77012
35223,33.48814,-86.73483
35224,33.51729,-86.94388
35226,33.39916,-86.84590
35228,33.45611,-86.92125
35229,33.46586,-86.78872
35233,33.50875,-86.80197
35234,33.54081,-86.80276
35235,33.62600,-86.64948
35242,33.42525,-86.67208
35243,33.44092,-86.74151
35244,33.35292,-86.82533
35254,33.51615,-86.85756
35401,33.17024,-87.61617
35404,33.21516,-87.48341
35405,33.12019,-87.53987
35406,33.33884,-87.46755
35441,32.85276,-87.75033
35442,33.07721,-88.20270
35443,32.75528,-88.00080
35444,33.32872,-87.29288
35446,33.20924,-87.74967
35447,33.25187,-88.15775
35452,33.27829,-87.68063
35453,33.16378,-87.38946
35456,33.06369,-87.41475
35457,33.30414,-87.77314
35458,33.40244,-87.80961
35459,32.79164,-88.27585
35460,32.71237,-88.15325
35461,33.41737,-88.21361
35462,32.92047,-87.96746
35463,33.06473,-87.68245
35464,32.80613,-88.15459
35466,33.24853,-87.91948
35469,32.97417,-87.77985
35470,32.56175,-88.06656
35473,33.27534,-87.58290
35474,32.94057,-87.59120
35475,33.43438,-87.59400
35476,33.22730,-87.59096
35477,32.95613,-88.24095
35480,33.07804,-87.81923
35481,33.39462,-88.03742
35490,33.21842,-87.23821
35501,33.81891,-87.29275
35503,33.93669,-87.30530
35504,33.89413,-87.17081
35540,34.23469,-87.20972
35541,34.08132,-87.17435
35542,33.71901,-87.67599
35543,34.21115,-87.75844
35544,33.95999,-88.01714
35545,33.65152,-87.93488
35546,33.61906,-87.54295
35548,34.05642,-87.75048
35549,33.85134,-87.54490
35550,33.74543,-87.16047
35552,34.07228,-88.14220
35553,34.12681,-87.38308
35554,33.88573,-87.67168
35555,33.65851,-87.81564
35559,33.90548,-87.72814
35563,33.97761,-87.90372
35564,34.25883,-87.84526
35565,34.23696,-87.56340
35570,34.16376,-87.99316
35571,34.36871,-87.94411
35572,34.20127,-87.28258
35574,33.56758,-87.94999
35575,34.03618,-87.58815
35576,33.57538,-88.14385
35577,34.10238,-87.62005
35578,33.98048,-87.46639
35579,33.63627,-87.36032
35580,33.67327,-87.25557
35581,34.35991,-87.71310
35582,34.48680,-88.11290
35584,33.81927,-87.08792
35585,34.41935,-87.82894
35586,33.87790,-88.13407
35587,33.79554,-87.45689
35592,33.74610,-88.08481
35593,34.33910,-88.09562
35594,33.93269,-87.77437
35601,34.60691,-87.01352
35603,34.53545,-86.97123
35610,34.95446,-87.24596
35611,34.77383,-87.08415
35613,34.82016,-86.88216
35614,34.85372,-86.99011
35615,34.66274,-86.87542
35616,34.73950,-88.01938
35618,34.64140,-87.30498
35619,34.38272,-87.15211
35620,34.93081,-87.02018
35621,34.34897,-86.72954
35622,34.34659,-86.89896
35630,34.82298,-87.66165
35633,34.87510,-87.79837
35634,34.92183,-87.61348
35640,34.44071,-86.94368
35643,34.67258,-87.20193
35645,34.90305,-87.50096
35646,34.67533,-87.52295
35647,34.96766,-87.11703
35648,34.95866,-87.38784
35649,34.61762,-86.86928
35650,34.44723,-87.30859
35651,34.46986,-87.49570
35652,34.84674,-87.31021
35653,34.51319,-87.87367
35654,34.49779,-87.63227
35660,34.75549,-87.70127
35661,34.76853,-87.56280
35670,34.45518,-86.72934
35671,34.68540,-86.93539
35672,34.64853,-87.40649
35673,34.57634,-87.13735
35674,34.66241,-87.78190
35677,34.95571,-88.02656
35739,34.96859,-86.79104
35740,34.96529,-85.77745
35741,34.71802,-86.47900
35744,34.61053,-85.90914
35745,34.94342,-86.18018
35746,34.82862,-86.00596
35747,34.49494,-86.29899
35748,34.72108,-86.38936
35749,34.82221,-86.75787
35750,34.95618,-86.58948
35751,34.81116,-86.27646
35752,34.74590,-85.94605
35754,34.52549,-86.60447
35755,34.48878,-86.15009
35756,34.64370,-86.81815
35757,34.78424,-86.74535
35758,34.71142,-86.74651
35759,34.86842,-86.54611
35760,34.54391,-86.38386
35761,34.91621,-86.40921
35763,34.62214,-86.46214
35764,34.72630,-86.31015
35765,34.69031,-85.81409
35766,34.86749,-86.29988
35768,34.76889,-86.10419
35769,34.59798,-86.10481
35771,34.53860,-86.00542
35772,34.93703,-85.94836
35773,34.89107,-86.70794
35774,34.76525,-86.22652
35775,34.54293,-86.70596
35776,34.65940,-86.23941
35801,34.72527,-86.56087
35802,34.66821,-86.55888
35803,34.56346,-86.51940
35805,34.70937,-86.62029
35806,34.76080,-86.68574
35808,34.63124,-86.65665
35810,34.80302,-86.60348
35811,34.79535,-86.50995
35816,34.73995,-86.63075
35824,34.64493,-86.75206
35896,34.75467,-86.65463
35901,34.04759,-85.93327
35903,34.02427,-85.86370
35904,34.07056,-85.99010
35905,33.96140,-85.92242
35906,33.92715,-86.09511
35907,33.89084,-86.01802
35950,34.24977,-86.26111
35951,34.33910,-86.16230
35952,34.05239,-86.31074
35953,33.80962,-86.22974
35954,34.08975,-86.05745
35956,34.14615,-86.14675
35957,34.19616,-86.19690
35958,34.91600,-85.64596
35959,34.24514,-85.60562
35960,34.12433,-85.57056
35961,34.30430,-85.84601
35962,34.30388,-86.03644
35963,34.35979,-85.92720
35966,34.78698,-85.67417
35967,34.40766,-85.69457
35968,34.55110,-85.73892
35971,34.45556,-85.94510
35972,33.99400,-86.24687
35973,34.34402,-85.55151
35974,34.36275,-86.01029
35975,34.43646,-86.06036
35976,34.34128,-86.32219
35978,34.64280,-85.72898
35979,34.83232,-85.60965
35980,34.17209,-86.38962
35981,34.72226,-85.64884
35983,34.17284,-85.76615
35984,34.53684,-85.56386
35986,34.50034,-85.83589
35987,33.91337,-86.24221
35988,34.55789,-85.79688
35989,34.61354,-85.61986
35990,34.06778,-86.30469
36003,32.45190,-86.72382
36005,31.88821,-85.71960
36006,32.64656,-86.72210
36009,31.59478,-86.30138
36010,31.65978,-85.79844
36013,32.28467,-85.98524
36016,31.85022,-85.41471
36017,31.67944,-85.55772
36020,32.47992,-86.32305
36022,32.62341,-86.40559
36024,32.67180,-86.02502
36025,32.54446,-86.32497
36026,32.77548,-86.13099
36027,32.06064,-85.11662
36028,31.49548,-86.39281
36029,32.18187,-85.93315
36030,31.87091,-86.87622
36031,32.24557,-85.73408
36032,31.99463,-86.56864
36033,31.67171,-86.77061
36034,31.62104,-86.11121
36035,31.78871,-86.12622
36036,31.97394,-86.16168
36037,31.79901,-86.62861
36038,31.43508,-86.49125
36039,32.29895,-85.83756
36040,32.17392,-86.68417
36041,31.91380,-86.31998
36042,31.86862,-86.45999
36043,32.20115,-86.42075
36046,32.01406,-86.33266
36047,32.07525,-86.51785
36048,31.80421,-85.59202
36049,31.76814,-86.27726
36051,32.68546,-86.50002
36052,32.18409,-86.04829
36053,32.02924,-85.44357
36054,32.48188,-86.36631
36064,32.29664,-86.07788
36066,32.47970,-86.42401
36067,32.51652,-86.56148
36069,32.09416,-86.14990
36071,31.70669,-86.39775
36075,32.37839,-85.92370
36078,32.54698,-85.94273
36079,31.76671,-85.99804
36080,32.71181,-86.28402
36081,31.90375,-85.89815
36082,31.80276,-85.95464
36083,32.38673,-85.68436
36088,32.41528,-85.72031
36089,32.15105,-85.69865
36091,32.75048,-86.50853
36092,32.61782,-86.20060
36093,32.49456,-86.13363
36104,32.40291,-86.32629
36105,32.20961,-86.28850
36106,32.35343,-86.25696
36107,32.38376,-86.27933
36108,32.33910,-86.40111
36109,32.38896,-86.24215
36110,32.44658,-86.25577
36111,32.33658,-86.27132
36112,32.38083,-86.34914
36113,32.38094,-86.36375
36115,32.40676,-86.24671
36116,32.26931,-86.20156
36117,32.37870,-86.14502
36201,33.64916,-85.87964
36203,33.58305,-85.83449
36205,33.71738,-85.79482
36206,33.73327,-85.80962
36207,33.68909,-85.71886
36250,33.76532,-85.90110
36251,33.22228,-85.87238
36255,33.16815,-85.73044
36256,33.04631,-85.70482
36258,33.47773,-85.71734
36260,33.58176,-85.99549
36262,33.80624,-85.47982
36263,33.46625,-85.35931
36264,33.59678,-85.55148
36265,33.84766,-85.78492
36266,33.34985,-85.73432
36267,33.19736,-85.94829
36268,33.49480,-85.92947
36269,33.73980,-85.38388
36271,33.78123,-86.01869
36272,33.94403,-85.59499
36273,33.54503,-85.37805
36274,33.17241,-85.36314
36276,33.13268,-85.57027
36277,33.75747,-85.81823
36278,33.33143,-85.52321
36279,33.87233,-85.88966
36280,33.37632,-85.38826
36301,31.14006,-85.39829
36303,31.26657,-85.40132
36305,31.20457,-85.49600
36310,31.59514,-85.20885
36311,31.60978,-85.68565
36312,31.17084,-85.23684
36313,31.17857,-85.79395
36314,31.01894,-85.77282
36316,31.17569,-85.86397
36317,31.64356,-85.40426
36318,31.16952,-85.95053
36319,31.33194,-85.14887
36320,31.04990,-85.31922
36321,31.21087,-85.29922
36322,31.25761,-85.73581
36323,31.42810,-86.07247
36330,31.30593,-85.86405
36340,31.05193,-85.89096
36343,31.06070,-85.12077
36344,31.09789,-85.70815
36345,31.36631,-85.31037
36346,31.56057,-85.93009
36350,31.35021,-85.49552
36351,31.42550,-85.90660
36352,31.26500,-85.60970
36353,31.47853,-85.34863
36360,31.46747,-85.61703
36362,31.35093,-85.67979
36370,31.14222,-85.15811
36371,31.31242,-85.55200
36373,31.54159,-85.09740
36374,31.57874,-85.49369
36375,31.07122,-85.54497
36376,31.25068,-85.26977
36401,31.48065,-86.94072
36420,31.17715,-86.55150
36421,31.32473,-86.50693
36425,31.76474,-87.19517
36426,31.14098,-87.07111
36432,31.29401,-87.03027
36435,31.87010,-87.45156
36436,31.78537,-87.64953
36439,31.41929,-87.34519
36441,31.03937,-87.25504
36442,31.08446,-86.35704
36444,31.67630,-87.44095
36445,31.44459,-87.45339
36446,31.79247,-87.71995
36451,31.70052,-87.80357
36453,31.19168,-86.14916
36454,31.33039,-87.20244
36455,31.01310,-86.35197
36456,31.56840,-86.80615
36460,31.51897,-87.30483
36467,31.28140,-86.25688
36470,31.51519,-87.56591
36471,31.61642,-87.24895
36473,31.30723,-87.20212
36474,31.42969,-86.62604
36475,31.38905,-87.22000
36476,31.36236,-86.54973
36477,31.09718,-86.06141
36480,31.32501,-87.59913
36481,31.77151,-87.38256
36482,31.63932,-87.63690
36483,31.04780,-86.67419
36502,31.14773,-87.49482
36505,30.94195,-88.01579
36507,30.85861,-87.74202
36509,30.39297,-88.27029
36511,30.31516,-87.74725
36512,30.99647,-88.01518
36513,31.17387,-88.00580
36518,31.45930,-88.28404
36521,30.96499,-88.17733
36522,31.09095,-88.27536
36523,30.37080,-88.19079
36524,31.80262,-88.01086
36525,30.89010,-88.01870
36526,30.61134,-87.85993
36527,30.70208,-87.88187
36528,30.24042,-88.23832
36529,31.27536,-88.22879
36530,30.40821,-87.55558
36532,30.48071,-87.86131
36535,30.38400,-87.72736
36538,31.65705,-88.14327
36539,31.34861,-88.38063
36540,31.44895,-87.67584
36541,30.48954,-88.34411
36542,30.26965,-87.75063
36543,31.22153,-87.46615
36544,30.47973,-88.23010
36545,31.48851,-87.87170
36548,31.48898,-87.96772
36549,30.41116,-87.45112
36550,31.24943,-87.73044
36551,30.64711,-87.75307
36553,31.24330,-88.06781
36555,30.39945,-87.78234
36556,31.20519,-87.96379
36558,31.60814,-88.31637
36559,30.56970,-87.90404
36560,31.09777,-88.04007
36561,30.28762,-87.57127
36562,31.03706,-87.67042
36564,30.48325,-87.93470
36567,30.62354,-87.55696
36568,30.51181,-88.27237
36569,31.54248,-88.09129
36571,30.85457,-88.10984
36572,30.85772,-88.06142
36574,30.50098,-87.47843
36575,30.76916,-88.27339
36576,30.52294,-87.76384
36578,30.74932,-87.77924
36579,31.10682,-87.79693
36580,30.47890,-87.70341
36581,31.37536,-87.96558
36582,30.50988,-88.17300
36583,31.36732,-88.19500
36584,31.19910,-88.38874
36585,31.38732,-88.07965
36587,30.84424,-88.35124
36590,30.53180,-88.17442
36602,30.69333,-88.04554
36603,30.67398,-88.02668
36604,30.68223,-88.06815
36605,30.60455,-88.08782
36606,30.66879,-88.10587
36607,30.69856,-88.10575
36608,30.68150,-88.30021
36609,30.66025,-88.16348
36610,30.73625,-88.07351
36611,30.76962,-88.08007
36612,30.75288,-88.11313
36613,30.80984,-88.18745
36615,30.63020,-88.06994
36616,30.72450,-88.08159
36617,30.71603,-88.09571
36618,30.73690,-88.16980
36619,30.59609,-88.19664
36688,30.69616,-88.18209
36693,30.62577,-88.14969
36695,30.62839,-88.28030
36701,32.48397,-87.05464
36703,32.42735,-86.91286
36720,32.15820,-87.34459
36722,32.09492,-87.57150
36723,32.05469,-87.26910
36726,31.96045,-87.29948
36727,31.91099,-88.03391
36728,32.16140,-87.47621
36732,32.43740,-87.90774
36736,32.06028,-87.77620
36738,32.42097,-87.62497
36740,32.62678,-87.83657
36742,32.46787,-87.72945
36744,32.69595,-87.59972
36748,32.26727,-87.78090
36749,32.55097,-86.84983
36750,32.78962,-86.84938
36751,31.82430,-87.54575
36752,32.29867,-86.63200
36753,31.80735,-87.07653
36754,32.15414,-87.70150
36756,32.68387,-87.27589
36758,32.63889,-86.88991
36759,32.41675,-87.27759
36761,32.10617,-86.97804
36763,32.27680,-87.98070
36765,32.58816,-87.52224
36766,31.95512,-87.08669
36767,32.25929,-87.19109
36768,31.91263,-87.01970
36769,32.00797,-87.54750
36773,32.25894,-87.35753
36775,32.17554,-86.97922
36776,32.73561,-87.74142
36782,32.13091,-87.91190
36783,32.24778,-87.59784
36784,31.92693,-87.78789
36785,32.26052,-86.84581
36786,32.43099,-87.48215
36790,32.73360,-86.89363
36792,32.92444,-86.89647
36793,32.82160,-87.02752
36801,32.69464,-85.39589
36804,32.53397,-85.34752
36830,32.53861,-85.48971
36832,32.58294,-85.58594
36849,32.60242,-85.48734
36850,32.78692,-85.65576
36852,32.75718,-85.29249
36853,32.81652,-85.76722
36854,32.75161,-85.18948
36855,33.02891,-85.30815
36856,32.27449,-84.99783
36858,32.32827,-85.33038
36859,32.23501,-85.01101
36860,32.27454,-85.42444
36861,32.89089,-85.84919
36862,32.90396,-85.45516
36863,32.88949,-85.26375
36865,32.60262,-85.58933
36866,32.56531,-85.71208
36867,32.49605,-85.02377
36869,32.41970,-85.06456
36870,32.48278,-85.11986
36871,32.17871,-85.15723
36874,32.56425,-85.19855
36875,32.33684,-85.16655
36877,32.57315,-85.10137
36879,32.72756,-85.55838
36901,32.42164,-88.14733
36904,32.10071,-88.26085
36907,32.42639,-88.34670
36908,31.87054,-88.39113
36910,32.20461,-88.14697
36912,32.23041,-88.30261
36913,31.96096,-88.44709
36915,31.95509,-88.35873
36916,32.20991,-88.05869
36919,31.76905,-88.28286
36921,31.93843,-88.18278
36922,32.30034,-88.14198
36925,32.43225,-88.18359
37010,36.57178,-87.10871
37012,36.07383,-86.00156
37013,36.05185,-86.63040
37014,35.87302,-86.63292
37015,36.27938,-87.07558
37016,35.95745,-86.10023
37018,35.63140,-86.21095
37019,35.39228,-86.70982
37020,35.63439,-86.40711
37022,36.51458,-86.31704
37023,36.59246,-87.78274
37025,35.94873,-87.30775
37026,35.69650,-86.10565
37027,35.99929,-86.78506
37028,36.62754,-87.86297
37029,36.04193,-87.26132
37030,36.27167,-85.94237
37031,36.36619,-86.29291
37032,36.52422,-87.01716
37033,35.74462,-87.55784
37034,35.65194,-86.69017
37035,36.38111,-87.13398
37036,36.23498,-87.26126
37037,35.70308,-86.35124
37040,36.52263,-87.33493
37042,36.56875,-87.41632
37043,36.49057,-87.24080
37046,35.78185,-86.70075
37047,35.31731,-86.83579
37048,36.49132,-86.59590
37049,36.55702,-86.67311
37050,36.37424,-87.63084
37051,36.30428,-87.41024
37052,36.37882,-87.40183
37055,36.07721,-87.44280
37057,36.41811,-86.02994
37058,36.44404,-87.87668
37059,35.98499,-85.90307
37060,35.74546,-86.63775
37061,36.28771,-87.63505
37062,35.99029,-87.13565
37064,35.88486,-86.95414
37066,36.39876,-86.45554
37067,35.91228,-86.78026
37069,35.98954,-86.90361
37072,36.35214,-86.74665
37073,36.43264,-86.81715
37074,36.42604,-86.15290
37075,36.33997,-86.60792
37076,36.14518,-86.57664
37078,35.90079,-87.74094
37079,36.46477,-87.64809
37080,36.33276,-86.91689
37082,36.09487,-87.11527
37083,36.53542,-86.01133
37085,35.95483,-86.28050
37086,36.02224,-86.55938
37087,36.26385,-86.26924
37090,36.11544,-86.29764
37091,35.48924,-86.76747
37095,35.96593,-85.96108
37096,35.61294,-87.87101
37097,35.77994,-87.82342
37098,35.87236,-87.31936
37101,36.06022,-87.62907
37110,35.64509,-85.74125
37115,36.25807,-86.69418
37118,35.93024,-86.19022
37122,36.17835,-86.48658
37127,35.78121,-86.32773
37128,35.79360,-86.48133
37129,35.93253,-86.44265
37130,35.88169,-86.31875
37132,35.84927,-86.36432
37134,35.99274,-87.94809
37135,35.91579,-86.67659
37137,35.88417,-87.50535
37138,36.24077,-86.61524
37140,35.85915,-87.65249
37141,36.61496,-86.70197
37142,36.41097,-87.50967
37143,36.12776,-87.03100
37144,35.30522,-86.66036
37145,36.38091,-85.91701
37146,36.40207,-87.03202
37148,36.56765,-86.49608
37149,35.80402,-86.19283
37150,36.54148,-85.81041
37151,36.30920,-86.04302
37153,35.76386,-86.55401
37160,35.45575,-86.48479
37165,36.29230,-87.47027
37166,35.91798,-85.78690
37167,35.95954,-86.53159
37171,36.36140,-87.29557
37172,36.53243,-86.86219
37174,35.71947,-86.89813
37175,36.32426,-87.89285
37178,36.32379,-87.79044
37179,35.81141,-86.92448
37180,35.60647,-86.58666
37181,36.24451,-87.46916
37183,35.49448,-86.30318
37184,36.08242,-86.14409
37185,36.06292,-87.86504
37186,36.59674,-86.22171
37187,36.14415,-87.19789
37188,36.48020,-86.68129
37189,36.29888,-86.83480
37190,35.81656,-86.02126
37191,36.50584,-87.53010
37201,36.16570,-86.77709
37203,36.14977,-86.78915
37204,36.10673,-86.77428
37205,36.11319,-86.87044
37206,36.17932,-86.73108
37207,36.23377,-86.77597
37208,36.17771,-86.80802
37209,36.18525,-86.94852
37210,36.14925,-86.73302
37211,36.06722,-86.72370
37212,36.13388,-86.80125
37213,36.16722,-86.76818
37214,36.16159,-86.67234
37215,36.08188,-86.83470
37216,36.21658,-86.72685
37217,36.10867,-86.65672
37218,36.16907,-86.89508
37219,36.16680,-86.78319
37220,36.06845,-86.79313
37221,36.05129,-86.96880
37228,36.19693,-86.80337
37240,36.14489,-86.80547
37243,36.16501,-86.78214
37246,36.15986,-86.79145
37301,35.41724,-85.79521
37302,35.00833,-85.01982
37303,35.44598,-84.64399
37305,35.46520,-85.69425
37306,35.09681,-86.19180
37307,35.17423,-84.62132
37308,35.34264,-84.99376
37309,35.30183,-84.74146
37310,35.25252,-84.71007
37311,35.11313,-84.92819
37312,35.23246,-84.87982
37313,35.35014,-85.70506
37315,35.04827,-85.05155
37317,35.03100,-84.44306
37318,35.17782,-85.99265
37321,35.50210,-85.00802
37322,35.50196,-84.82507
37323,35.09618,-84.81653
37324,35.23975,-85.98717
37325,35.25136,-84.59172
37326,35.04003,-84.38468
37327,35.43765,-85.41521
37328,35.03694,-86.35737
37329,35.39436,-84.46102
37330,35.27964,-86.13060
37331,35.31931,-84.52983
37332,35.59870,-84.97195
37333,35.15375,-84.33545
37334,35.16638,-86.58106
37335,35.06890,-86.40399
37336,35.30884,-84.93151
37337,35.78706,-84.85066
37338,35.42979,-85.20952
37339,35.37996,-85.63423
37340,35.03406,-85.51752
37341,35.22418,-85.07329
37342,35.39197,-85.94800
37343,35.16659,-85.21226
37345,35.01683,-86.20304
37347,35.06347,-85.61342
37348,35.13161,-86.43405
37350,34.99392,-85.35018
37351,35.10028,-85.26036
37352,35.27752,-86.35303
37353,35.11670,-84.98871
37354,35.50634,-84.34740
37355,35.49979,-86.08383
37356,35.22888,-85.82369
37357,35.58529,-85.91734
37359,35.20420,-86.41288
37360,35.43758,-86.25433
37361,35.10147,-84.68664
37362,35.03128,-84.68086
37363,35.10718,-85.06306
37365,35.38253,-85.55974
37366,35.33886,-85.83000
37367,35.62726,-85.23616
37369,35.19081,-84.47959
37370,35.35663,-84.70017
37373,35.40746,-85.09282
37374,35.16644,-85.64687
37375,35.15045,-85.89042
37376,35.04776,-85.95583
37377,35.20493,-85.33501
37379,35.28458,-85.19487
37380,35.07094,-85.75460
37381,35.68697,-84.87737
37385,35.33316,-84.23698
37387,35.27326,-85.74658
37388,35.34367,-86.22129
37391,35.09323,-84.35392
37394,35.53941,-85.86005
37396,35.00580,-85.49973
37397,35.22554,-85.51465
37398,35.18116,-86.13836
37402,35.04372,-85.31787
37403,35.04826,-85.29436
37404,35.02791,-85.27366
37405,35.12182,-85.40569
37406,35.07313,-85.24557
37407,35.00194,-85.28972
37408,35.02863,-85.30855
37409,35.01371,-85.33534
37410,35.00190,-85.31422
37411,35.02876,-85.22616
37412,34.99753,-85.22743
37415,35.12472,-85.28120
37416,35.10017,-85.17708
37419,35.03967,-85.40413
37421,35.03254,-85.14636
37601,36.33825,-82.31808
37604,36.29957,-82.38317
37614,36.30139,-82.37124
37615,36.40208,-82.45273
37616,36.22847,-82.74680
37617,36.52449,-82.36565
37618,36.46034,-82.20874
37620,36.54961,-82.09404
37640,36.32682,-81.97469
37641,36.19637,-82.66734
37642,36.53133,-82.72694
37643,36.37734,-82.13712
37645,36.56208,-82.66240
37650,36.09454,-82.44810
37656,36.39880,-82.62986
37657,36.01758,-82.56013
37658,36.23903,-82.09945
37659,36.28021,-82.49107
37660,36.52686,-82.57197
37663,36.46301,-82.48872
37664,36.52043,-82.49899
37665,36.57877,-82.57053
37680,36.57929,-81.72542
37681,36.25801,-82.62060
37682,36.30106,-82.29077
37683,36.45473,-81.82207
37686,36.44021,-82.34881
37687,36.17872,-82.09700
37688,36.54544,-81.88288
37690,36.25012,-82.55758
37691,36.37168,-81.75673
37692,36.18980,-82.30083
37694,36.38379,-82.27872
37701,35.79171,-83.98722
37705,36.22688,-84.00971
37708,36.33056,-83.31714
37709,36.16300,-83.66455
37710,36.15863,-84.31613
37711,36.28135,-83.04543
37713,36.08146,-83.13429
37714,36.26034,-84.29297
37715,36.55423,-83.96052
37716,36.10088,-84.16869
37719,36.02242,-84.42938
37721,36.11842,-83.81258
37722,35.81516,-83.20110
37723,35.97043,-84.81366
37724,36.54854,-83.71026
37725,35.99604,-83.39908
37726,36.20418,-84.83047
37727,35.88510,-83.02299
37729,36.51666,-84.03447
37730,36.54733,-83.97555
37731,36.54867,-83.00906
37732,36.32704,-84.60636
37733,36.35408,-84.71123
37737,35.76142,-84.12017
37738,35.67023,-83.47492
37742,35.67584,-84.17925
37743,36.06833,-82.85570
37745,36.27804,-82.82059
37748,35.95134,-84.51962
37752,36.56070,-83.53808
37753,35.82314,-83.10040
37754,36.13910,-84.02980
37755,36.40228,-84.52693
37756,36.30457,-84.41980
37757,36.29901,-84.13730
37760,36.10839,-83.45778
37762,36.57730,-84.12617
37763,35.82057,-84.49440
37764,35.97035,-83.61664
37765,36.57234,-83.05861
37766,36.39970,-84.08082
37769,36.21867,-84.15354
37770,36.15331,-84.66329
37771,35.84082,-84.32176
37772,35.79114,-84.21855
37774,35.72913,-84.35896
37777,35.82269,-84.05265
37779,36.21511,-83.75607
37801,35.66392,-84.09460
37803,35.66084,-83.98139
37804,35.79205,-83.89317
37806,36.08469,-83.72799
37807,36.25966,-83.82599
37809,36.15669,-83.03809
37810,36.18453,-83.11549
37811,36.34620,-83.21400
37813,36.17514,-83.25702
37814,36.23334,-83.33791
37818,36.18876,-82.97099
37819,36.56826,-84.20575
37820,36.08517,-83.56606
37821,35.97508,-83.19550
37825,36.41243,-83.69584
37826,35.55828,-84.58967
37828,36.19793,-84.06899
37829,36.01020,-84.63769
37830,35.96648,-84.29055
37840,36.06989,-84.39495
37841,36.51583,-84.57074
37843,36.01071,-83.04836
37845,36.09337,-84.43950
37846,35.67925,-84.48182
37847,36.43418,-84.27892
37848,36.23572,-83.68013
37849,36.05405,-84.04849
37851,36.58406,-83.90758
37852,36.32415,-84.57951
37853,35.83677,-83.91081
37854,35.88092,-84.72001
37857,36.42429,-82.94140
37860,36.25046,-83.18374
37861,36.24074,-83.51371
37862,35.77803,-83.61256
37863,35.78596,-83.56221
37865,35.85115,-83.73489
37866,36.33911,-83.85810
37869,36.51476,-83.24500
37870,36.46290,-83.83380
37871,36.05208,-83.68100
37872,36.26953,-84.64950
37873,36.52627,-82.84305
37874,35.59833,-84.45648
37876,35.86510,-83.47897
37877,36.15113,-83.40685
37878,35.62064,-83.89401
37879,36.47335,-83.51331
37880,35.68570,-84.67793
37881,36.40648,-83.34251
37882,35.60122,-83.81307
37885,35.47637,-84.13239
37886,35.74558,-83.80471
37887,36.09158,-84.58084
37888,36.31017,-83.60827
37890,36.08524,-83.29874
37891,36.29207,-83.13811
37892,36.55570,-84.35764
37902,35.96364,-83.92061
37909,35.94757,-84.02141
37912,36.00754,-83.98485
37914,35.98316,-83.79580
37915,35.97081,-83.90043
37916,35.95308,-83.93259
37917,36.00118,-83.91371
37918,36.05687,-83.91735
37919,35.91475,-84.00017
37920,35.91157,-83.85778
37921,35.97888,-84.00293
37922,35.86050,-84.10053
37923,35.92753,-84.08069
37924,36.02619,-83.81188
37931,35.97632,-84.12635
37932,35.91730,-84.19879
37934,35.86562,-84.17887
37938,36.12391,-83.93861
38001,35.81629,-89.15997
38002,35.28636,-89.70027
38004,35.41224,-89.75921
38006,35.69372,-89.08966
38007,36.15949,-89.42709
38008,35.24646,-88.99718
38011,35.46218,-89.71169
38012,35.60942,-89.27245
38015,35.55668,-89.82351
38016,35.18086,-89.75984
38017,35.06697,-89.64894
38018,35.13861,-89.76642
38019,35.56254,-89.62913
38021,35.87585,-89.16475
38023,35.45711,-89.93833
38024,36.03554,-89.38081
38028,35.18310,-89.63220
38029,35.23874,-89.82189
38030,36.01638,-89.58605
38034,35.91410,-89.23208
38036,35.32022,-89.62583
38037,35.79736,-89.39889
38039,35.07058,-89.15573
38040,35.89239,-89.44487
38041,35.65929,-89.70462
38042,35.14516,-89.13740
38044,35.19932,-88.80993
38046,35.06991,-89.24796
38047,36.09053,-89.50341
38049,35.39033,-89.53821
38050,35.82962,-89.23306
38052,35.09025,-88.91780
38053,35.34669,-89.95152
38054,35.33636,-89.87340
38057,35.05297,-89.36840
38058,35.45786,-89.81619
38059,36.10569,-89.24859
38060,35.20935,-89.50547
38061,35.06839,-88.77091
38063,35.76406,-89.64050
38066,35.07552,-89.51412
38067,35.08161,-89.04179
38068,35.26556,-89.34517
38069,35.47786,-89.33028
38070,35.94356,-89.23701
38075,35.37908,-89.13613
38076,35.13841,-89.44398
38077,36.32807,-89.47439
38079,36.42775,-89.46250
38080,36.20709,-89.51921
38103,35.15307,-90.05654
38104,35.13255,-90.00373
38105,35.15142,-90.03547
38106,35.10206,-90.09469
38107,35.17016,-90.02344
38108,35.17667,-89.96792
38109,35.03789,-90.15424
38111,35.11052,-89.94350
38112,35.14766,-89.97639
38114,35.09648,-89.98585
38115,35.05318,-89.86263
38116,35.03318,-90.01140
38117,35.11518,-89.90534
38118,35.03263,-89.93253
38119,35.07951,-89.84538
38120,35.12363,-89.85264
38122,35.15893,-89.92122
38125,35.02591,-89.78864
38126,35.12697,-90.04366
38127,35.24275,-90.02679
38128,35.22457,-89.92669
38131,35.06636,-89.99209
38132,35.07317,-89.99483
38133,35.21288,-89.79430
38134,35.17454,-89.86078
38135,35.23891,-89.84859
38138,35.08483,-89.79933
38139,35.08289,-89.75484
38141,35.01603,-89.85479
38152,35.12365,-89.93139
38201,36.12263,-88.53019
38220,35.99366,-88.67088
38221,36.24475,-88.03501
38222,36.44554,-88.15790
38224,36.38701,-88.49218
38225,36.31885,-88.67074
38226,36.48324,-88.69993
38229,36.22313,-88.60643
38230,36.15518,-88.77466
38231,36.21306,-88.42614
38232,36.35901,-89.32418
38233,36.20344,-89.04908
38235,35.98928,-88.56400
38236,36.16811,-88.26806
38237,36.35789,-88.83784
38240,36.24509,-89.31812
38241,36.42777,-88.59184
38242,36.30558,-88.33112
38251,36.45987,-88.35586
38253,36.28030,-89.01290
38254,36.37490,-89.34740
38255,36.24072,-88.85913
38256,36.30852,-88.13150
38257,36.45671,-88.87653
38258,36.03290,-88.61928
38259,36.19970,-89.18154
38260,36.36078,-89.20036
38261,36.42886,-89.11351
38301,35.58816,-88.85340
38305,35.70165,-88.76806
38310,35.26165,-88.40859
38311,35.43710,-88.10420
38313,35.61034,-88.61983
38315,35.26830,-88.61567
38316,36.06987,-88.81687
38317,36.05794,-88.26381
38318,35.94741,-88.24200
38320,36.05166,-88.11260
38321,35.83930,-88.52931
38326,35.05466,-88.28619
38327,35.22441,-88.30857
38328,35.68053,-88.21569
38329,35.53758,-88.10779
38330,36.07050,-89.03441
38332,35.41909,-88.42645
38333,36.12810,-87.95446
38334,35.36128,-88.57172
38337,35.78527,-89.01403
38339,35.05238,-88.51506
38340,35.40481,-88.67941
38341,35.87758,-88.08389
38342,36.07174,-88.28887
38343,35.82740,-88.92641
38344,35.97816,-88.42414
38345,35.59530,-88.50753
38347,35.47777,-88.49860
38348,35.87274,-88.65096
38351,35.67107,-88.40002
38352,35.52946,-88.53385
38355,35.78401,-88.77506
38356,35.43840,-88.89379
38357,35.04483,-88.41536
38358,35.91667,-88.75866
38359,35.36984,-88.35136
38361,35.31130,-88.29992
38362,35.72907,-88.78298
38363,35.68784,-88.11073
38365,35.05207,-88.23124
38366,35.47900,-88.74127
38367,35.05305,-88.62324
38368,35.51091,-88.34813
38369,36.13192,-88.94267
38370,35.38430,-88.24532
38371,35.42397,-88.29529
38372,35.14356,-88.15687
38374,35.50561,-88.23090
38375,35.15781,-88.59170
38376,35.09858,-88.36870
38379,35.16424,-88.43375
38380,35.77963,-88.03921
38381,35.35714,-88.97142
38382,35.96838,-88.98446
38387,35.87292,-88.27746
38388,35.78157,-88.31997
38390,35.84053,-88.37230
38391,35.54657,-88.99218
38392,35.45673,-89.04484
38401,35.62916,-87.02153
38425,35.41215,-87.94293
38449,35.04047,-86.81821
38450,35.18363,-87.79281
38451,35.46053,-86.99224
38452,35.08035,-87.79631
38453,35.12136,-86.81211
38454,35.72817,-87.34532
38455,35.04354,-86.88571
38456,35.33547,-87.26639
38457,35.02932,-87.28445
38459,35.19428,-86.80545
38460,35.08866,-87.15319
38461,35.59300,-87.34197
38462,35.52893,-87.56200
38463,35.07059,-87.64512
38464,35.28992,-87.43375
38468,35.13515,-87.29106
38469,35.07463,-87.42832
38471,35.08390,-87.93240
38472,35.37759,-87.03855
38473,35.02125,-87.17167
38474,35.51840,-87.22591
38475,35.25348,-88.01609
38476,35.84120,-87.21376
38477,35.06497,-86.99308
38478,35.23288,-87.00587
38481,35.03129,-87.49237
38482,35.76882,-87.14990
38483,35.44076,-87.33366
38485,35.35667,-87.78225
38486,35.17056,-87.54511
38487,35.71839,-87.23346
38488,35.04292,-86.66349
38501,36.22604,-85.53329
38504,36.39560,-84.72443
38505,36.17506,-85.50508
38506,36.18704,-85.43352
38541,36.53802,-85.33560
38542,36.31713,-85.20221
38543,36.35009,-85.15000
38544,36.12359,-85.66314
38545,36.23209,-85.66283
38547,36.15465,-86.00947
38548,36.16415,-85.79051
38549,36.56211,-85.14906
38551,36.55805,-85.48718
38552,36.21769,-85.81377
38553,36.20088,-85.01037
38554,36.24949,-85.16165
38555,35.88788,-84.98902
38556,36.40676,-84.91895
38558,36.00985,-84.86656
38559,35.80844,-85.50801
38560,36.22193,-85.85564
38562,36.35400,-85.65767
38563,36.20880,-86.02072
38564,36.27593,-85.73592
38565,36.26275,-85.00946
38567,36.13283,-85.92567
38568,36.43849,-85.47306
38569,36.09234,-85.86313
38570,36.37629,-85.32641
38571,36.05160,-85.01280
38572,35.84906,-85.12896
38573,36.49342,-85.22388
38574,36.14364,-85.22929
38575,36.55322,-85.62950
38577,36.56596,-84.97252
38578,35.98179,-85.19833
38579,35.83587,-85.54818
38580,36.29001,-85.29993
38581,35.74104,-85.62083
38582,36.09944,-85.76455
38583,35.94454,-85.44221
38585,35.61853,-85.48553
38587,35.86476,-85.61400
38588,36.44639,-85.73067
38589,36.28558,-85.07711
38601,34.49233,-89.44306
38603,34.84841,-89.14226
38606,34.30329,-89.95225
38610,34.65179,-89.02555
38611,34.85623,-89.67602
38614,34.15704,-90.59774
38617,34.35181,-90.51847
38618,34.71628,-89.93785
38619,34.51814,-89.83554
38620,34.23014,-89.90251
38621,34.44719,-90.17046
38622,34.17191,-90.13849
38623,34.36763,-90.28283
38625,34.61214,-88.82644
38626,34.51736,-90.41453
38627,34.41783,-89.20794
38629,34.86281,-89.00979
38630,34.27884,-90.68561
38631,34.36098,-90.61998
38632,34.79591,-90.01507
38633,34.64734,-89.19497
38635,34.76692,-89.48633
38637,34.95208,-90.04921
38639,34.30306,-90.43194
38641,34.91188,-90.19136
38642,34.92890,-89.33459
38643,34.14849,-90.26086
38644,34.46081,-90.49353
38645,34.24783,-90.47638
38646,34.28881,-90.31441
38647,34.96351,-89.22411
38650,34.52810,-89.14545
38651,34.89342,-90.00222
38652,34.48307,-88.99667
38654,34.93393,-89.81628
38655,34.33322,-89.47331
38658,34.18834,-89.90100
38659,34.62150,-89.33151
38661,34.89699,-89.56106
38663,34.73397,-88.88066
38664,34.81146,-90.32925
38665,34.58327,-90.16601
38666,34.42588,-89.92027
38668,34.59067,-89.91782
38670,34.41689,-90.28871
38671,34.96626,-89.99815
38672,34.91140,-89.92789
38673,34.29344,-89.63581
38674,34.86837,-88.89240
38676,34.66573,-90.38577
38677,34.36541,-89.53718
38680,34.95167,-90.14615
38683,34.93491,-88.86731
38685,34.59307,-89.48849
38701,33.31074,-91.04426
38702,33.53567,-91.18005
38703,33.47566,-91.05283
38704,33.00717,-91.02125
38720,34.10840,-90.78801
38721,32.98963,-90.74636
38722,33.26030,-90.88394
38723,33.22966,-91.03837
38725,33.64876,-91.03095
38726,33.75580,-90.98871
38730,33.68286,-90.79078
38731,33.07835,-91.05177
38732,33.75885,-90.72559
38736,33.64279,-90.53737
38737,33.86352,-90.52417
38738,33.94510,-90.53314
38740,34.05768,-90.79876
38744,33.01415,-91.03715
38745,32.97094,-90.99445
38746,33.96197,-90.90927
38748,33.15120,-90.90205
38749,33.44742,-90.75237
38751,33.44553,-90.68699
38753,33.34734,-90.57628
38754,33.24994,-90.62253
38756,33.38958,-90.86025
38759,33.82516,-90.73033
38760,33.45803,-90.98927
38761,33.43015,-90.48446
38762,33.89594,-90.71663
38764,33.78011,-90.86620
38765,33.06911,-90.87461
38767,34.14050,-90.78472
38768,33.97619,-90.50037
38769,33.86478,-90.98530
38771,33.73996,-90.52899
38772,33.55924,-91.05235
38773,33.60726,-90.77688
38774,33.96004,-90.76286
38778,33.54712,-90.53133
38781,33.90855,-90.75659
38801,34.22263,-88.77459
38804,34.28138,-88.67287
38821,33.97752,-88.43675
38824,34.52078,-88.64302
38826,34.30125,-88.84148
38827,34.49177,-88.27620
38828,34.42986,-88.86919
38829,34.65061,-88.52721
38833,34.91815,-88.31903
38834,34.91711,-88.57178
38838,34.54643,-88.25574
38841,34.35258,-89.01530
38843,34.26205,-88.37634
38844,33.83861,-88.25526
38846,34.85172,-88.38539
38847,34.41254,-88.23296
38848,33.93765,-88.27107
38849,34.46096,-88.69605
38850,34.05889,-89.05794
38851,33.91035,-88.96773
38852,34.84369,-88.21325
38855,34.32334,-88.48541
38856,34.46711,-88.45515
38857,34.28152,-88.57499
38858,34.09995,-88.54948
38859,34.51488,-88.37512
38860,33.97175,-88.76141
38862,34.16814,-88.62324
38863,34.21791,-89.01905
38864,34.15780,-89.20782
38865,34.78803,-88.59541
38866,34.36762,-88.68008
38868,34.12355,-88.76264
38869,34.35746,-88.83513
38870,34.06743,-88.33628
38871,34.38171,-89.24725
38873,34.65970,-88.24293
38876,34.21359,-88.23029
38878,33.90451,-89.18745
38879,34.18462,-88.71816
38901,33.76253,-89.80291
38913,34.13888,-89.38487
38914,33.84621,-89.41659
38915,34.03764,-89.38886
38916,33.81653,-89.35274
38917,33.56495,-90.00451
38920,33.91006,-89.99534
38921,33.98215,-90.14418
38922,33.93376,-89.64556
38923,33.38878,-89.98806
38924,33.29149,-90.22461
38925,33.62603,-89.63428
38927,34.14288,-90.02684
38928,33.86947,-90.29190
38929,33.73946,-89.53131
38930,33.53801,-90.15439
38940,33.74415,-90.05682
38941,33.48457,-90.35823
38943,33.53990,-89.84557
38944,33.76501,-90.34154
38945,33.60045,-90.16936
38946,33.36400,-90.37855
38947,33.53385,-89.89854
38948,34.07186,-89.87026
38949,34.19157,-89.42542
38950,33.73306,-90.20005
38951,33.97378,-89.29049
38952,33.62812,-90.34487
38953,33.93067,-89.93340
38954,33.41541,-90.21216
38957,33.99174,-90.35033
38958,33.30367,-90.42815
38961,33.95453,-89.91497
38962,33.87215,-90.18524
38963,34.02490,-90.39283
38964,34.09906,-90.39849
38965,34.13555,-89.60175
38966,33.94704,-90.31916
38967,33.45740,-89.73245
39038,33.18606,-90.48458
39039,32.81656,-90.22886
39040,32.62971,-90.41748
39041,32.40477,-90.46886
39042,32.19767,-89.89490
39044,32.02930,-89.97467
39045,32.81954,-89.78455
39046,32.63235,-89.98364
39047,32.42097,-89.94574
39051,32.77808,-89.49017
39054,32.77434,-90.93928
39056,32.37355,-90.35059
39057,32.49085,-89.28443
39059,31.98246,-90.35578
39061,33.08640,-90.82058
39062,31.98510,-89.89831
39063,33.11667,-89.89749
39066,32.29663,-90.60615
39067,33.11008,-89.44378
39069,31.68616,-91.04325
39071,32.55637,-90.31838
39073,32.10243,-90.13582
39074,32.39370,-89.47801
39078,31.87805,-90.18820
39079,32.94025,-89.89806
39082,31.94184,-90.12007
39083,31.84462,-90.47731
39086,31.94943,-90.76663
39088,32.75464,-90.70371
39090,33.00202,-89.54390
39092,32.31947,-89.36344
39094,32.58625,-89.66316
39095,33.12960,-90.08712
39096,31.81763,-91.12069
39097,32.98907,-90.60767
39108,33.14934,-89.33854
39110,32.50420,-90.14724
39111,31.89663,-89.71809
39113,32.91275,-91.02080
39114,31.95184,-89.82459
39115,33.04486,-90.56690
39116,31.89644,-89.53825
39117,32.29624,-89.65695
39119,31.75155,-89.67078
39120,31.50880,-91.35737
39140,31.74925,-90.02021
39144,31.82121,-90.79216
39145,32.34466,-89.79436
39146,32.87590,-89.99491
39149,31.83197,-90.01065
39150,32.00474,-90.97605
39152,32.20748,-89.58547
39153,32.04513,-89.49005
39154,32.22511,-90.44467
39156,32.54654,-90.77759
39157,32.42587,-90.16985
39159,32.82657,-90.93538
39160,32.99238,-89.76480
39162,32.61880,-90.62442
39166,33.04082,-90.48164
39167,32.09416,-90.04120
39168,31.83188,-89.41182
39169,33.21552,-90.24512
39170,32.11177,-90.33065
39174,32.40148,-90.15954
39175,32.09072,-90.63124
39176,33.30608,-89.76833
39177,32.62327,-90.80027
39179,32.80244,-90.09694
39180,32.22404,-90.85713
39183,32.44211,-90.80927
39189,32.60800,-89.40015
39191,31.71131,-90.42433
39192,33.18044,-89.76339
39193,32.23448,-90.07933
39194,32.84299,-90.51510
39201,32.28961,-90.18432
39202,32.31111,-90.17098
39203,32.30892,-90.20031
39204,32.27931,-90.20633
39206,32.37239,-90.17246
39208,32.25973,-90.09189
39209,32.39552,-90.29317
39211,32.37214,-90.12274
39212,32.24324,-90.28039
39213,32.39276,-90.23659
39216,32.33386,-90.15965
39217,32.29913,-90.21049
39218,32.23041,-90.15962
39232,32.33067,-90.09179
39269,32.30114,-90.18890
39272,32.19061,-90.25833
39301,32.27365,-88.58036
39305,32.46303,-88.71472
39307,32.33487,-88.79684
39309,32.54893,-88.61542
39320,32.57033,-88.74906
39322,31.53555,-88.50382
39323,32.35226,-88.92376
39325,32.56198,-88.87746
39326,32.60274,-88.65617
39327,32.44609,-89.11855
39328,32.74351,-88.69861
39330,32.18080,-88.84339
39332,32.30430,-88.99886
39335,32.53314,-88.49109
39336,32.30060,-89.26220
39337,32.50769,-88.97998
39338,32.10674,-89.23094
39339,33.10191,-89.01166
39341,33.09855,-88.56639
39342,32.42450,-88.64834
39345,32.29179,-89.12190
39346,32.96504,-89.09553
39347,32.06044,-88.94200
39348,32.01529,-89.03267
39350,32.79647,-89.12524
39352,32.68404,-88.48169
39354,32.87533,-88.84042
39355,32.05473,-88.62465
39356,32.13421,-89.02197
39358,32.90539,-88.41119
39359,32.56782,-89.33357
39360,31.86481,-88.75402
39361,32.99547,-88.59638
39362,31.39096,-88.54113
39363,32.12705,-88.76548
39364,32.40528,-88.48662
39365,32.60269,-89.12613
39366,31.94382,-88.91862
39367,31.67687,-88.66586
39401,31.23411,-89.26588
39402,31.33370,-89.41917
39406,31.32844,-89.33457
39421,31.49236,-89.72124
39422,31.95931,-89.25771
39423,31.17049,-88.91512
39425,31.06036,-89.08013
39426,30.65522,-89.66126
39427,31.48013,-89.81454
39428,31.65105,-89.57284
39429,31.23938,-89.76317
39437,31.57993,-89.21857
39439,31.84917,-89.01399
39440,31.69321,-89.14724
39443,31.71672,-89.07815
39451,31.17720,-88.62166
39452,30.87397,-88.60200
39455,31.01187,-89.45881
39456,31.06007,-88.82370
39459,31.48979,-89.30457
39461,31.20579,-88.73271
39462,31.23401,-89.05662
39464,31.49200,-89.08394
39465,31.33957,-89.18817
39466,30.52051,-89.58593
39470,30.82294,-89.56887
39474,31.61260,-89.85518
39475,31.15347,-89.42537
39476,31.38697,-88.86693
39477,31.78827,-89.03380
39478,31.05418,-89.85681
39479,31.52926,-89.45818
39480,31.71151,-89.31509
39481,31.86839,-89.23820
39482,31.37202,-89.57915
39483,31.24277,-89.93235
39501,30.38297,-89.10243
39503,30.47461,-89.15288
39507,30.40048,-89.03447
39520,30.26890,-89.48079
39525,30.38193,-89.37078
39530,30.40893,-88.88106
39531,30.40399,-88.96613
39532,30.48829,-88.96730
39534,30.40773,-88.92468
39540,30.43785,-88.89793
39553,30.41045,-88.64389
39556,30.44153,-89.43997
39560,30.37635,-89.17273
39561,30.70252,-89.15488
39562,30.54668,-88.48945
39563,30.42175,-88.52308
39564,30.40477,-88.77123
39565,30.58710,-88.74446
39567,30.36545,-88.54012
39571,30.42007,-89.27504
39572,30.25083,-89.60480
39573,30.73099,-89.09340
39574,30.61013,-89.09177
39576,30.28981,-89.38339
39577,30.90473,-89.08649
39581,30.35710,-88.48932
39601,31.56329,-90.47108
39629,31.43664,-90.45685
39630,31.45931,-90.84535
39631,31.06721,-91.13401
39633,31.30644,-91.18065
39635,31.19143,-90.46343
39638,31.22500,-90.99592
39641,31.35640,-90.18185
39643,31.24655,-90.01426
39645,31.14879,-90.79889
39647,31.52597,-90.72270
39648,31.18938,-90.38422
39652,31.11366,-90.47540
39653,31.48182,-90.86448
39654,31.54494,-90.13668
39656,31.44390,-89.93180
39657,31.04032,-90.50627
39661,31.48445,-91.08347
39662,31.38637,-90.28539
39663,31.59489,-90.03816
39664,31.32597,-90.67415
39665,31.64281,-90.20918
39666,31.29493,-90.48252
39667,31.12474,-90.12616
39668,31.71049,-90.80934
39669,31.12112,-91.38312
39701,33.39393,-88.50472
39702,33.43974,-88.34471
39705,33.58794,-88.44110
39730,33.84363,-88.56561
39735,33.34457,-89.18613
39736,33.43191,-88.65232
39737,33.67057,-89.33032
39739,33.23935,-88.57386
39740,33.72245,-88.30533
39741,33.64529,-88.86607
39743,33.33676,-88.61892
39744,33.58088,-89.31022
39745,33.29655,-89.45123
39746,33.74904,-88.41496
39747,33.40924,-89.55455
39750,33.56895,-89.04479
39751,33.69533,-89.09321
39752,33.52261,-89.15075
39755,33.60782,-88.96438
39756,33.75672,-88.74108
39759,33.43792,-88.82514
39760,33.46423,-88.70514
39762,33.45279,-88.79521
39766,33.58771,-88.31207
39767,33.47549,-89.44871
39769,33.32193,-89.01784
39771,33.60624,-89.27529
39772,33.29511,-89.30431
39773,33.64768,-88.69033
39776,33.78014,-89.04047
39813,31.42316,-84.68430
39815,30.73885,-84.49070
39817,30.94354,-84.60200
39819,30.78076,-84.64120
39823,31.33357,-84.94703
39824,31.49516,-84.92502
39825,30.93077,-84.74076
39826,31.82063,-84.34889
39827,30.94761,-84.21038
39828,30.80835,-84.22409
39834,30.89429,-84.43116
39836,31.66601,-84.86863
39837,31.15210,-84.67771
39840,31.78130,-84.76412
39841,31.29287,-84.68504
39842,31.76095,-84.43748
39845,30.95145,-84.89272
39846,31.56297,-84.74590
39851,31.61983,-84.99258
39854,31.86922,-85.05256
39859,30.98764,-84.81276
39861,31.13535,-84.98725
39862,31.45937,-84.51738
39866,31.55948,-84.59440
39867,31.82842,-84.92789
39870,31.32203,-84.41414
39877,31.91516,-84.51158
39885,31.71744,-84.35107
39886,31.74574,-84.62152
39897,30.91120,-84.32981
40003,38.27670,-85.04382
40004,37.80312,-85.46593
40006,38.59622,-85.33304
40007,38.45835,-84.99915
40008,37.90895,-85.27500
40009,37.47023,-85.10736
40010,38.37252,-85.45950
40011,38.52777,-85.17008
40012,37.89818,-85.18661
40013,37.93905,-85.46649
40014,38.34026,-85.42968
40019,38.38065,-85.16433
40020,37.93478,-85.38742
40022,38.15140,-85.34293
40023,38.17414,-85.43234
40025,38.29982,-85.64876
40026,38.43116,-85.53264
40031,38.42942,-85.40081
40033,37.54424,-85.22557
40036,38.41589,-84.98245
40037,37.66064,-85.41752
40040,37.77704,-85.06929
40041,38.25590,-85.66416
40045,38.68697,-85.35859
40046,38.02393,-85.16979
40047,38.03940,-85.55524
40048,37.84704,-85.47026
40049,37.66352,-85.39503
40050,38.44604,-85.18675
40051,37.67707,-85.55147
40052,37.60413,-85.48794
40055,38.49520,-85.32603
40056,38.30381,-85.49014
40057,38.39419,-85.04291
40058,38.43274,-85.17046
40059,38.35749,-85.59359
40060,37.54233,-85.46627
40062,37.60700,-85.44135
40063,37.57070,-85.34209
40065,38.21532,-85.20609
40067,38.22257,-85.36960
40068,38.39554,-85.27419
40069,37.72385,-85.20768
40070,38.47203,-85.23503
40071,38.04287,-85.37875
40075,38.56813,-85.11267
40076,38.11373,-85.08612
40077,38.49545,-85.44464
40078,37.83111,-85.14477
40104,38.08553,-86.33285
40107,37.72533,-85.59883
40108,37.96982,-86.17287
40109,38.06450,-85.75037
40110,37.93284,-85.65836
40111,37.77470,-86.62906
40115,37.72789,-86.22834
40117,37.89658,-86.12429
40118,38.09750,-85.75120
40119,37.60820,-86.55316
40121,37.95262,-85.92441
40140,37.76313,-86.35395
40142,37.89322,-86.20409
40143,37.78135,-86.50976
40144,37.74009,-86.36827
40145,37.64046,-86.31439
40146,37.84938,-86.33084
40150,37.88023,-85.71328
40152,37.61351,-86.46358
40155,37.93575,-85.99203
40157,38.04996,-86.43619
40160,37.81301,-85.93168
40161,38.00198,-86.38624
40162,37.75680,-86.05993
40165,37.97314,-85.67195
40170,37.96383,-86.50900
40171,37.96520,-86.45792
40175,37.81900,-86.08989
40176,37.91874,-86.33320
40177,38.00677,-85.92153
40178,37.65959,-86.41256
40202,38.25789,-85.75375
40203,38.25270,-85.76517
40204,38.23991,-85.72159
40205,38.22300,-85.68326
40206,38.25983,-85.70464
40207,38.26689,-85.65695
40208,38.21747,-85.76585
40209,38.18989,-85.74830
40210,38.23153,-85.78621
40211,38.23582,-85.82458
40212,38.27193,-85.79921
40213,38.17759,-85.71941
40214,38.15177,-85.78077
40215,38.19048,-85.78573
40216,38.18900,-85.83926
40217,38.21671,-85.73752
40218,38.18945,-85.65426
40219,38.13970,-85.68605
40220,38.21649,-85.61781
40222,38.27177,-85.61945
40223,38.25847,-85.53977
40228,38.13408,-85.62630
40229,38.08950,-85.65388
40231,38.19506,-85.69492
40241,38.29997,-85.57569
40242,38.27747,-85.59051
40243,38.24180,-85.53612
40245,38.26756,-85.44617
40258,38.14627,-85.87793
40272,38.07846,-85.85312
40280,38.24764,-85.68831
40291,38.13079,-85.58367
40299,38.15169,-85.51717
40310,37.74934,-84.76461
40311,38.33205,-83.99710
40312,37.85468,-83.93970
40313,38.14699,-83.37661
40316,37.93770,-83.54166
40322,37.93514,-83.63304
40324,38.24565,-84.55065
40328,37.60395,-85.06706
40330,37.78772,-84.88806
40334,38.01349,-83.76232
40336,37.68298,-83.99095
40337,37.94234,-83.85465
40339,37.94409,-84.63890
40342,37.99582,-84.97952
40346,37.98712,-83.74388
40347,38.15829,-84.72835
40348,38.28872,-84.12936
40350,38.30467,-83.87385
40351,38.20480,-83.41553
40353,38.06547,-83.94882
40356,37.87495,-84.56337
40358,38.06051,-83.67551
40359,38.49191,-84.80285
40360,38.15520,-83.78954
40361,38.20889,-84.22720
40363,38.51441,-85.00976
40370,38.40348,-84.52508
40371,38.08300,-83.59513
40372,37.91176,-84.88811
40374,38.21485,-83.90215
40376,37.77274,-83.69001
40379,38.30209,-84.68707
40380,37.82978,-83.77550
40383,38.00662,-84.73933
40385,37.73820,-84.13367
40387,37.93358,-83.49227
40390,37.85116,-84.66569
40391,37.97031,-84.14512
40402,37.29104,-83.97651
40403,37.57045,-84.27193
40404,37.57347,-84.29086
40409,37.36916,-84.43491
40419,37.45157,-84.49443
40422,37.64100,-84.79727
40434,37.39416,-83.94082
40437,37.43559,-84.87013
40440,37.58592,-84.82002
40442,37.33892,-84.74129
40444,37.66625,-84.57803
40445,37.33885,-84.18729
40447,37.48002,-84.02519
40448,37.46342,-84.75230
40456,37.35347,-84.31951
40460,37.40418,-84.21587
40461,37.58253,-84.40600
40464,37.57227,-84.92506
40468,37.63393,-84.97824
40472,37.73213,-83.85967
40475,37.76165,-84.31256
40481,37.44882,-84.09013
40484,37.52058,-84.67393
40486,37.36533,-83.86280
40489,37.36574,-84.63725
40502,38.01095,-84.48319
40503,38.00583,-84.53347
40504,38.04241,-84.54402
40505,38.06065,-84.45724
40506,38.02833,-84.50309
40507,38.04696,-84.49635
40508,38.06135,-84.51166
40509,37.99735,-84.37785
40510,38.07120,-84.58383
40511,38.14102,-84.46162
40513,38.01659,-84.60503
40514,37.98246,-84.56305
40515,37.91767,-84.39144
40516,38.07180,-84.36400
40517,37.98296,-84.48942
40601,38.23492,-84.86879
40604,38.17552,-84.86468
40701,36.92179,-84.16205
40729,37.25525,-84.13648
40734,36.92994,-83.97504
40737,37.01237,-84.12794
40740,37.02058,-84.03731
40741,37.13679,-84.12727
40743,37.07252,-84.11535
40744,37.02945,-84.11898
40759,36.81297,-84.05712
40763,36.68923,-83.92560
40769,36.70435,-84.18973
40771,36.85477,-84.02779
40801,36.86896,-83.24815
40806,36.89122,-83.29701
40807,36.96409,-82.94600
40808,36.99632,-83.20338
40810,36.90694,-83.37458
40813,36.71020,-83.59225
40815,36.78448,-83.21911
40816,37.01021,-83.29084
40818,36.82160,-83.24314
40819,36.81340,-83.46080
40820,36.74848,-83.17948
40823,36.95865,-82.99099
40824,36.82530,-83.37531
40826,37.04241,-82.77009
40827,37.03739,-83.51277
40828,36.87182,-83.15259
40829,36.79611,-83.30234
40830,36.76018,-83.32857
40831,36.76434,-83.35676
40840,36.90005,-83.44003
40843,36.90011,-83.01298
40844,37.05780,-83.34143
40845,36.79882,-83.51797
40847,36.85057,-83.17478
40849,36.89397,-83.13173
40854,36.84551,-83.35367
40855,36.92986,-82.88533
40856,36.72316,-83.52752
40858,37.01256,-83.40918
40862,37.01755,-82.85616
40863,36.72718,-83.43090
40865,36.92006,-83.21116
40868,37.07897,-83.46019
40870,36.92342,-83.14436
40873,36.81824,-83.40932
40874,36.97585,-83.48639
40902,36.86150,-83.60223
40903,36.80290,-83.80094
40906,36.87221,-83.88200
40913,36.93613,-83.55890
40914,37.14487,-83.56891
40915,36.89041,-83.81255
40921,36.76955,-83.88401
40923,36.91932,-83.84545
40927,36.87313,-83.06307
40935,36.92610,-83.70858
40939,36.81150,-83.69778
40940,36.60255,-83.93904
40941,37.12492,-83.73239
40943,36.96506,-83.85717
40946,36.97420,-83.80719
40949,36.88002,-83.87254
40953,36.93797,-83.80134
40958,36.80988,-83.59692
40962,37.14589,-83.74556
40964,36.77238,-83.31227
40965,36.64635,-83.72081
40972,37.25963,-83.57703
40977,36.70013,-83.77232
40979,37.00554,-83.51108
40982,36.93274,-83.69009
40983,37.33095,-83.75461
40988,36.86660,-83.51663
40995,36.76101,-83.81546
40997,36.89454,-83.66203
41001,38.91761,-84.40336
41002,38.74205,-83.97354
41003,38.52964,-84.39025
41004,38.64413,-84.08798
41005,39.00676,-84.76012
41006,38.78443,-84.34564
41007,38.89219,-84.29463
41008,38.66326,-85.16867
41010,38.49963,-84.60819
41011,39.06713,-84.53267
41014,39.06595,-84.50520
41015,38.97971,-84.47859
41016,39.08875,-84.54848
41017,39.02920,-84.56213
41018,39.01490,-84.60219
41030,38.78876,-84.58929
41031,38.41780,-84.28871
41033,38.76919,-84.44514
41034,38.72393,-83.89132
41035,38.71922,-84.65435
41039,38.41430,-83.87143
41040,38.65077,-84.33116
41041,38.40740,-83.72068
41042,39.00097,-84.65100
41043,38.76169,-84.20495
41044,38.61043,-83.97243
41045,38.72196,-85.02164
41046,38.71738,-84.80334
41048,39.09992,-84.70608
41049,38.26828,-83.64416
41051,38.93436,-84.55181
41052,38.67799,-84.76852
41055,38.52539,-83.86646
41056,38.60194,-83.77740
41059,39.01340,-84.35138
41062,38.70401,-83.92284
41063,38.84690,-84.49430
41064,38.51347,-84.06423
41071,39.07180,-84.48512
41073,39.10136,-84.47877
41074,39.11231,-84.46284
41075,39.08244,-84.45711
41076,39.01732,-84.43646
41080,39.05469,-84.82419
41083,38.66603,-84.96743
41085,39.03641,-84.39333
41086,38.68921,-84.87144
41091,38.91027,-84.73633
41092,38.81561,-84.68821
41093,38.37814,-83.55318
41094,38.88275,-84.62411
41095,38.77369,-84.74747
41097,38.62118,-84.58144
41098,38.58687,-85.00817
41099,39.03589,-84.46819
41101,38.47259,-82.64583
41102,38.42763,-82.73019
41121,38.43941,-82.83367
41124,38.06390,-82.86989
41129,38.32093,-82.65626
41132,38.25684,-82.82318
41135,38.34429,-83.30198
41139,38.51555,-82.72835
41141,38.53172,-83.16895
41142,38.27766,-83.07316
41143,38.33494,-82.97524
41144,38.54080,-82.94252
41146,38.27918,-82.89602
41149,38.09925,-83.07651
41159,38.01041,-82.97507
41164,38.28843,-83.15717
41166,38.62638,-83.10231
41168,38.30705,-82.75056
41169,38.53553,-82.73789
41171,38.08886,-83.10625
41174,38.70627,-83.00708
41175,38.64887,-82.97208
41179,38.53505,-83.37014
41180,38.15080,-82.88448
41183,38.55350,-82.73805
41189,38.54764,-83.56289
41201,38.07445,-82.73829
41203,37.83576,-82.44778
41204,37.82954,-82.67233
41214,37.80317,-82.62500
41216,37.73249,-82.80375
41219,37.92585,-82.90535
41222,37.75589,-82.85845
41224,37.81075,-82.55249
41226,37.98017,-82.95498
41230,38.06327,-82.66844
41231,37.80992,-82.39224
41232,37.94102,-82.72972
41234,37.79023,-82.74193
41238,37.84623,-82.96118
41240,37.82397,-82.79649
41250,37.71080,-82.44793
41254,37.88730,-82.71530
41255,37.91998,-82.82580
41256,37.83735,-82.89181
41257,37.92326,-82.79808
41260,37.82557,-82.75279
41262,37.84510,-82.63009
41263,37.86442,-82.75188
41264,37.92491,-82.68145
41265,37.74818,-82.70725
41267,37.88171,-82.43884
41268,37.78845,-82.78527
41271,37.82245,-82.72358
41274,37.86416,-82.81070
41301,37.72870,-83.49232
41311,37.58322,-83.71071
41314,37.42558,-83.64021
41317,37.44568,-83.15319
41332,37.80075,-83.38922
41339,37.51619,-83.26911
41348,37.40939,-83.30103
41352,37.82293,-83.33029
41360,37.80139,-83.61461
41365,37.70678,-83.62887
41366,37.59503,-83.21778
41367,37.41501,-83.22782
41385,37.66380,-83.31477
41390,37.41007,-83.38073
41397,37.68905,-83.67336
41408,37.77951,-83.28450
41421,37.99205,-83.19470
41425,37.88775,-83.41771
41464,37.67045,-82.96959
41465,37.72910,-83.09181
41472,37.94401,-83.24733
41501,37.51436,-82.50890
41503,37.66435,-82.28747
41512,37.25375,-82.47611
41513,37.34392,-82.34414
41514,37.66891,-82.31853
41517,37.19540,-82.57864
41519,37.58404,-82.32157
41522,37.30358,-82.40953
41524,37.41796,-82.23106
41526,37.43333,-82.51077
41527,37.63209,-82.28901
41528,37.54898,-82.13990
41531,37.59298,-82.23268
41534,37.27751,-82.47658
41535,37.59636,-82.27967
41537,37.22262,-82.61374
41538,37.31558,-82.59007
41539,37.50683,-82.32713
41540,37.39094,-82.33487
41543,37.54790,-82.28550
41544,37.59390,-82.17409
41547,37.53605,-82.09074
41548,37.38797,-82.26868
41553,37.47714,-82.16364
41554,37.43777,-82.29197
41555,37.53830,-82.25835
41557,37.48603,-82.41091
41558,37.53858,-82.20922
41559,37.37445,-82.38309
41560,37.39555,-82.57834
41562,37.39868,-82.46368
41563,37.23219,-82.53663
41564,37.60764,-82.36481
41566,37.40339,-82.20144
41567,37.57502,-82.28332
41568,37.49313,-82.08904
41571,37.62754,-82.43557
41572,37.31350,-82.64358
41601,37.60018,-82.72209
41602,37.74586,-82.75333
41603,37.57150,-82.70462
41604,37.38507,-82.65983
41605,37.55201,-82.62473
41606,37.33807,-82.73470
41607,37.62506,-82.85690
41612,37.35433,-82.72300
41615,37.53745,-82.69253
41616,37.56633,-82.88002
41619,37.47933,-82.73349
41621,37.62667,-82.73130
41622,37.52228,-82.81692
41630,37.46773,-82.80122
41631,37.47352,-82.65534
41632,37.56493,-82.95172
41635,37.48450,-82.62612
41636,37.40079,-82.73061
41640,37.47440,-82.96944
41642,37.59224,-82.64839
41643,37.46020,-82.83223
41645,37.52340,-82.79512
41647,37.44206,-82.71745
41649,37.57099,-82.77669
41650,37.35451,-82.68327
41653,37.65738,-82.75883
41655,37.51288,-82.73637
41659,37.57959,-82.62193
41660,37.41410,-82.63173
41663,37.56729,-82.66341
41666,37.43903,-82.80759
41667,37.31068,-82.69225
41669,37.33163,-82.71552
41701,37.29007,-83.19058
41712,37.36465,-83.12774
41713,37.21939,-83.27644
41714,37.15220,-83.53253
41719,37.30629,-83.25747
41721,37.30911,-83.47333
41722,37.36918,-83.11598
41723,37.26170,-83.30725
41725,37.33914,-83.03506
41727,37.37730,-83.27880
41729,37.26476,-83.21561
41731,37.09413,-83.07939
41735,37.01501,-83.10290
41739,37.33158,-83.11886
41740,37.35665,-83.05986
41745,37.34021,-83.43300
41746,37.21393,-83.09211
41749,37.20328,-83.41592
41751,37.21078,-83.13846
41754,37.29350,-83.32006
41759,37.22458,-83.02291
41760,37.20564,-83.07697
41762,37.26419,-83.47852
41763,37.06699,-83.15036
41764,37.11937,-83.25422
41766,37.17987,-83.46573
41772,37.42664,-83.05566
41773,37.23187,-83.02671
41774,37.15432,-83.14578
41775,37.10090,-83.34495
41776,37.16827,-83.29494
41777,37.05147,-83.22792
41804,37.15150,-82.99864
41810,37.18517,-82.67387
41812,37.25115,-82.74274
41815,37.16040,-82.79814
41817,37.34748,-82.92981
41819,36.98711,-83.10702
41821,37.05911,-83.01476
41822,37.32734,-82.98193
41824,37.19527,-82.87541
41825,37.23103,-82.70562
41826,37.16403,-82.91285
41828,37.28817,-82.78787
41831,37.38717,-82.95338
41832,37.14869,-82.95928
41833,37.02602,-82.98581
41834,37.25220,-82.95530
41835,37.22108,-82.66798
41836,37.23332,-82.90053
41837,37.12516,-82.75834
41838,37.20376,-82.75669
41839,37.40300,-82.88244
41840,37.19964,-82.71479
41843,37.28347,-82.84543
41844,37.31435,-82.87233
41845,37.14139,-82.90133
41847,37.20252,-82.96825
41848,37.09210,-82.94713
41849,37.17580,-82.73486
41855,37.19049,-82.78470
41858,37.13605,-82.85485
41859,37.38791,-82.77202
41861,37.40576,-82.82190
41862,37.34252,-82.79891
42001,37.03057,-88.70940
42003,37.00485,-88.57794
42020,36.69263,-88.28987
42021,36.82146,-89.02772
42022,37.14499,-88.94477
42023,36.87235,-88.99073
42024,37.07741,-89.05031
42025,36.85692,-88.33471
42027,36.91667,-88.62769
42028,37.23891,-88.33685
42029,37.00647,-88.39196
42031,36.68575,-88.99140
42032,36.77580,-89.10807
42035,36.90023,-88.84038
42036,36.71152,-88.21454
42037,37.17278,-88.18771
42038,37.04741,-88.02765
42039,36.78871,-88.82543
42040,36.62530,-88.49707
42041,36.55037,-88.87735
42044,36.95758,-88.26320
42045,37.06399,-88.26310
42047,37.29024,-88.39988
42048,36.76570,-88.22858
42049,36.52114,-88.33376
42050,36.55542,-89.21927
42051,36.85056,-88.64542
42053,37.11265,-88.87782
42054,36.70549,-88.42961
42055,37.07522,-88.17405
42056,37.10728,-88.98675
42058,37.05834,-88.46571
42060,36.96585,-88.82813
42061,36.88284,-88.76637
42064,37.35714,-88.08952
42066,36.73253,-88.63988
42069,36.91879,-88.75649
42071,36.62459,-88.28491
42076,36.57146,-88.10695
42078,37.27750,-88.28661
42079,36.56782,-88.58374
42081,37.22668,-88.41663
42082,36.91986,-88.50042
42083,37.16179,-88.28833
42084,37.43466,-88.24566
42085,36.56960,-88.80097
42086,37.08855,-88.77183
42087,36.97309,-88.99484
42088,36.62122,-88.74770
42101,37.05810,-86.46306
42102,37.00374,-86.41823
42103,36.96514,-86.32460
42104,36.87686,-86.45119
42120,36.67288,-86.26211
42122,36.85707,-86.35368
42123,36.81760,-85.98273
42124,36.87054,-85.64396
42127,37.11357,-85.91846
42129,36.98915,-85.58547
42130,36.92587,-85.78631
42133,36.72605,-85.95623
42134,36.72454,-86.56448
42140,36.65654,-85.82889
42141,36.94755,-85.91833
42151,36.65993,-85.54484
42153,36.66340,-86.06685
42154,37.04198,-85.72620
42156,36.85133,-86.05366
42157,36.78139,-85.81974
42159,36.99136,-86.24608
42160,37.10707,-86.03495
42163,37.07968,-86.13470
42164,36.77566,-86.18186
42166,36.88019,-85.70878
42167,36.72099,-85.67411
42170,36.84055,-86.57667
42171,37.03637,-86.17444
42202,36.68289,-86.84442
42204,36.68475,-87.07617
42206,36.88668,-86.74301
42207,37.29400,-86.26689
42210,37.20663,-86.25241
42211,36.81775,-87.83370
42214,37.13819,-85.68333
42215,36.99601,-87.66739
42217,37.04067,-87.45846
42220,36.89323,-87.17864
42223,36.62826,-87.46287
42232,36.86477,-87.64336
42234,36.72157,-87.17858
42236,36.71208,-87.61353
42240,36.88021,-87.46306
42254,36.66102,-87.65451
42256,37.00082,-86.93751
42259,37.24316,-86.14828
42261,37.21711,-86.67133
42262,36.67993,-87.44942
42265,36.73922,-87.00431
42266,36.74434,-87.35724
42273,37.21568,-86.83851
42274,36.95023,-86.59878
42275,37.21690,-86.45723
42276,36.85659,-86.87984
42280,36.95698,-87.09916
42285,37.26405,-86.29781
42286,36.72915,-87.28990
42301,37.73578,-87.24940
42303,37.75704,-87.05253
42320,37.33273,-86.86702
42321,37.16549,-87.05506
42322,37.61365,-87.39531
42323,37.17338,-87.03544
42324,37.13500,-87.00458
42325,37.32789,-87.27402
42326,37.22542,-87.00547
42327,37.58053,-87.29731
42328,37.43102,-87.04523
42330,37.32200,-87.11599
42332,37.25043,-87.08867
42333,37.36391,-86.75210
42337,37.20077,-86.94931
42338,37.54395,-86.80082
42339,37.09776,-86.97726
42343,37.65285,-86.69388
42344,37.27086,-87.31721
42345,37.13586,-87.18372
42347,37.52504,-86.88216
42348,37.83093,-86.77491
42349,37.43031,-86.67719
42350,37.45501,-87.18691
42351,37.89858,-86.86663
42352,37.51481,-87.08590
42354,37.37798,-86.93057
42355,37.85631,-86.99364
42356,37.69326,-87.32411
42361,37.51717,-86.68394
42366,37.72275,-86.93851
42367,37.23942,-87.15990
42368,37.70295,-86.75407
42369,37.35865,-87.00377
42370,37.44902,-86.73893
42371,37.51002,-87.28965
42372,37.40618,-87.26955
42374,37.32578,-87.15436
42376,37.61776,-87.08596
42378,37.66730,-86.86328
42404,37.47434,-87.83826
42406,37.76214,-87.73824
42408,37.17954,-87.69270
42409,37.53864,-87.69293
42410,37.27854,-87.51177
42411,37.19829,-88.01081
42413,37.44866,-87.46700
42420,37.81092,-87.51823
42431,37.33457,-87.48121
42436,37.37395,-87.57554
42437,37.66666,-87.93807
42440,37.24071,-87.46461
42441,37.36265,-87.66853
42442,37.16710,-87.48839
42445,37.13334,-87.85174
42450,37.39587,-87.76340
42451,37.88453,-87.39071
42452,37.68651,-87.53167
42453,37.15786,-87.59071
42455,37.59338,-87.54255
42456,37.50771,-87.49610
42458,37.83956,-87.42094
42459,37.56681,-88.01905
42461,37.79740,-87.88922
42462,37.74398,-87.80172
42463,37.47262,-87.86945
42464,37.18125,-87.35616
42501,37.05619,-84.45090
42503,37.15759,-84.52045
42516,37.22166,-84.78489
42518,36.94237,-84.63265
42519,36.95531,-84.53504
42528,37.18180,-85.02337
42533,37.07220,-84.59235
42539,37.30908,-84.95098
42541,37.35888,-84.79434
42544,37.02995,-84.81512
42553,37.15624,-84.69758
42565,37.15898,-84.88928
42566,37.27853,-84.78317
42567,37.26593,-84.60470
42602,36.72596,-85.12154
42603,36.78224,-85.02903
42629,36.91264,-85.13807
42631,36.74039,-84.48099
42633,36.80077,-84.82659
42634,36.89317,-84.42234
42635,36.68009,-84.39658
42638,36.67441,-84.46992
42642,37.05868,-85.03515
42647,36.68125,-84.62734
42649,36.61978,-84.43088
42653,36.78211,-84.45472
42701,37.70369,-85.83711
42712,37.51875,-86.10888
42713,37.38313,-85.88373
42715,36.95478,-85.38986
42716,37.47993,-85.60643
42717,36.78680,-85.37890
42718,37.38582,-85.37220
42721,37.42298,-86.49973
42722,37.27659,-85.71613
42724,37.67592,-86.07084
42726,37.41992,-86.15211
42728,37.11703,-85.29007
42729,37.30647,-86.09650
42731,36.84775,-85.55754
42732,37.59358,-86.12912
42733,37.34360,-85.18643
42740,37.58636,-85.94874
42741,36.99923,-85.23843
42743,37.22831,-85.53227
42746,37.21238,-85.73239
42748,37.56672,-85.69407
42749,37.18383,-85.87705
42753,37.21091,-85.19987
42754,37.47292,-86.31630
42757,37.40283,-85.71954
42758,37.37430,-85.19872
42762,37.45534,-86.39315
42764,37.42958,-85.62054
42765,37.33272,-85.93325
42776,37.51451,-85.92709
42782,37.33682,-85.64303
42784,37.45199,-85.93239
42788,37.52966,-86.02789
43001,40.08803,-82.61393
43002,40.06325,-83.17450
43003,40.41226,-82.97934
43004,40.01537,-82.80449
43005,40.28628,-82.27647
43006,40.45975,-82.14932
43008,39.93389,-82.48091
43009,40.17146,-83.63932
43010,39.99963,-83.62190
43011,40.30304,-82.67964
43013,40.23301,-82.68836
43014,40.46676,-82.26251
43015,40.29778,-83.06017
43016,40.09746,-83.15020
43017,40.11068,-83.12905
43019,40.49294,-82.57851
43021,40.19767,-82.87367
43022,40.34504,-82.33981
43023,40.07894,-82.53641
43025,39.97089,-82.51738
43026,40.02085,-83.19448
43028,40.40171,-82.29727
43029,40.09748,-83.44064
43030,39.96145,-82.41584
43031,40.16085,-82.66516
43032,40.32862,-82.95882
43033,39.96123,-82.59966
43035,40.18854,-82.99512
43036,40.35220,-83.26114
43037,40.28443,-82.32319
43040,40.26061,-83.35902
43044,40.05488,-83.55082
43045,40.16830,-83.45878
43046,39.89638,-82.54195
43050,40.37398,-82.49272
43054,40.08307,-82.79891
43055,40.11990,-82.37778
43056,40.00843,-82.34104
43060,40.22236,-83.57151
43061,40.28951,-83.20305
43062,40.00708,-82.68227
43064,40.09818,-83.28360
43065,40.17757,-83.09416
43066,40.39129,-83.17197
43067,40.34048,-83.46815
43068,39.95618,-82.78467
43070,40.21578,-83.95794
43071,40.18070,-82.35946
43072,40.11516,-83.95482
43074,40.26953,-82.85066
43076,39.89700,-82.39875
43077,40.13705,-83.34127
43078,40.11764,-83.78378
43080,40.24072,-82.42926
43081,40.11044,-82.89065
43082,40.14919,-82.88487
43084,40.15014,-83.55726
43085,40.10092,-83.01340
43101,39.46450,-82.74611
43102,39.64092,-82.76498
43103,39.73237,-82.93571
43105,39.86676,-82.61237
43106,39.64232,-83.42118
43107,39.69282,-82.41453
43109,39.91816,-82.83055
43110,39.82668,-82.80007
43111,39.50207,-82.24270
43112,39.79783,-82.70464
43113,39.58659,-82.96224
43115,39.49175,-83.15114
43116,39.77155,-83.06140
43117,39.76879,-83.20613
43119,39.94093,-83.20572
43123,39.86672,-83.11556
43125,39.83805,-82.88794
43126,39.81550,-83.16576
43127,39.47992,-82.32135
43128,39.65964,-83.59363
43130,39.69646,-82.61472
43135,39.46818,-82.69342
43136,39.80132,-82.81248
43137,39.80890,-82.98729
43138,39.51834,-82.41410
43140,39.88011,-83.42851
43142,39.59337,-83.58750
43143,39.71244,-83.28872
43144,39.52988,-82.19504
43145,39.56498,-83.25990
43146,39.77352,-83.13693
43147,39.89778,-82.74403
43148,39.82032,-82.49999
43149,39.54297,-82.57787
43150,39.77710,-82.40981
43151,39.73327,-83.47662
43152,39.39428,-82.61593
43153,39.74399,-83.55669
43154,39.60099,-82.83009
43155,39.63464,-82.52890
43156,39.55379,-82.77629
43157,39.84265,-82.54621
43158,39.44062,-82.35615
43160,39.52652,-83.44132
43162,39.94940,-83.30842
43164,39.58528,-83.11839
43201,39.99083,-82.99995
43202,40.01940,-83.01447
43203,39.97308,-82.96905
43204,39.96066,-83.08254
43205,39.95734,-82.96202
43206,39.94245,-82.97418
43207,39.89541,-82.96385
43209,39.95359,-82.92952
43210,40.00543,-83.02323
43211,40.01181,-82.97053
43212,39.98656,-83.04320
43213,39.96911,-82.86694
43214,40.05173,-83.01627
43215,39.96686,-83.01296
43217,39.81630,-82.92271
43219,40.00737,-82.92065
43220,40.04916,-83.07426
43221,40.02311,-83.07613
43222,39.96119,-83.03548
43223,39.92845,-83.03466
43224,40.04393,-82.96627
43227,39.94406,-82.89044
43228,39.96613,-83.12535
43229,40.08587,-82.97820
43230,40.03576,-82.87087
43231,40.07939,-82.93686
43232,39.92098,-82.87037
43235,40.11836,-83.02763
43240,40.14512,-82.98282
43302,40.59924,-83.13030
43310,40.53533,-83.78644
43311,40.36563,-83.75643
43314,40.64915,-82.95941
43315,40.48397,-82.87436
43316,40.95418,-83.38070
43317,40.47514,-82.68093
43318,40.30965,-83.91318
43319,40.30268,-83.57512
43320,40.58854,-82.89804
43321,40.45734,-82.82978
43322,40.53218,-83.20784
43323,40.72958,-83.24799
43324,40.44454,-83.81380
43326,40.63936,-83.61491
43330,40.81349,-83.41941
43331,40.51794,-83.92164
43332,40.59090,-83.37154
43333,40.44302,-83.92462
43334,40.39795,-82.79730
43336,40.29084,-83.58233
43337,40.68131,-83.26664
43338,40.56417,-82.76033
43340,40.54391,-83.47599
43341,40.59641,-83.31530
43342,40.47124,-83.18398
43343,40.30916,-83.97871
43344,40.43093,-83.34462
43345,40.51120,-83.58377
43347,40.47785,-83.65958
43348,40.46118,-83.89137
43351,40.82548,-83.30325
43356,40.46508,-83.03262
43357,40.25352,-83.74677
43358,40.41459,-83.53761
43359,40.87349,-83.45488
43360,40.33314,-83.64352
43402,41.40970,-83.65345
43403,41.37698,-83.63712
43406,41.33390,-83.43307
43407,41.27783,-83.24941
43408,41.57183,-83.36346
43410,41.31174,-82.95793
43412,41.63129,-83.32189
43413,41.24322,-83.65159
43416,41.48394,-83.26723
43420,41.35793,-83.11024
43430,41.52219,-83.36984
43431,41.39721,-83.33774
43432,41.56326,-83.25247
43433,41.50469,-82.88026
43434,41.69303,-83.44474
43435,41.32532,-83.31285
43437,41.25369,-83.60231
43438,41.60261,-82.70651
43439,41.51767,-83.04129
43440,41.52624,-82.77678
43442,41.42504,-83.21582
43443,41.46133,-83.47024
43445,41.58346,-83.29641
43446,41.67384,-82.80989
43447,41.56292,-83.44567
43449,41.53438,-83.13557
43450,41.40087,-83.49125
43451,41.31832,-83.61504
43452,41.52023,-82.97703
43456,41.63183,-82.83939
43457,41.26733,-83.42749
43458,41.53045,-83.21336
43460,41.60482,-83.56103
43462,41.28379,-83.72286
43463,41.50867,-83.50803
43464,41.40488,-82.92411
43465,41.56547,-83.50030
43466,41.29536,-83.51482
43467,41.24320,-83.48384
43468,41.59787,-83.34149
43469,41.46037,-83.36455
43501,41.67265,-84.46180
43502,41.53455,-84.29379
43504,41.69578,-83.83676
43505,41.52394,-84.73127
43506,41.46621,-84.55713
43511,41.26256,-83.81473
43512,41.30338,-84.35828
43515,41.58540,-84.00833
43516,41.21490,-83.91524
43517,41.43395,-84.72855
43518,41.59649,-84.75775
43519,41.41947,-84.40687
43521,41.66049,-84.29799
43522,41.42031,-83.83240
43523,41.33707,-83.98925
43524,41.22706,-84.03851
43525,41.46658,-83.70445
43526,41.31281,-84.72531
43527,41.24611,-84.15750
43528,41.62886,-83.74957
43529,41.18760,-83.78162
43531,41.63504,-84.49567
43532,41.45050,-83.97497
43533,41.69187,-84.08153
43534,41.34961,-83.92698
43535,41.30728,-84.02204
43536,41.30979,-84.63290
43537,41.57482,-83.68662
43540,41.69285,-83.92803
43541,41.30076,-83.82954
43542,41.56671,-83.76502
43543,41.60649,-84.64535
43545,41.39084,-84.12717
43547,41.49216,-83.87632
43548,41.18533,-84.17512
43549,41.36931,-84.53114
43551,41.51795,-83.57200
43553,41.53123,-84.22884
43554,41.65842,-84.56349
43555,41.43413,-84.25432
43556,41.30330,-84.56373
43557,41.48740,-84.39248
43558,41.59397,-83.87865
43560,41.70059,-83.73885
43565,41.41997,-83.74011
43566,41.49162,-83.75605
43567,41.58035,-84.16106
43569,41.34977,-83.78943
43570,41.58810,-84.44122
43571,41.51339,-83.82274
43604,41.65153,-83.54095
43605,41.64803,-83.50686
43606,41.67314,-83.61141
43607,41.64863,-83.60413
43608,41.67987,-83.52891
43609,41.62669,-83.58088
43610,41.67802,-83.56136
43611,41.70514,-83.48503
43612,41.71563,-83.55095
43613,41.70625,-83.60373
43614,41.60420,-83.63009
43615,41.65028,-83.67382
43616,41.65837,-83.40891
43617,41.66463,-83.72827
43619,41.60371,-83.47049
43620,41.66518,-83.55427
43623,41.70296,-83.65008
43701,39.96932,-81.99090
43711,39.84186,-81.57797
43713,39.98789,-81.17459
43716,39.82922,-81.01191
43717,39.78972,-81.55567
43718,40.01501,-80.99810
43719,39.99734,-81.07910
43720,39.79609,-81.87646
43721,39.94999,-82.26504
43722,39.91918,-81.51757
43723,39.96060,-81.53949
43724,39.72089,-81.49868
43725,40.04499,-81.58933
43727,39.86137,-81.78514
43728,39.48016,-81.89513
43730,39.61529,-82.10228
43731,39.72836,-82.07342
43732,39.84513,-81.64274
43733,39.92741,-81.53807
43734,39.88455,-81.89103
43735,39.86663,-82.11841
43736,40.06124,-81.23791
43738,39.85537,-82.14123
43739,39.90314,-82.28631
43740,39.95219,-82.21293
43746,39.96542,-82.18386
43747,39.86081,-81.12490
43748,39.69238,-82.31629
43749,40.16678,-81.56149
43750,39.99687,-81.51318
43754,39.76085,-81.23398
43755,40.05329,-81.43236
43756,39.69175,-81.79549
43758,39.62786,-81.94544
43759,40.06553,-81.07345
43760,39.88826,-82.19322
43761,39.66833,-82.14825
43762,40.02588,-81.74119
43764,39.71330,-82.18058
43766,39.59320,-82.25284
43767,40.06427,-81.78366
43768,40.03779,-81.44487
43771,39.83556,-81.94540
43772,39.88606,-81.52662
43773,39.98204,-81.29876
43777,39.81831,-82.09735
43778,39.99929,-81.37886
43779,39.81957,-81.42777
43780,39.90869,-81.43795
43782,39.62179,-82.21247
43783,39.80448,-82.27858
43786,39.71046,-81.27701
43787,39.52396,-81.80182
43788,39.80553,-81.33395
43793,39.74515,-81.09610
43802,40.09116,-81.85206
43804,40.45085,-81.74091
43805,40.39336,-81.97307
43811,40.17986,-81.92085
43812,40.26384,-81.88092
43821,40.13675,-82.00051
43822,40.17885,-82.17403
43824,40.36391,-81.75845
43830,40.06282,-82.13747
43832,40.27581,-81.58566
43836,40.20874,-81.71980
43837,40.29840,-81.47793
43840,40.41072,-81.60146
43842,40.13692,-82.01276
43843,40.34901,-82.17561
43844,40.32538,-82.06077
43845,40.26491,-81.73128
43901,40.22355,-80.85580
43902,39.88285,-80.95199
43903,40.47213,-80.97330
43905,40.10537,-80.83893
43906,40.01109,-80.80869
43907,40.24845,-81.01966
43908,40.50627,-80.87402
43910,40.37268,-80.82633
43912,40.08336,-80.79702
43913,40.26823,-80.63758
43914,39.77522,-80.95281
43915,39.76346,-80.89937
43917,40.22850,-80.79349
43920,40.67723,-80.59430
43925,40.44763,-80.86232
43926,40.50806,-80.62161
43927,40.12052,-80.93716
43928,40.01041,-80.91480
43930,40.56321,-80.76283
43931,39.67334,-80.87263
43932,40.51699,-80.76074
43933,39.93523,-80.89580
43934,40.07785,-80.78922
43935,40.12776,-80.75539
43938,40.30450,-80.67333
43939,40.16715,-80.80002
43940,40.02897,-80.82730
43942,39.86103,-80.85488
43943,40.20893,-80.73229
43944,40.42918,-80.76904
43945,40.63683,-80.84798
43946,39.65223,-80.96479
43947,39.95502,-80.79153
43948,40.27012,-80.77827
43950,40.09695,-80.92470
43951,40.11190,-81.01163
43952,40.40913,-80.66530
43953,40.35242,-80.70249
43961,40.52500,-80.63028
43962,40.67203,-80.87993
43963,40.17137,-80.69691
43964,40.48090,-80.66248
43967,40.02645,-80.94009
43968,40.63241,-80.68385
43970,40.46320,-80.88913
43971,40.15910,-80.71336
43972,40.10175,-80.97372
43973,40.19027,-81.27633
43974,40.18224,-80.88753
43976,40.37356,-80.92085
43977,40.13485,-81.08345
43983,40.13714,-81.19904
43985,40.16531,-81.13235
43986,40.38520,-80.99565
43988,40.40113,-81.12084
44001,41.36633,-82.25992
44003,41.61574,-80.58594
44004,41.85594,-80.79187
44010,41.76528,-80.84749
44011,41.44510,-82.00511
44012,41.49727,-82.01746
44017,41.37055,-81.86176
44021,41.44326,-81.14446
44022,41.44625,-81.40297
44023,41.38481,-81.28574
44024,41.57776,-81.19243
44026,41.52815,-81.32471
44028,41.30052,-81.93742
44030,41.89664,-80.58518
44032,41.66924,-80.67011
44035,41.36359,-82.13818
44039,41.38632,-82.02282
44040,41.53566,-81.41074
44041,41.77690,-80.94990
44044,41.26628,-82.04179
44045,41.74866,-81.28435
44046,41.54254,-81.06871
44047,41.72793,-80.73587
44048,41.85025,-80.63931
44049,41.26653,-82.30579
44050,41.24873,-82.12820
44052,41.45800,-82.16714
44053,41.42656,-82.22589
44054,41.47160,-82.09034
44055,41.43406,-82.13410
44056,41.31492,-81.50163
44057,41.76012,-81.06030
44060,41.67653,-81.32817
44062,41.45106,-81.03464
44064,41.59806,-81.03232
44065,41.47592,-81.22161
44067,41.31625,-81.54320
44070,41.41503,-81.91894
44072,41.47115,-81.32492
44074,41.28950,-82.23122
44076,41.53088,-80.82371
44077,41.69756,-81.20974
44080,41.35999,-81.04618
44081,41.76394,-81.14310
44082,41.76187,-80.56754
44084,41.67138,-80.89916
44085,41.60327,-80.87454
44086,41.67573,-81.05860
44087,41.31317,-81.43868
44089,41.39208,-82.37745
44090,41.16748,-82.22838
44092,41.59991,-81.46870
44093,41.53079,-80.61436
44094,41.61072,-81.37932
44095,41.65233,-81.44172
44099,41.54921,-80.98331
44101,41.48936,-81.66739
44102,41.47917,-81.74060
44103,41.51942,-81.64212
44104,41.48223,-81.62680
44105,41.44948,-81.63029
44106,41.50534,-81.60543
44107,41.48326,-81.80114
44108,41.54478,-81.60739
44109,41.44769,-81.69438
44110,41.56863,-81.56633
44111,41.45826,-81.78859
44112,41.53584,-81.57414
44113,41.48324,-81.69717
44114,41.52025,-81.67862
44115,41.49354,-81.67119
44116,41.47307,-81.85383
44117,41.57065,-81.52641
44118,41.50234,-81.55657
44119,41.58935,-81.54739
44120,41.47395,-81.57996
44121,41.52649,-81.53213
44122,41.46947,-81.51242
44123,41.60470,-81.52412
44124,41.50002,-81.46504
44125,41.40578,-81.60971
44126,41.44176,-81.85300
44127,41.47217,-81.65028
44128,41.43989,-81.53853
44129,41.39046,-81.73530
44130,41.37664,-81.78732
44131,41.38284,-81.65019
44132,41.60642,-81.49722
44133,41.31321,-81.74588
44134,41.38341,-81.70261
44135,41.42883,-81.81689
44136,41.31151,-81.81133
44137,41.40930,-81.56253
44138,41.37365,-81.92311
44139,41.38326,-81.44425
44140,41.48777,-81.92889
44141,41.29967,-81.61651
44142,41.39966,-81.83433
44143,41.55320,-81.47435
44144,41.43729,-81.73981
44145,41.44953,-81.93016
44146,41.38122,-81.52923
44147,41.31816,-81.67926
44149,41.31591,-81.85622
44201,41.02866,-81.18428
44202,41.31509,-81.33837
44203,41.02089,-81.62865
44212,41.24449,-81.82884
44214,40.95192,-81.99975
44215,41.06918,-81.89595
44216,40.94578,-81.58174
44217,40.95222,-81.91348
44221,41.13927,-81.47487
44223,41.16967,-81.53106
44224,41.17626,-81.43652
44230,40.96429,-81.68762
44231,41.30296,-81.07047
44233,41.24909,-81.73787
44234,41.32588,-81.15225
44235,41.03111,-82.11670
44236,41.24609,-81.44909
44240,41.13228,-81.33212
44241,41.24259,-81.34772
44243,41.14796,-81.34142
44250,41.02030,-81.43734
44251,41.02916,-81.92741
44253,41.16690,-82.03247
44254,41.04291,-82.01435
44255,41.28669,-81.22910
44256,41.13987,-81.86056
44260,41.03519,-81.33844
44262,41.13958,-81.43606
44264,41.22977,-81.54049
44265,41.03572,-81.25308
44266,41.16625,-81.20823
44270,40.96094,-81.77454
44272,41.08976,-81.18052
44273,41.02800,-81.87793
44274,41.09833,-81.73268
44275,41.10186,-82.10259
44276,40.93973,-81.83602
44278,41.10612,-81.42483
44280,41.24026,-81.92778
44281,41.05980,-81.74039
44285,41.15967,-81.07160
44286,41.23313,-81.64394
44287,40.93845,-82.10233
44288,41.23908,-81.07604
44301,41.04349,-81.52402
44302,41.08944,-81.53866
44303,41.10469,-81.53694
44304,41.08317,-81.50785
44305,41.07530,-81.46165
44306,41.03935,-81.48317
44307,41.06922,-81.54653
44308,41.08166,-81.51701
44310,41.10572,-81.49442
44311,41.06423,-81.52071
44312,41.01412,-81.44370
44313,41.13009,-81.57317
44314,41.03998,-81.55902
44319,40.98150,-81.52745
44320,41.07314,-81.58241
44321,41.08865,-81.65244
44333,41.16062,-81.63091
44401,41.02099,-80.93860
44402,41.38109,-80.84524
44403,41.24045,-80.58146
44404,41.32411,-80.55663
44405,41.07798,-80.59236
44406,41.01088,-80.77040
44408,40.88614,-80.68842
44410,41.34647,-80.72775
44411,41.03675,-81.03696
44412,41.09417,-81.02349
44413,40.84476,-80.54869
44417,41.43637,-80.66385
44418,41.30737,-80.60347
44420,41.17722,-80.68198
44423,40.74852,-80.89595
44425,41.17047,-80.57362
44427,40.70917,-80.94986
44428,41.43697,-80.57398
44429,41.09398,-80.97581
44430,41.23802,-80.91040
44431,40.85161,-80.74947
44432,40.74566,-80.76592
44436,41.05868,-80.53507
44437,41.15594,-80.72988
44438,41.23965,-80.53066
44439,41.45575,-80.95637
44440,41.13690,-80.80633
44441,40.75533,-80.54881
44442,40.96617,-80.54611
44443,40.93406,-80.60454
44444,41.17447,-80.97242
44445,40.84933,-80.62226
44446,41.18956,-80.74930
44449,40.97580,-81.03791
44450,41.44490,-80.83459
44451,41.07937,-80.86819
44452,40.94737,-80.66401
44454,40.91571,-80.53979
44455,40.77230,-80.61017
44460,40.89932,-80.87017
44470,41.30031,-80.97275
44471,41.05105,-80.59057
44473,41.25496,-80.64993
44481,41.17659,-80.90250
44483,41.26359,-80.81704
44484,41.23433,-80.74798
44485,41.24038,-80.84780
44490,40.89633,-80.76802
44491,41.36997,-80.96365
44493,40.82502,-80.88862
44502,41.08279,-80.63949
44503,41.09933,-80.64907
44504,41.12351,-80.65465
44505,41.12924,-80.62210
44506,41.09300,-80.62640
44507,41.07426,-80.65527
44509,41.10851,-80.69607
44510,41.12225,-80.67343
44511,41.06909,-80.69670
44512,41.02566,-80.66828
44514,41.00061,-80.60645
44515,41.10290,-80.76127
44601,40.91859,-81.12874
44606,40.73471,-81.80015
44607,40.68952,-81.02573
44608,40.65640,-81.59279
44609,40.91741,-80.99007
44610,40.55963,-81.79976
44611,40.61010,-82.07498
44612,40.63309,-81.47604
44613,40.71152,-81.60778
44614,40.89230,-81.58793
44615,40.56454,-81.07485
44618,40.77038,-81.68110
44620,40.57812,-81.21013
44621,40.43690,-81.29787
44622,40.54603,-81.48271
44624,40.60855,-81.66226
44625,40.76337,-81.00374
44626,40.68890,-81.38177
44627,40.66410,-81.83643
44628,40.53470,-82.16878
44629,40.34950,-81.45323
44632,40.96322,-81.31281
44633,40.62976,-81.93527
44634,40.83799,-81.04140
44637,40.48954,-82.03897
44638,40.64225,-82.14560
44640,40.98554,-81.15071
44641,40.85822,-81.24534
44643,40.63873,-81.30290
44644,40.68765,-81.17821
44645,40.90974,-81.71817
44646,40.81438,-81.49718
44647,40.79788,-81.56506
44651,40.62805,-80.95112
44652,40.90022,-81.32614
44653,40.43610,-81.37033
44654,40.53794,-81.87087
44656,40.56911,-81.33474
44657,40.74094,-81.09310
44659,40.69458,-81.70239
44661,40.59559,-82.11302
44662,40.71099,-81.55505
44663,40.45999,-81.45239
44666,40.84834,-81.63869
44667,40.83382,-81.76653
44669,40.78831,-81.15068
44670,40.76263,-81.18878
44671,40.64603,-81.36567
44672,40.92000,-81.02527
44675,40.50236,-81.25377
44676,40.69078,-82.03380
44677,40.87463,-81.85859
44678,40.56665,-81.34997
44680,40.60662,-81.54477
44681,40.50807,-81.66197
44682,40.39724,-81.40542
44683,40.36477,-81.32507
44685,40.95540,-81.42437
44687,40.53792,-81.71998
44688,40.68391,-81.25538
44689,40.64762,-81.65923
44690,40.61311,-81.69364
44691,40.80571,-81.98248
44693,40.30186,-81.18617
44695,40.44201,-81.17017
44697,40.61206,-81.42422
44699,40.27729,-81.28091
44702,40.79979,-81.37578
44703,40.81056,-81.38135
44704,40.80039,-81.34038
44705,40.83461,-81.33115
44706,40.75352,-81.41864
44707,40.76109,-81.34984
44708,40.81789,-81.43587
44709,40.84235,-81.38621
44710,40.78971,-81.42596
44714,40.83632,-81.35828
44718,40.84840,-81.45047
44720,40.90345,-81.43328
44721,40.89258,-81.33206
44730,40.76702,-81.26578
44802,41.04563,-83.41943
44804,41.10559,-83.53412
44805,40.87267,-82.31703
44807,41.05975,-82.87697
44809,41.13350,-83.28894
44811,41.24632,-82.84660
44813,40.59985,-82.52970
44814,41.32411,-82.47216
44815,41.24660,-83.23945
44816,41.33020,-82.35252
44817,41.20413,-83.54504
44818,40.99834,-82.98937
44820,40.81718,-82.97404
44822,40.55672,-82.39809
44824,41.38327,-82.80589
44825,40.95419,-82.94322
44826,41.24234,-82.47764
44827,40.82244,-82.75506
44828,41.23201,-82.86091
44830,41.16794,-83.39900
44833,40.71059,-82.79374
44836,41.23716,-83.06289
44837,41.02122,-82.47268
44838,40.77157,-82.25616
44839,41.38002,-82.55775
44840,40.78795,-82.17825
44841,41.25122,-83.30608
44842,40.64921,-82.22485
44843,40.68950,-82.40760
44844,40.99201,-83.26091
44846,41.31941,-82.60583
44847,41.23041,-82.71289
44849,40.80926,-83.13047
44850,41.03539,-82.68402
44851,41.10918,-82.39157
44853,41.05532,-83.30303
44854,40.94365,-82.86784
44855,41.10639,-82.59163
44856,40.79400,-82.85669
44857,41.21650,-82.57764
44859,41.02196,-82.33072
44861,41.23949,-83.14798
44864,40.66763,-82.32063
44865,40.99339,-82.67684
44866,40.92400,-82.19778
44867,41.14903,-82.98222
44870,41.42836,-82.74488
44874,40.96938,-82.36963
44875,40.88996,-82.65171
44878,40.94162,-82.52073
44880,41.03460,-82.22013
44881,40.87002,-82.87604
44882,40.94668,-83.14022
44883,41.12333,-83.17391
44887,40.91620,-82.79066
44889,41.24588,-82.38243
44890,41.08517,-82.71056
44901,40.79171,-82.50940
44902,40.75816,-82.51059
44903,40.77634,-82.52763
44904,40.66370,-82.61446
44905,40.77808,-82.46719
44906,40.76736,-82.57261
44907,40.72766,-82.52041
45001,39.14145,-84.71224
45002,39.19861,-84.76333
45003,39.58658,-84.78647
45005,39.53852,-84.29605
45011,39.42657,-84.49764
45013,39.41363,-84.65268
45014,39.32571,-84.55239
45015,39.37640,-84.56669
45030,39.25983,-84.75952
45032,39.50277,-84.01020
45033,39.17678,-84.76297
45034,39.35827,-84.24365
45036,39.44304,-84.21637
45039,39.32856,-84.24201
45040,39.35078,-84.31320
45041,39.21086,-84.70247
45042,39.55689,-84.42016
45044,39.48240,-84.41024
45050,39.44535,-84.35918
45051,39.09796,-84.64661
45052,39.14446,-84.77906
45053,39.35406,-84.78782
45054,39.43883,-84.08506
45056,39.49093,-84.74419
45062,39.47966,-84.55296
45064,39.56204,-84.59659
45065,39.37023,-84.21122
45066,39.55116,-84.22441
45067,39.49482,-84.48100
45068,39.52517,-84.06407
45069,39.34352,-84.41233
45070,39.58969,-84.55809
45101,38.69701,-83.72675
45102,39.01719,-84.20435
45103,39.09713,-84.13335
45106,38.94502,-84.06491
45107,39.29221,-83.96923
45111,39.19650,-84.28983
45112,38.79309,-84.13991
45113,39.39758,-83.98560
45115,38.82413,-83.69916
45118,39.17225,-83.93407
45120,38.82842,-84.09003
45121,38.86975,-83.90352
45122,39.21690,-84.11518
45123,39.35002,-83.38611
45130,38.90943,-83.99864
45131,38.79034,-83.96694
45132,39.34392,-83.60026
45133,39.16185,-83.57623
45135,39.34761,-83.54191
45140,39.25727,-84.24205
45142,39.20455,-83.81082
45144,38.70593,-83.61031
45145,39.14533,-84.00517
45146,39.31412,-83.80420
45147,39.20512,-84.28343
45148,39.29022,-83.88727
45150,39.16647,-84.23039
45152,39.35149,-84.12023
45153,38.86281,-84.18964
45154,39.06343,-83.91682
45155,39.04251,-83.75216
45156,38.81516,-84.21383
45157,38.95374,-84.23017
45158,39.18113,-84.08991
45159,39.33683,-83.69174
45160,39.12288,-84.13662
45162,39.26974,-84.07473
45164,39.55403,-83.78217
45166,39.47660,-83.68776
45167,38.78166,-83.78973
45168,38.85050,-83.75464
45169,39.50648,-83.65088
45171,39.01454,-83.80028
45172,39.07447,-83.38688
45174,39.15856,-84.31224
45176,39.07926,-84.02973
45177,39.46069,-83.84431
45202,39.10938,-84.50257
45203,39.10529,-84.53353
45204,39.10654,-84.55319
45205,39.11007,-84.57519
45206,39.12733,-84.48437
45207,39.14207,-84.47133
45208,39.13474,-84.43448
45209,39.15304,-84.42661
45211,39.15609,-84.59664
45212,39.16417,-84.45222
45213,39.18080,-84.42016
45214,39.11501,-84.53436
45215,39.23530,-84.46209
45216,39.20093,-84.48167
45217,39.16606,-84.49781
45218,39.26638,-84.52222
45219,39.12738,-84.51306
45220,39.14878,-84.52031
45223,39.17100,-84.55136
45224,39.19780,-84.52947
45225,39.14281,-84.55121
45226,39.11169,-84.42167
45227,39.15324,-84.38580
45229,39.15272,-84.48682
45230,39.07375,-84.38928
45231,39.24750,-84.53484
45232,39.18212,-84.50897
45233,39.11691,-84.67257
45236,39.20981,-84.39730
45237,39.19458,-84.45102
45238,39.10668,-84.61055
45239,39.20363,-84.58062
45240,39.28451,-84.52933
45241,39.27629,-84.39972
45242,39.24280,-84.35300
45243,39.18856,-84.33602
45244,39.11412,-84.32635
45245,39.06112,-84.27614
45246,39.28985,-84.46920
45247,39.21669,-84.66111
45248,39.16431,-84.66255
45249,39.27526,-84.32688
45251,39.27464,-84.59784
45252,39.27019,-84.62814
45255,39.05955,-84.32833
45301,39.71138,-84.02228
45302,40.40591,-84.20915
45303,40.21397,-84.65964
45304,39.98927,-84.52531
45305,39.63201,-84.07855
45306,40.45923,-84.18714
45307,39.58061,-83.72337
45308,40.12928,-84.45737
45309,39.84268,-84.41473
45310,40.35294,-84.64267
45311,39.63522,-84.67830
45312,40.05215,-84.09302
45314,39.75006,-83.77615
45315,39.85699,-84.33910
45316,39.79710,-83.82579
45317,40.21102,-83.98859
45318,40.12907,-84.35372
45319,39.91613,-83.94325
45320,39.75066,-84.68131
45321,39.87860,-84.68605
45322,39.89977,-84.32793
45323,39.84997,-83.92763
45324,39.82275,-83.99388
45325,39.69261,-84.43020
45326,40.13991,-84.09446
45327,39.62876,-84.40300
45328,40.11620,-84.49623
45330,39.64827,-84.52867
45331,40.09861,-84.65055
45332,39.98457,-84.79223
45333,40.24946,-84.33177
45334,40.44327,-84.04345
45335,39.63981,-83.74120
45336,40.44275,-84.25726
45337,39.98147,-84.42260
45338,39.84975,-84.54355
45339,40.01276,-84.34203
45340,40.36857,-84.05215
45341,39.87559,-84.02446
45342,39.62934,-84.27597
45344,39.95383,-84.00967
45345,39.73788,-84.40745
45346,39.98212,-84.70996
45347,39.88427,-84.75149
45348,40.32916,-84.64546
45349,39.98911,-83.94135
45350,40.32441,-84.57368
45351,40.33943,-84.49512
45352,40.05012,-84.74428
45353,40.29257,-84.04272
45354,39.91055,-84.39969
45356,40.16284,-84.22821
45358,39.98658,-84.48770
45359,40.04653,-84.35071
45360,40.33058,-84.09102
45361,39.96371,-84.41482
45362,40.29248,-84.62773
45363,40.23931,-84.40007
45365,40.28374,-84.15977
45368,39.84492,-83.64798
45369,39.95267,-83.59416
45370,39.60838,-84.03302
45371,39.93954,-84.16064
45372,40.01391,-83.83835
45373,40.03253,-84.19458
45377,39.89763,-84.22320
45378,39.90292,-84.48872
45380,40.24450,-84.51692
45381,39.73069,-84.52435
45382,39.90152,-84.61192
45383,39.95558,-84.34321
45384,39.71497,-83.88444
45385,39.66908,-83.91396
45387,39.79936,-83.88762
45388,40.31692,-84.47814
45389,40.05717,-84.02759
45390,40.21520,-84.76054
45402,39.75936,-84.20909
45403,39.76904,-84.14747
45404,39.78950,-84.16182
45405,39.79216,-84.21603
45406,39.78539,-84.24222
45409,39.72131,-84.18797
45410,39.74805,-84.15812
45414,39.84177,-84.21301
45415,39.83558,-84.25739
45416,39.80716,-84.25811
45417,39.73493,-84.28935
45418,39.70019,-84.25993
45419,39.71338,-84.16718
45420,39.71882,-84.12917
45424,39.84318,-84.11003
45426,39.80454,-84.31979
45428,39.74288,-84.26063
45429,39.68291,-84.15888
45430,39.70967,-84.08484
45431,39.76384,-84.08420
45432,39.73949,-84.08519
45433,39.82283,-84.04850
45434,39.72138,-84.03182
45439,39.70131,-84.21891
45440,39.67473,-84.09781
45449,39.66415,-84.23798
45458,39.60240,-84.15636
45459,39.64743,-84.17060
45502,39.86082,-83.75281
45503,39.95957,-83.77178
45504,39.94697,-83.86490
45505,39.90167,-83.75745
45506,39.90802,-83.83667
45601,39.31206,-82.95707
45612,39.20701,-83.27884
45613,39.03422,-82.85090
45614,38.92968,-82.27756
45616,38.76045,-83.30809
45617,39.27965,-83.15564
45618,38.88549,-83.61641
45619,38.46254,-82.45018
45620,38.96160,-82.14217
45621,39.11079,-82.60774
45622,39.37500,-82.49084
45623,38.64169,-82.26979
45624,39.17023,-83.34702
45628,39.38914,-83.19380
45629,38.65757,-82.81589
45630,38.69914,-83.09156
45631,38.82175,-82.26430
45634,39.18436,-82.48650
45636,38.58806,-82.82815
45638,38.56119,-82.68027
45640,39.01973,-82.65631
45642,39.04703,-83.05446
45644,39.45953,-82.84476
45645,38.56636,-82.52701
45646,39.07517,-83.32279
45647,39.29448,-82.73308
45648,38.91809,-83.00769
45650,38.73829,-83.42233
45651,39.28542,-82.48348
45652,38.82382,-83.09502
45653,38.88963,-82.82198
45654,39.36647,-82.37774
45656,38.87648,-82.59126
45657,38.84367,-83.23646
45658,38.76293,-82.41156
45659,38.65497,-82.64113
45660,38.99129,-83.36703
45661,39.04563,-83.10822
45662,38.78200,-82.91927
45663,38.73879,-83.08878
45669,38.49841,-82.35844
45671,38.97025,-83.24801
45672,39.19272,-82.69482
45673,39.20390,-82.81202
45674,38.88158,-82.37397
45678,38.61044,-82.37958
45679,38.96456,-83.55591
45680,38.46781,-82.54683
45681,39.30834,-83.25629
45682,38.80693,-82.69491
45684,38.65143,-83.19063
45685,38.93180,-82.45654
45686,39.01415,-82.37683
45688,38.73108,-82.54324
45690,39.13673,-83.00778
45692,39.11394,-82.54107
45693,38.80710,-83.54029
45694,38.74388,-82.78088
45695,39.16154,-82.37265
45696,38.60116,-82.45211
45697,38.93158,-83.67368
45698,39.28580,-82.39173
45701,39.31209,-82.08588
45710,39.18986,-82.23768
45711,39.42832,-81.93197
45714,39.31698,-81.61435
45715,39.60507,-81.62802
45716,39.46281,-82.18178
45719,39.39983,-82.12669
45721,39.56549,-81.58438
45723,39.22626,-81.82347
45724,39.38344,-81.80041
45727,39.65008,-81.48818
45729,39.41837,-81.60440
45732,39.51573,-82.06836
45734,39.64114,-81.19565
45735,39.26180,-81.92826
45740,39.47797,-82.07676
45741,39.07507,-82.24708
45742,39.28708,-81.73039
45743,39.07530,-81.83485
45744,39.54877,-81.49398
45745,39.60617,-81.32964
45746,39.60711,-81.45882
45750,39.42995,-81.42217
45760,39.01685,-82.12170
45761,39.42579,-82.07535
45764,39.44249,-82.23150
45766,39.32564,-82.25739
45767,39.53928,-81.12817
45768,39.42265,-81.29509
45769,39.10928,-82.05104
45770,38.98261,-81.79827
45771,38.98155,-81.89451
45772,39.14871,-81.81917
45773,39.45852,-81.26730
45775,39.08288,-82.15423
45776,39.18141,-82.02407
45778,39.35353,-81.89307
45779,38.99770,-81.96591
45780,39.36644,-82.13088
45782,39.48765,-82.08103
45784,39.38831,-81.67785
45786,39.50266,-81.65505
45787,39.46825,-81.63201
45788,39.51499,-81.36757
45789,39.55128,-81.25501
45801,40.77286,-84.03410
45804,40.70962,-84.06115
45805,40.72777,-84.16277
45806,40.67244,-84.12617
45807,40.80600,-84.17165
45808,40.83059,-83.96862
45809,40.84549,-84.18716
45810,40.78439,-83.81329
45812,40.68186,-83.81383
45813,41.19230,-84.73316
45814,40.89932,-83.63016
45816,41.00454,-83.79400
45817,40.87876,-83.88398
45819,40.62403,-84.26033
45820,40.83495,-84.08400
45821,41.22576,-84.56095
45822,40.55573,-84.59863
45826,40.43622,-84.49369
45827,40.99810,-84.29885
45828,40.48328,-84.67164
45830,40.90846,-84.09593
45831,41.11376,-84.25499
45832,40.92642,-84.73009
45833,40.83422,-84.34866
45835,40.75442,-83.69989
45836,40.79291,-83.63990
45838,40.74221,-84.47782
45840,41.02537,-83.65198
45841,40.87371,-83.74157
45843,40.77171,-83.54456
45844,40.91091,-84.28248
45845,40.33134,-84.38254
45846,40.41152,-84.74252
45849,41.01377,-84.44666
45850,40.70471,-83.91830
45851,41.03233,-84.60005
45853,40.98543,-84.19840
45854,40.75757,-83.95213
45855,41.08791,-84.58409
45856,41.11176,-83.99983
45858,41.10676,-83.80468
45859,40.68374,-83.77866
45860,40.40033,-84.51738
45861,41.08281,-84.42650
45862,40.67058,-84.51508
45863,40.90805,-84.44496
45864,41.10021,-84.13674
45865,40.39188,-84.36826
45866,40.49041,-84.55067
45867,40.89755,-83.52662
45868,40.96629,-83.84967
45869,40.45793,-84.40387
45870,40.55626,-83.95142
45871,40.48912,-84.29403
45872,41.18876,-83.68606
45873,41.11783,-84.39024
45874,40.78811,-84.67205
45875,41.01966,-84.05860
45876,40.92680,-84.34045
45877,40.95912,-83.93358
45879,41.12832,-84.56310
45880,41.07121,-84.73297
45881,40.94625,-83.78005
45882,40.68343,-84.67729
45883,40.40985,-84.62262
45884,40.55430,-84.08276
45885,40.56986,-84.39064
45886,40.99690,-84.62078
45887,40.71085,-84.36513
45888,40.60236,-84.08684
45889,41.15261,-83.63860
45890,40.97546,-83.49005
45891,40.87454,-84.57427
45894,40.75908,-84.46137
45895,40.57769,-84.15466
45896,40.60745,-83.92966
45897,40.83107,-83.65657
45898,40.74347,-84.76965
45899,40.80045,-84.77382
46001,40.25141,-85.65806
46011,40.13010,-85.76076
46012,40.15467,-85.61967
46013,40.04801,-85.68162
46016,40.09782,-85.68151
46017,40.06928,-85.60716
46030,40.15949,-86.00948
46031,40.21096,-86.01808
46032,39.96657,-86.17513
46033,39.97928,-86.08556
46034,40.12793,-86.04677
46035,40.19002,-86.67798
46036,40.29517,-85.83111
46037,39.96056,-85.94716
46038,39.96670,-86.01717
46039,40.36946,-86.31227
46040,39.92728,-85.83427
46041,40.29503,-86.49386
46044,40.21178,-85.79270
46045,40.28876,-86.14986
46047,40.28414,-85.94736
46048,39.95550,-85.80173
46049,40.29501,-86.22179
46050,40.20444,-86.34890
46051,40.05795,-85.83730
46052,40.04304,-86.45674
46055,39.88842,-85.90221
46056,39.97585,-85.61177
46057,40.33626,-86.37733
46058,40.36116,-86.64738
46060,40.06462,-85.91591
46062,40.06129,-86.05594
46063,40.27045,-85.72403
46064,39.98168,-85.73876
46065,40.42735,-86.61039
46068,40.37696,-86.11583
46069,40.13875,-86.23032
46070,40.33556,-85.66237
46071,40.11944,-86.60908
46072,40.28610,-86.06735
46074,40.03650,-86.17659
46075,40.02070,-86.33080
46076,40.35603,-85.92800
46077,39.98456,-86.28262
46103,39.68862,-86.61362
46104,39.65847,-85.60183
46105,39.76407,-86.81057
46106,39.51317,-86.20512
46107,39.71655,-86.09149
46110,39.55951,-85.91940
46111,39.53882,-86.36954
46112,39.86391,-86.38242
46113,39.63630,-86.30255
46115,39.73875,-85.56665
46117,39.81471,-85.61596
46118,39.66237,-86.51801
46120,39.51141,-86.78910
46121,39.67904,-86.67878
46122,39.77331,-86.55113
46123,39.76444,-86.40339
46124,39.37000,-85.92790
46125,39.52152,-86.64160
46126,39.61802,-85.88034
46127,39.71195,-85.31221
46128,39.65858,-86.74256
46130,39.67275,-85.83502
46131,39.47349,-86.04359
46133,39.59506,-85.31083
46135,39.65457,-86.89400
46140,39.80197,-85.77207
46142,39.62181,-86.17532
46143,39.59586,-86.11632
46144,39.65516,-85.64735
46146,39.58567,-85.56833
46147,39.97115,-86.62283
46148,39.81140,-85.51247
46149,39.88314,-86.55351
46150,39.54546,-85.60291
46151,39.45724,-86.43329
46155,39.74350,-85.42974
46156,39.48936,-85.49445
46157,39.55363,-86.52873
46158,39.57936,-86.37360
46160,39.35113,-86.26869
46161,39.67021,-85.69615
46162,39.55578,-85.95394
46163,39.73081,-85.90059
46164,39.32783,-86.12624
46165,39.84982,-86.64015
46166,39.43291,-86.58730
46167,39.87697,-86.46780
46168,39.68515,-86.39293
46171,39.52510,-86.96090
46172,39.82784,-86.81846
46173,39.60082,-85.43090
46175,39.81572,-86.96636
46176,39.52735,-85.77431
46180,39.59219,-86.61853
46181,39.37215,-86.17160
46182,39.45858,-85.66942
46183,39.65268,-86.28165
46184,39.56194,-86.07222
46186,39.89421,-85.64478
46201,39.77418,-86.10919
46202,39.78410,-86.16348
46203,39.73761,-86.09694
46204,39.77199,-86.15700
46205,39.82944,-86.13438
46208,39.81907,-86.17108
46214,39.79282,-86.29153
46216,39.86625,-86.01149
46217,39.67463,-86.19145
46218,39.80728,-86.09971
46219,39.78241,-86.04294
46220,39.86711,-86.10885
46221,39.69225,-86.23781
46222,39.79097,-86.21526
46224,39.79541,-86.25689
46225,39.74031,-86.16326
46226,39.83890,-86.05249
46227,39.67476,-86.13268
46228,39.84823,-86.20073
46229,39.78824,-85.97701
46231,39.71560,-86.32059
46234,39.81331,-86.32636
46235,39.83696,-85.97454
46236,39.89664,-85.96816
46237,39.67189,-86.07479
46239,39.72152,-85.99903
46240,39.90604,-86.12463
46241,39.73042,-86.27777
46250,39.89884,-86.05881
46254,39.84972,-86.27164
46256,39.90838,-86.01314
46259,39.65092,-85.98146
46260,39.89814,-86.17759
46268,39.89861,-86.23334
46278,39.89294,-86.29806
46280,39.93384,-86.13520
46290,39.93685,-86.16217
46301,41.69115,-86.97877
46303,41.37363,-87.47928
46304,41.61363,-87.04621
46307,41.40317,-87.32836
46310,41.17993,-87.23080
46311,41.46516,-87.50904
46312,41.64695,-87.45398
46319,41.52547,-87.42220
46320,41.69179,-87.51092
46321,41.54691,-87.50459
46322,41.54662,-87.45762
46323,41.58943,-87.45373
46324,41.58379,-87.50199
46327,41.62787,-87.49870
46340,41.38257,-86.77066
46341,41.30967,-87.21456
46342,41.51819,-87.24491
46345,41.52735,-86.69843
46346,41.47220,-86.69246
46347,41.30496,-87.00733
46348,41.31032,-86.86189
46349,41.09794,-87.41247
46350,41.60706,-86.72172
46356,41.25586,-87.42272
46360,41.68934,-86.86926
46365,41.61155,-86.54546
46366,41.21570,-86.76804
46368,41.59082,-87.18071
46371,41.68809,-86.59522
46373,41.44835,-87.46790
46374,41.20450,-86.89733
46375,41.49182,-87.44875
46376,41.18467,-87.47582
46377,41.19473,-87.33868
46379,41.16789,-87.43997
46381,41.16855,-87.32463
46382,41.46131,-86.76199
46383,41.46359,-87.00825
46385,41.46052,-87.12978
46390,41.41947,-86.88152
46391,41.55411,-86.91899
46392,41.17840,-87.04832
46393,41.50821,-87.17762
46394,41.67769,-87.48949
46402,41.59933,-87.33066
46403,41.60810,-87.26221
46404,41.58405,-87.37403
46405,41.57501,-87.26230
46406,41.60300,-87.40805
46407,41.57846,-87.33018
46408,41.54594,-87.36848
46409,41.54831,-87.32420
46410,41.48021,-87.33307
46501,41.22165,-86.24580
46502,41.25941,-85.97624
46504,41.30122,-86.11159
46506,41.46262,-86.17240
46507,41.72097,-85.81807
46508,41.15041,-85.97678
46510,41.12166,-85.87071
46511,41.21942,-86.42698
46514,41.72270,-85.97701
46516,41.67659,-85.94413
46517,41.62729,-85.99786
46524,41.30564,-86.01412
46526,41.55879,-85.87665
46528,41.60052,-85.78486
46530,41.74093,-86.12692
46531,41.35699,-86.51938
46532,41.41143,-86.61135
46534,41.28534,-86.61782
46536,41.51455,-86.29801
46537,41.45988,-86.31020
46538,41.33024,-85.82341
46539,41.16315,-86.02651
46540,41.68001,-85.69820
46542,41.39663,-85.86969
46543,41.53519,-85.67212
46544,41.61508,-86.14782
46545,41.69349,-86.14657
46550,41.44599,-86.00065
46552,41.70630,-86.48190
46553,41.47952,-85.84922
46554,41.55741,-86.41699
46555,41.32917,-85.68011
46556,41.70712,-86.25134
46561,41.66398,-86.07508
46562,41.20834,-85.68490
46563,41.35673,-86.32726
46565,41.69485,-85.57750
46567,41.41652,-85.72542
46570,41.19793,-86.12179
46571,41.57559,-85.54720
46573,41.54436,-86.06967
46574,41.48197,-86.48655
46580,41.21383,-85.86955
46582,41.28060,-85.85445
46590,41.21714,-85.81314
46595,41.52634,-86.16661
46601,41.67027,-86.25266
46613,41.65549,-86.25843
46614,41.60319,-86.27921
46615,41.67395,-86.21171
46616,41.69783,-86.26603
46617,41.68455,-86.23476
46619,41.66094,-86.35375
46628,41.72024,-86.32023
46635,41.71436,-86.20174
46637,41.73370,-86.24147
46701,41.36079,-85.43124
46702,40.83138,-85.62811
46703,41.64959,-85.00655
46704,41.10397,-85.29258
46705,41.51869,-85.05960
46706,41.34159,-85.03266
46710,41.34235,-85.24214
46711,40.66195,-84.92688
46714,40.72265,-85.17653
46721,41.42310,-84.87665
46723,41.24582,-85.32675
46725,41.14854,-85.47577
46730,41.45844,-85.15160
46731,40.79354,-85.09963
46732,41.37957,-85.62239
46733,40.82823,-84.94004
46737,41.71958,-84.92969
46738,41.31891,-85.14887
46740,40.60428,-84.96476
46741,41.21699,-84.95117
46742,41.54859,-84.87909
46743,41.21536,-84.85112
46745,40.95166,-85.00942
46746,41.72535,-85.34493
46747,41.56569,-85.15803
46748,41.24858,-85.16115
46750,40.87846,-85.49640
46755,41.44928,-85.27513
46759,40.60393,-85.17850
46760,41.34549,-85.55269
46761,41.63436,-85.37751
46763,41.30143,-85.23269
46764,41.22439,-85.62041
46765,41.23249,-85.04926
46766,40.70882,-85.28864
46767,41.47084,-85.57041
46770,40.83768,-85.32425
46771,41.69430,-85.29615
46772,40.72151,-84.91372
46773,40.98215,-84.87560
46774,41.08921,-84.97237
46776,41.72119,-85.16593
46777,40.86914,-85.14758
46779,41.57728,-85.03949
46781,40.63238,-85.26889
46783,40.96926,-85.35731
46784,41.50046,-85.38842
46785,41.32320,-84.87776
46786,41.53204,-85.27237
46787,41.06625,-85.61972
46788,41.27293,-84.90803
46791,40.83782,-85.23210
46792,40.68432,-85.44333
46793,41.45229,-85.01529
46794,41.46219,-85.45220
46795,41.55891,-85.32735
46797,41.12839,-84.85899
46798,40.93858,-85.21471
46799,40.91150,-85.28575
46802,41.06930,-85.16516
46803,41.06987,-85.08854
46804,41.05292,-85.24165
46805,41.10011,-85.11771
46806,41.04682,-85.08837
46807,41.04489,-85.14760
46808,41.09775,-85.17713
46809,40.99868,-85.20619
46814,41.05088,-85.29923
46815,41.10277,-85.05872
46816,41.00079,-85.03618
46818,41.15586,-85.25301
46819,40.97459,-85.13359
46825,41.15225,-85.12687
46835,41.15296,-85.04075
46845,41.21201,-85.10880
46901,40.53127,-86.16954
46902,40.43727,-86.09455
46910,41.04384,-86.03636
46911,40.63742,-85.94582
46913,40.50300,-86.50347
46914,40.62860,-86.09477
46915,40.47773,-86.38659
46917,40.62687,-86.47505
46919,40.59416,-85.86964
46920,40.46440,-86.49483
46922,41.13819,-86.41343
46923,40.60754,-86.64414
46926,40.88794,-86.04999
46928,40.40590,-85.68230
46929,40.55475,-86.47639
46930,40.40725,-85.57157
46931,40.94754,-86.26427
46932,40.59724,-86.25047
46933,40.47984,-85.58229
46936,40.48430,-85.92778
46938,40.45965,-85.62694
46939,40.99288,-86.40054
46940,40.69091,-85.68923
46941,40.82312,-85.68893
46943,40.97539,-85.84293
46946,41.04042,-85.72844
46947,40.75992,-86.37611
46950,40.88820,-86.36495
46951,40.94757,-86.10539
46952,40.59943,-85.62923
46953,40.51941,-85.64505
46957,40.38830,-85.49596
46958,40.82193,-86.11701
46959,40.62084,-86.10719
46960,41.16135,-86.53555
46961,40.76651,-86.19169
46962,40.98851,-85.76837
46967,40.69468,-86.19511
46968,41.17534,-86.54636
46970,40.76013,-86.06147
46974,40.95191,-85.93352
46975,41.07501,-86.25146
46978,40.85663,-86.51250
46979,40.42950,-86.27587
46982,41.06330,-85.88291
46984,40.66777,-85.83013
46985,40.95079,-86.57388
46986,40.49794,-85.81928
46987,40.56881,-85.76536
46988,40.87712,-86.23474
46989,40.44864,-85.48137
46990,40.89734,-85.73138
46991,40.62804,-85.51421
46992,40.78731,-85.82643
46994,40.66731,-86.25450
46996,41.06201,-86.65797
46998,40.56761,-86.34967
47001,39.07265,-84.96553
47003,39.55969,-84.83426
47006,39.29200,-85.21588
47010,39.50158,-84.84872
47011,38.88162,-85.07613
47012,39.42730,-84.98349
47016,39.37222,-84.89026
47017,38.93552,-85.18593
47018,38.99685,-85.08662
47020,38.81735,-84.93475
47022,39.20492,-84.95176
47023,39.08055,-85.38187
47024,39.47687,-85.19904
47025,39.16554,-84.86632
47030,39.42420,-85.13257
47031,39.12424,-85.15645
47032,39.08691,-85.04367
47034,39.20398,-85.32747
47035,39.30922,-84.90554
47036,39.39120,-85.24580
47037,39.16948,-85.32566
47038,38.85031,-84.84994
47040,38.92206,-84.94103
47041,39.23405,-85.08377
47042,39.01944,-85.25511
47043,38.79037,-85.09099
47060,39.30141,-84.88569
47102,38.76501,-85.79274
47104,38.53983,-85.41986
47106,38.46430,-85.89985
47108,38.64003,-86.24853
47110,38.09885,-86.18504
47111,38.46628,-85.63249
47112,38.19552,-86.16250
47114,38.28582,-86.08456
47115,38.34895,-86.20996
47116,38.32422,-86.62200
47117,38.10662,-85.96738
47118,38.29763,-86.49663
47119,38.37195,-85.88152
47120,38.46036,-86.18872
47122,38.30596,-85.98484
47123,38.26713,-86.47937
47124,38.37149,-86.01061
47125,38.46360,-86.31314
47126,38.54725,-85.77621
47129,38.31313,-85.76860
47130,38.33241,-85.69609
47135,38.04882,-86.07435
47136,38.23470,-85.96557
47137,38.16812,-86.39048
47138,38.68247,-85.58469
47140,38.38430,-86.37069
47141,38.54796,-85.61212
47142,38.07920,-86.21389
47143,38.46862,-85.76815
47145,38.32988,-86.30658
47147,38.59223,-85.54393
47150,38.28358,-85.84759
47160,38.16445,-86.05100
47161,38.32180,-86.10359
47162,38.54586,-85.46004
47163,38.53307,-85.66984
47164,38.41317,-86.09579
47165,38.50345,-86.00700
47166,38.31308,-86.16648
47167,38.61146,-86.09591
47170,38.68520,-85.84406
47172,38.39951,-85.77425
47175,38.37659,-86.56802
47177,38.58973,-85.79176
47201,39.15887,-85.99320
47203,39.23042,-85.83226
47220,38.87633,-86.04907
47223,39.05007,-85.47203
47224,38.88803,-85.21509
47226,39.28246,-85.86911
47227,38.86759,-85.65416
47229,38.80711,-85.86484
47230,38.79238,-85.62512
47231,38.90091,-85.49461
47232,39.11092,-85.79084
47234,39.37737,-85.76788
47235,38.99175,-86.13610
47240,39.30603,-85.47842
47243,38.66870,-85.48224
47244,39.21904,-85.70154
47246,39.29925,-85.76700
47247,39.05953,-85.88814
47250,38.81531,-85.35114
47260,38.83674,-86.19775
47263,39.30944,-85.33018
47264,38.97903,-86.25074
47265,39.01485,-85.63005
47270,38.83934,-85.72286
47272,39.41101,-85.62141
47273,39.07579,-85.73685
47274,38.96651,-85.93772
47280,39.29659,-85.95052
47281,38.78853,-86.10634
47282,38.98235,-85.61073
47283,39.17369,-85.58875
47302,40.12692,-85.38248
47303,40.27164,-85.37777
47304,40.23633,-85.45981
47305,40.19410,-85.38594
47306,40.20255,-85.40513
47320,40.27170,-85.27280
47324,39.74117,-84.85174
47325,39.69116,-85.02024
47326,40.54868,-84.96727
47327,39.82743,-85.17510
47330,39.78625,-85.02226
47331,39.62408,-85.15734
47334,40.11868,-85.52459
47335,39.81254,-85.20517
47336,40.38667,-85.21036
47337,39.80244,-85.43731
47338,40.34242,-85.33742
47339,39.93878,-85.07913
47340,40.18076,-85.13366
47341,39.97232,-84.89173
47342,40.32858,-85.50798
47344,39.87831,-85.46537
47345,39.89386,-85.06018
47346,39.93164,-85.16819
47348,40.46621,-85.34037
47351,39.90635,-85.52213
47352,39.79572,-85.36706
47353,39.62311,-84.92515
47354,40.04084,-85.19254
47355,40.04417,-84.92705
47356,40.03146,-85.50742
47357,39.75136,-85.14692
47358,40.05734,-85.11296
47359,40.55128,-85.28367
47360,40.01127,-85.25820
47361,40.00419,-85.38506
47362,39.93046,-85.36958
47367,40.08265,-85.38722
47368,40.18220,-85.19419
47369,40.50734,-85.14206
47371,40.41904,-84.96281
47373,40.33750,-85.16081
47374,39.83108,-84.88971
47380,40.28675,-85.03003
47381,40.38179,-84.86688
47382,40.23637,-84.91749
47383,40.14186,-85.26612
47384,39.90924,-85.55089
47385,39.83293,-85.44601
47386,40.05507,-85.38565
47387,39.83846,-85.29853
47388,40.00564,-85.44344
47390,40.20567,-84.84641
47393,39.96300,-85.00369
47394,40.16797,-84.98731
47396,40.18918,-85.51718
47401,39.10230,-86.44281
47403,39.08522,-86.61234
47404,39.21953,-86.59114
47405,39.16821,-86.51861
47406,39.17780,-86.51545
47408,39.22982,-86.46725
47420,38.91316,-86.54892
47421,38.86349,-86.45223
47424,39.02005,-86.88243
47427,39.23283,-87.01614
47429,39.27330,-86.61594
47431,39.23660,-86.90294
47432,38.48553,-86.64191
47433,39.35579,-86.64155
47434,39.01191,-86.54729
47436,38.95415,-86.38598
47437,38.71474,-86.67697
47438,39.15847,-87.18750
47441,39.04448,-87.16577
47443,38.95830,-87.10006
47446,38.74720,-86.51814
47448,39.17953,-86.23551
47449,38.92713,-87.00347
47451,38.89296,-86.52355
47452,38.64714,-86.43343
47453,38.93999,-86.77131
47454,38.51002,-86.45182
47455,39.31650,-86.95615
47456,39.46524,-86.69133
47457,38.90914,-86.90475
47458,39.07033,-86.50723
47459,39.11360,-86.75063
47460,39.28597,-86.79202
47462,38.95833,-86.64756
47464,39.29980,-86.64997
47465,39.04797,-87.03487
47467,38.76786,-86.34438
47468,39.27083,-86.39248
47469,38.63757,-86.59916
47470,38.81826,-86.63713
47471,39.14330,-87.00517
47501,38.66206,-87.17365
47512,38.78352,-87.32065
47513,38.30422,-86.71412
47514,38.15620,-86.58621
47515,38.18391,-86.70398
47516,38.77101,-87.41926
47519,38.60271,-86.99269
47520,37.94495,-86.66826
47521,38.40849,-86.72102
47522,38.89232,-86.81673
47523,38.17879,-87.02576
47524,38.49477,-87.61089
47525,38.03236,-86.55970
47527,38.46886,-86.78592
47528,38.83317,-87.25335
47529,38.85497,-87.08000
47531,38.03971,-86.85143
47532,38.22135,-86.86056
47535,38.87235,-87.30767
47536,38.11229,-86.83652
47537,38.07417,-87.03613
47541,38.23528,-87.04616
47542,38.29659,-86.96660
47546,38.41874,-86.93260
47550,38.06718,-86.92131
47551,38.11411,-86.56957
47552,38.11455,-86.99968
47553,38.66063,-86.90400
47557,38.57883,-87.34278
47558,38.64614,-87.04044
47561,38.86391,-87.43833
47562,38.83313,-86.97354
47564,38.48304,-87.09383
47567,38.46271,-87.30502
47568,38.76409,-87.10243
47574,37.95004,-86.56213
47575,38.31781,-86.80446
47576,38.17698,-86.61735
47577,38.14997,-86.80847
47578,38.90234,-87.19352
47579,38.11219,-86.91523
47580,38.35520,-86.76716
47581,38.65569,-86.76260
47584,38.25550,-87.25953
47585,38.26835,-87.15808
47586,38.03908,-86.70199
47588,38.07239,-86.77840
47590,38.36058,-87.10035
47591,38.62856,-87.50149
47596,38.86650,-87.22773
47597,38.65445,-87.29874
47598,38.38694,-87.21290
47601,38.05144,-87.25453
47610,38.06532,-87.40953
47611,38.02792,-87.05746
47612,38.19303,-87.69924
47613,38.15895,-87.41747
47615,37.96966,-86.96382
47616,38.24226,-87.88856
47619,38.18374,-87.30815
47620,37.93189,-87.90570
47630,37.95290,-87.34647
47631,38.10913,-87.90179
47633,38.17591,-87.78789
47634,37.93947,-87.18245
47635,37.88346,-87.10091
47637,38.13572,-87.15133
47638,38.06438,-87.77764
47639,38.17614,-87.57294
47640,38.47818,-87.48403
47648,38.24865,-87.55088
47649,38.35348,-87.45121
47654,38.24953,-87.39232
47660,38.29607,-87.32813
47665,38.27667,-87.72267
47666,38.41780,-87.60047
47670,38.34490,-87.58479
47683,38.27535,-87.37703
47708,37.97462,-87.57327
47710,38.02551,-87.57581
47711,38.01530,-87.53674
47712,37.92646,-87.66553
47713,37.95453,-87.55917
47714,37.95661,-87.52129
47715,37.97243,-87.47965
47720,38.06290,-87.64157
47725,38.10633,-87.52494
47802,39.35159,-87.40488
47803,39.46609,-87.30732
47804,39.49781,-87.38995
47805,39.54627,-87.32648
47807,39.47293,-87.40342
47809,39.47125,-87.41011
47832,39.88088,-87.25843
47833,39.35862,-86.97526
47834,39.52561,-87.12219
47836,39.64610,-87.17908
47837,39.62722,-87.11491
47838,38.96177,-87.38368
47840,39.40805,-87.05651
47841,39.27390,-87.11410
47842,39.67858,-87.46360
47846,39.38148,-87.19377
47847,39.83134,-87.48583
47848,39.04204,-87.26197
47849,39.19530,-87.56374
47850,39.25193,-87.43578
47853,39.53820,-87.07283
47854,39.80302,-87.40306
47855,39.18983,-87.30410
47857,39.52413,-87.09114
47858,39.26217,-87.22459
47859,39.88184,-87.17220
47860,39.72186,-87.33027
47861,39.07346,-87.57036
47862,39.76709,-87.34237
47863,39.58913,-87.45435
47865,39.02100,-87.39143
47866,39.29364,-87.32508
47868,39.41107,-86.90259
47869,39.27377,-87.49679
47871,39.38968,-87.29988
47872,39.75354,-87.15311
47874,39.62850,-87.27075
47876,39.51655,-87.45830
47879,39.19769,-87.37871
47880,39.59975,-87.41884
47881,39.48590,-87.19239
47882,39.09132,-87.41085
47884,39.61241,-87.44809
47885,39.51047,-87.47675
47901,40.41778,-86.88963
47904,40.43863,-86.87692
47905,40.42014,-86.76599
47906,40.47965,-86.98922
47907,40.42439,-86.91549
47909,40.32456,-86.89630
47916,39.98354,-87.05534
47917,40.46684,-87.47343
47918,40.29868,-87.19800
47920,40.54076,-86.83386
47921,40.47714,-87.37539
47922,40.87695,-87.34891
47923,40.61040,-86.94000
47924,40.48795,-86.76285
47925,40.87828,-86.74840
47926,40.78038,-86.59552
47928,39.92134,-87.47231
47929,40.67016,-86.91276
47930,40.23709,-86.74236
47932,40.13433,-87.41524
47933,40.03891,-86.89685
47940,40.11758,-86.74664
47941,40.37613,-86.77397
47942,40.68628,-87.44430
47943,41.06338,-87.27345
47944,40.61592,-87.32970
47946,40.98174,-86.86842
47948,40.77701,-87.28173
47949,40.06054,-87.13733
47950,40.80244,-86.65486
47951,40.78925,-87.44443
47952,39.95965,-87.29912
47954,39.89990,-86.81878
47955,40.19347,-86.86670
47957,41.08615,-86.87473
47958,40.16428,-87.14404
47959,40.86257,-86.90069
47960,40.77902,-86.75102
47963,40.98417,-87.43193
47964,40.95212,-87.29864
47965,39.95447,-86.92019
47966,39.88582,-87.39698
47967,40.19668,-87.00163
47968,39.95952,-86.74996
47969,40.20574,-87.14885
47970,40.46212,-87.14305
47971,40.53202,-87.23392
47974,40.04292,-87.48036
47975,40.44911,-87.25328
47977,40.75592,-87.16460
47978,40.98617,-87.11298
47980,40.75229,-86.90935
47981,40.25149,-86.94473
47982,40.19735,-87.52707
47983,40.27913,-86.76729
47987,40.12579,-87.23303
47989,39.89035,-87.04904
47990,40.06183,-87.05428
47991,40.28444,-87.46308
47992,40.31937,-87.04900
47993,40.30901,-87.41271
47994,40.16925,-87.06213
47995,40.76119,-87.03011
47997,40.66770,-86.72360
48001,42.63920,-82.58166
48002,42.93504,-82.91649
48003,42.93024,-83.03999
48005,42.85592,-82.91238
48006,43.08302,-82.69103
48009,42.54405,-83.21765
48014,43.02572,-82.93155
48015,42.48049,-83.02718
48017,42.53669,-83.15036
48021,42.46608,-82.94634
48022,43.02340,-82.80240
48023,42.70439,-82.65885
48025,42.52036,-83.26482
48026,42.53763,-82.94674
48027,42.94429,-82.69404
48028,42.58021,-82.61662
48030,42.46192,-83.09768
48032,43.13320,-82.59695
48033,42.45932,-83.29321
48034,42.49693,-83.29109
48035,42.55660,-82.90759
48036,42.59705,-82.91314
48038,42.60620,-82.93747
48039,42.69291,-82.54648
48040,42.91031,-82.48060
48041,42.93726,-82.80954
48042,42.68362,-82.90949
48043,42.59806,-82.88151
48044,42.65023,-82.92891
48045,42.58710,-82.81724
48047,42.67391,-82.77409
48048,42.74570,-82.79588
48049,43.04050,-82.57108
48050,42.78754,-82.79947
48051,42.69364,-82.82100
48054,42.77036,-82.52898
48059,43.08728,-82.49449
48060,42.98039,-82.46102
48062,42.85249,-82.79647
48063,42.85933,-82.68311
48064,42.76462,-82.66678
48065,42.84535,-83.03940
48066,42.50759,-82.93658
48067,42.49056,-83.13752
48069,42.47134,-83.14412
48070,42.48190,-83.16809
48071,42.50726,-83.10337
48072,42.49790,-83.18586
48073,42.51921,-83.16437
48074,42.95022,-82.56155
48075,42.46206,-83.23040
48076,42.49751,-83.23086
48079,42.85885,-82.54840
48080,42.46442,-82.89617
48081,42.49467,-82.89504
48082,42.52802,-82.88720
48083,42.55702,-83.11686
48084,42.56063,-83.17570
48085,42.60403,-83.12211
48088,42.51564,-82.98299
48089,42.46807,-82.99383
48091,42.46816,-83.05800
48092,42.51364,-83.05907
48093,42.51589,-83.01648
48094,42.73456,-83.05154
48095,42.77874,-83.04807
48096,42.76215,-82.92047
48097,43.12195,-82.82742
48098,42.59843,-83.17845
48101,42.25947,-83.21039
48103,42.26135,-83.84646
48104,42.26349,-83.71512
48105,42.32763,-83.69644
48108,42.22169,-83.73228
48109,42.28919,-83.70878
48111,42.17731,-83.48844
48114,42.57176,-83.74960
48116,42.50367,-83.78106
48117,42.05026,-83.41019
48118,42.31220,-84.03410
48120,42.30791,-83.17454
48122,42.27861,-83.18225
48124,42.29804,-83.24761
48125,42.27733,-83.26483
48126,42.32579,-83.18321
48127,42.33579,-83.28330
48128,42.32041,-83.25997
48130,42.36414,-83.90936
48131,41.96648,-83.66942
48133,41.78238,-83.48603
48134,42.10670,-83.29615
48135,42.32438,-83.34121
48137,42.47198,-84.07457
48138,42.13398,-83.15392
48139,42.45245,-83.80605
48140,41.88218,-83.58051
48141,42.29395,-83.32030
48143,42.45998,-83.85197
48144,41.75249,-83.62870
48145,41.84425,-83.45997
48146,42.24329,-83.18126
48150,42.37160,-83.37679
48152,42.42493,-83.37426
48154,42.39718,-83.37232
48157,41.81463,-83.43820
48158,42.15570,-84.02924
48159,42.01916,-83.54796
48160,42.07823,-83.67507
48161,41.90718,-83.47249
48162,41.96043,-83.42932
48164,42.12457,-83.38687
48165,42.50156,-83.61692
48166,41.98280,-83.29471
48167,42.43243,-83.52436
48168,42.40526,-83.54050
48169,42.46193,-83.94738
48170,42.36769,-83.53431
48173,42.07368,-83.21277
48174,42.23430,-83.39432
48176,42.13684,-83.82925
48177,41.80396,-83.58093
48178,42.44377,-83.65691
48179,42.03509,-83.25544
48180,42.22528,-83.26769
48182,41.78986,-83.58385
48183,42.13146,-83.21779
48184,42.27448,-83.39562
48185,42.33390,-83.38421
48186,42.29376,-83.37074
48187,42.32557,-83.48358
48188,42.28388,-83.48198
48189,42.41234,-83.78285
48190,42.13154,-83.59381
48191,42.12115,-83.56568
48192,42.20846,-83.16150
48193,42.17328,-83.20984
48195,42.20469,-83.20586
48197,42.19403,-83.63998
48198,42.27508,-83.58634
48201,42.34702,-83.06019
48202,42.37479,-83.07772
48203,42.42074,-83.10434
48204,42.36581,-83.14293
48205,42.43317,-82.98117
48206,42.37512,-83.10790
48207,42.34968,-83.01872
48208,42.34849,-83.09194
48209,42.30608,-83.11765
48210,42.33622,-83.12833
48211,42.38134,-83.04573
48212,42.40944,-83.05595
48213,42.39793,-82.99521
48214,42.36512,-82.98764
48215,42.37504,-82.95432
48216,42.32652,-83.07879
48217,42.27765,-83.15508
48218,42.27271,-83.12667
48219,42.42533,-83.25143
48220,42.45806,-83.13519
48221,42.42700,-83.14861
48223,42.39345,-83.24633
48224,42.41069,-82.94127
48225,42.43901,-82.92949
48226,42.33175,-83.05006
48227,42.38725,-83.19259
48228,42.35545,-83.21701
48229,42.25056,-83.14287
48230,42.38240,-82.92184
48233,42.32370,-83.06166
48234,42.43118,-83.03952
48235,42.42706,-83.19480
48236,42.42537,-82.89319
48237,42.46497,-83.18237
48238,42.39629,-83.14136
48239,42.37719,-83.28289
48240,42.42446,-83.30130
48242,42.21351,-83.35612
48243,42.32997,-83.03951
48301,42.54240,-83.28217
48302,42.58522,-83.29354
48304,42.58894,-83.23323
48306,42.72433,-83.14731
48307,42.65932,-83.12268
48309,42.65721,-83.18658
48310,42.56343,-83.06840
48312,42.55823,-83.00893
48313,42.60098,-83.00330
48314,42.61207,-83.05349
48315,42.67184,-82.99740
48316,42.69018,-83.05724
48317,42.64425,-83.05154
48320,42.61194,-83.33809
48322,42.53782,-83.38453
48323,42.57080,-83.37791
48324,42.59502,-83.39123
48326,42.68825,-83.24407
48327,42.63830,-83.41067
48328,42.65016,-83.36318
48329,42.68702,-83.38862
48331,42.50249,-83.40894
48334,42.50469,-83.34920
48335,42.46286,-83.40503
48336,42.46314,-83.34727
48340,42.67214,-83.28794
48341,42.62734,-83.29614
48342,42.64226,-83.27341
48346,42.71789,-83.42871
48348,42.76858,-83.40444
48350,42.73942,-83.53104
48353,42.64615,-83.71441
48356,42.65441,-83.59291
48357,42.65857,-83.64656
48359,42.72077,-83.27550
48360,42.74736,-83.26100
48362,42.78235,-83.26942
48363,42.77248,-83.16250
48367,42.83623,-83.13690
48370,42.84288,-83.20037
48371,42.84097,-83.29153
48374,42.47384,-83.51998
48375,42.46414,-83.46396
48377,42.50537,-83.47358
48380,42.58299,-83.66684
48381,42.55841,-83.59179
48382,42.59240,-83.50637
48383,42.65561,-83.52582
48386,42.66018,-83.47997
48390,42.55071,-83.47422
48393,42.52184,-83.54509
48397,42.49502,-83.04103
48401,43.34734,-82.67059
48411,42.93420,-83.52955
48412,43.07043,-83.17555
48413,43.79851,-82.99417
48414,42.86169,-84.07985
48415,43.27188,-83.80810
48416,43.21707,-82.98495
48417,43.26128,-83.93919
48418,42.79429,-83.96989
48419,43.43581,-82.66043
48420,43.17910,-83.70051
48421,43.15550,-83.39319
48422,43.26147,-82.65370
48423,43.03861,-83.51095
48426,43.51149,-83.05735
48427,43.53564,-82.72548
48428,42.93820,-83.15445
48429,42.90280,-84.00405
48430,42.75821,-83.74368
48432,43.89870,-82.97207
48433,43.07535,-83.86723
48434,43.66189,-82.61178
48435,43.24538,-83.35934
48436,42.86530,-83.87680
48437,43.11575,-83.61280
48438,42.91366,-83.48417
48439,42.91640,-83.62937
48440,42.95072,-83.41236
48441,43.79789,-82.70863
48442,42.78869,-83.60632
48444,43.05849,-83.04520
48445,43.95022,-82.99056
48446,43.05374,-83.33870
48449,42.99145,-83.94477
48450,43.25864,-82.54225
48451,42.80118,-83.81917
48453,43.34814,-83.03257
48454,43.19501,-82.81272
48455,42.93795,-83.29078
48456,43.66697,-82.76221
48457,43.18680,-83.89517
48458,43.12530,-83.68155
48460,43.13061,-83.98500
48461,43.19366,-83.20616
48462,42.84844,-83.42125
48463,43.16580,-83.51930
48464,43.22035,-83.42247
48465,43.60800,-82.70777
48466,43.28051,-82.80888
48467,44.01536,-82.98242
48468,43.93841,-82.77518
48469,43.44147,-82.55818
48470,43.73513,-82.75106
48471,43.41942,-82.85208
48472,43.51232,-82.96321
48473,42.93706,-83.82045
48475,43.67316,-82.94799
48476,42.93871,-84.03005
48502,43.01373,-83.68838
48503,42.99991,-83.70889
48504,43.05472,-83.74375
48505,43.07031,-83.68612
48506,43.06747,-83.62439
48507,42.96697,-83.71736
48509,43.02394,-83.60472
48519,42.98191,-83.60494
48529,42.97034,-83.65859
48532,43.01107,-83.79488
48551,42.98101,-83.71692
48553,42.97785,-83.72355
48554,42.97588,-83.79074
48601,43.40595,-83.89400
48602,43.42003,-83.97447
48603,43.45879,-84.02947
48604,43.49976,-83.96908
48607,43.43241,-83.93383
48609,43.38962,-84.08317
48610,44.14169,-84.19219
48611,43.63415,-84.09721
48612,43.88302,-84.43943
48613,43.96278,-84.17802
48614,43.25099,-84.29804
48615,43.42981,-84.47481
48616,43.19107,-84.11346
48617,43.85131,-84.71730
48618,43.73678,-84.55671
48619,44.81974,-84.02061
48621,44.73690,-84.01243
48622,43.84084,-84.88127
48623,43.52008,-84.13284
48624,44.06109,-84.45737
48625,44.05214,-84.83744
48626,43.42137,-84.22144
48627,44.46192,-84.75020
48628,43.78412,-84.32837
48629,44.31224,-84.78470
48630,44.32479,-84.77250
48631,43.68865,-83.99590
48632,43.85839,-85.02053
48633,43.93697,-84.93106
48634,43.74764,-84.05618
48635,44.38717,-83.99443
48636,44.60198,-84.29943
48637,43.41371,-84.33557
48638,43.41893,-84.01824
48640,43.58217,-84.33723
48642,43.71319,-84.23642
48647,44.65812,-84.11307
48649,43.15046,-84.21743
48650,43.84896,-83.99737
48651,44.25478,-84.61481
48652,43.86020,-84.19688
48653,44.49094,-84.59945
48654,44.45742,-84.13732
48655,43.29455,-84.15960
48656,44.34166,-84.45100
48657,43.70613,-84.41616
48658,43.97534,-83.93680
48659,44.06555,-84.05078
48661,44.31841,-84.23621
48662,43.40994,-84.41681
48667,43.60209,-84.23332
48701,43.58688,-83.55783
48703,44.06364,-83.67591
48705,44.69583,-83.65649
48706,43.59962,-83.95050
48708,43.55706,-83.84968
48710,43.55651,-83.98767
48720,43.83891,-83.34207
48721,44.80811,-83.33948
48722,43.34672,-83.84476
48723,43.48492,-83.38953
48724,43.45681,-83.92824
48725,43.94396,-83.20959
48726,43.60739,-83.16802
48727,43.31334,-83.17464
48728,44.73239,-83.82278
48729,43.49594,-83.17378
48730,44.34349,-83.45568
48731,43.84363,-83.15105
48732,43.61233,-83.78982
48733,43.53410,-83.59311
48734,43.35756,-83.74851
48735,43.66759,-83.27088
48737,44.54569,-83.68521
48738,44.55043,-83.33119
48739,44.37045,-83.84493
48740,44.66389,-83.37202
48741,43.40248,-83.17987
48742,44.74272,-83.43567
48743,44.44112,-83.86315
48744,43.34804,-83.35926
48745,44.56370,-83.48403
48746,43.25928,-83.55017
48747,43.51888,-83.76493
48748,44.34575,-83.60263
48749,44.05394,-83.90095
48750,44.45293,-83.46653
48754,43.73326,-83.23102
48755,43.79150,-83.24562
48756,44.23375,-83.97338
48757,43.46986,-83.67631
48759,43.73048,-83.38590
48760,43.32305,-83.25501
48761,44.51092,-83.89171
48762,44.82166,-83.46162
48763,44.25509,-83.61490
48765,44.15156,-83.71795
48766,44.10572,-83.83939
48767,43.65052,-83.46315
48768,43.37083,-83.57754
48770,44.25118,-83.81418
48801,43.37410,-84.67754
48806,43.18689,-84.50016
48807,43.15048,-84.40201
48808,42.82884,-84.44478
48809,43.07530,-85.25796
48811,43.18135,-84.85362
48813,42.57977,-84.84589
48815,42.83437,-85.25858
48816,42.76501,-83.95598
48817,43.01395,-84.04288
48818,43.27269,-84.89033
48819,42.54740,-84.28099
48820,42.86391,-84.59230
48821,42.64117,-84.64742
48822,42.83528,-84.76313
48823,42.76406,-84.45992
48825,42.72760,-84.48142
48827,42.50932,-84.66044
48829,43.39820,-85.01538
48831,43.09622,-84.37247
48832,43.41188,-84.77658
48834,43.13258,-85.03211
48835,43.02490,-84.74906
48836,42.66932,-84.07658
48837,42.74701,-84.77103
48838,43.18284,-85.25839
48840,42.76314,-84.37936
48841,43.11220,-84.23932
48842,42.63352,-84.53808
48843,42.57558,-83.92338
48845,43.10244,-84.84590
48846,42.98613,-85.05789
48847,43.27323,-84.57558
48848,42.88770,-84.35370
48849,42.80631,-85.12454
48850,43.43527,-85.24606
48851,42.95105,-84.93640
48852,43.35169,-85.04607
48853,43.09996,-84.68851
48854,42.58170,-84.45161
48855,42.68127,-83.89720
48856,43.19719,-84.73350
48857,42.84095,-84.15561
48858,43.61603,-84.79546
48860,43.05297,-84.92172
48861,42.73251,-84.92503
48864,42.70417,-84.39214
48865,43.09052,-85.10462
48866,42.99755,-84.37641
48867,43.00272,-84.18898
48870,43.11041,-84.98475
48871,43.15665,-84.67381
48872,42.79865,-84.22310
48873,42.99684,-84.84418
48874,43.18645,-84.59494
48875,42.86081,-84.94145
48876,42.64429,-84.73122
48877,43.40373,-84.84080
48878,43.70609,-84.77986
48879,43.00308,-84.57736
48880,43.45886,-84.57836
48881,42.93312,-85.20158
48883,43.54373,-84.67389
48884,43.20984,-85.04921
48885,43.24291,-85.14794
48886,43.41572,-85.15969
48888,43.31482,-85.10607
48889,43.28507,-84.80690
48890,42.76687,-84.96636
48891,43.39535,-84.91151
48892,42.63274,-84.16686
48893,43.68554,-84.97505
48894,42.92150,-84.78591
48895,42.68892,-84.27978
48896,43.52128,-84.90103
48897,42.70390,-85.13035
48906,42.78803,-84.58943
48910,42.69918,-84.51995
48911,42.67301,-84.57142
48912,42.73836,-84.52402
48915,42.73795,-84.57094
48917,42.72524,-84.63954
48921,42.72128,-84.56079
48933,42.73200,-84.55468
49001,42.26454,-85.56154
49002,42.19531,-85.56299
49004,42.35234,-85.56497
49006,42.29252,-85.63147
49007,42.30259,-85.58819
49008,42.26384,-85.61705
49009,42.30362,-85.69803
49010,42.53331,-85.87477
49011,42.11014,-85.21870
49012,42.36817,-85.34422
49013,42.30552,-86.10804
49014,42.31455,-85.10625
49015,42.27106,-85.22861
49017,42.40137,-85.21593
49021,42.46043,-85.05474
49022,42.11213,-86.35905
49024,42.20651,-85.61800
49026,42.37686,-85.96344
49027,42.35033,-86.06739
49028,41.85147,-85.19023
49029,42.14241,-85.10031
49030,41.86595,-85.33888
49031,41.90353,-85.97678
49032,41.91149,-85.52287
49033,42.22750,-85.08871
49034,42.23353,-85.34121
49036,41.90548,-85.03128
49037,42.33005,-85.24492
49038,42.20282,-86.32087
49040,41.96209,-85.33089
49042,41.85938,-85.66939
49043,42.28599,-86.26850
49045,42.10210,-85.99912
49046,42.51918,-85.38798
49047,41.99970,-86.11868
49048,42.27427,-85.49308
49050,42.50430,-85.24570
49051,42.17667,-85.23661
49052,42.10575,-85.32182
49053,42.28924,-85.41675
49055,42.36847,-85.85781
49056,42.39838,-86.05608
49057,42.18195,-86.16294
49058,42.63642,-85.29969
49060,42.42354,-85.38597
49061,41.87354,-85.81524
49064,42.22089,-86.04911
49065,42.13827,-85.84211
49066,42.03774,-85.34150
49067,42.02417,-85.79877
49068,42.27569,-84.94082
49070,42.53933,-85.62939
49071,42.22644,-85.77552
49072,42.01200,-85.46018
49073,42.57493,-85.12619
49074,42.31747,-85.53872
49075,41.91751,-85.44860
49076,42.42863,-84.88033
49078,42.47251,-85.73285
49079,42.24016,-85.90807
49080,42.45643,-85.58834
49082,41.94093,-84.87654
49083,42.37811,-85.46113
49084,42.18255,-86.38206
49085,42.05428,-86.46260
49087,42.12422,-85.70069
49088,42.17974,-85.42256
49089,42.00489,-85.23601
49090,42.40743,-86.21454
49091,41.81818,-85.45559
49092,42.09887,-84.97874
49093,41.97283,-85.64993
49094,42.05030,-85.11357
49095,41.90995,-85.90102
49096,42.64518,-85.02122
49097,42.12197,-85.48744
49098,42.16389,-86.23999
49099,41.79326,-85.67175
49101,41.93720,-86.48268
49102,41.94923,-86.25208
49103,41.94630,-86.37647
49104,41.96370,-86.35897
49106,41.93828,-86.55477
49107,41.84491,-86.41764
49111,42.02270,-86.29113
49112,41.79603,-86.03054
49113,41.80110,-86.50378
49115,41.87817,-86.63393
49116,41.85331,-86.66343
49117,41.78167,-86.72684
49119,41.87417,-86.54925
49120,41.83281,-86.23082
49125,41.89190,-86.57941
49126,42.03252,-86.37181
49127,42.01081,-86.51528
49128,41.82041,-86.60050
49129,41.81548,-86.69107
49130,41.77442,-85.86035
49201,42.18840,-84.29935
49202,42.26718,-84.41085
49203,42.22183,-84.39663
49220,41.99862,-84.33741
49221,41.90235,-84.06470
49224,42.27962,-84.74688
49227,41.94978,-84.77306
49228,41.80902,-83.87560
49229,41.98701,-83.82724
49230,42.09040,-84.21730
49232,41.74037,-84.66460
49233,42.06111,-84.36250
49234,42.12704,-84.36871
49235,41.86391,-84.20092
49236,42.07603,-83.94235
49237,42.17045,-84.65149
49238,41.90223,-83.78560
49240,42.28330,-84.18138
49241,42.10784,-84.60334
49242,41.88630,-84.62270
49245,42.13937,-84.81158
49246,42.12779,-84.51244
49247,41.83762,-84.33826
49248,41.75642,-84.01118
49249,42.02933,-84.45476
49250,42.02174,-84.62622
49251,42.46635,-84.40798
49252,42.03524,-84.76540
49253,41.97478,-84.27518
49254,42.22798,-84.31643
49255,41.77120,-84.84455
49256,41.74680,-84.21447
49259,42.37459,-84.26160
49261,42.15764,-84.23600
49262,41.96361,-84.46829
49263,42.15932,-84.18462
49264,42.44623,-84.55506
49265,42.00672,-84.17529
49266,41.83975,-84.54679
49267,41.75732,-83.71943
49268,41.86870,-83.92902
49269,42.28716,-84.59359
49270,41.87367,-83.68078
49271,41.83199,-84.45309
49272,42.39476,-84.35127
49274,41.84668,-84.75978
49276,41.79458,-83.77667
49277,42.38865,-84.46934
49279,41.78080,-84.10395
49282,42.03482,-84.40294
49283,42.20743,-84.54996
49284,42.39164,-84.68830
49285,42.47655,-84.21303
49286,42.01009,-83.92787
49287,42.02303,-84.07349
49288,41.73394,-84.42959
49289,41.76808,-84.10781
49301,42.97344,-85.47700
49302,42.82154,-85.40224
49303,43.27155,-85.86063
49304,43.90782,-85.87264
49305,43.75202,-85.15111
49306,43.07483,-85.56558
49307,43.69906,-85.48919
49309,43.75979,-85.87690
49310,43.51381,-85.04746
49312,43.68845,-85.80798
49315,42.80363,-85.74198
49316,42.79377,-85.55047
49318,43.22728,-85.82043
49319,43.23009,-85.52804
49320,43.75359,-85.27547
49321,43.07361,-85.68188
49322,43.35578,-85.35122
49323,42.72855,-85.79064
49325,42.76080,-85.30173
49326,43.24618,-85.31729
49327,43.32353,-85.84531
49328,42.63368,-85.75817
49329,43.40647,-85.48488
49330,43.24154,-85.73668
49331,42.95019,-85.35199
49332,43.62306,-85.24912
49333,42.69936,-85.46180
49335,42.73850,-85.66845
49336,43.50836,-85.43566
49337,43.43701,-85.71233
49338,43.77168,-85.60230
49339,43.33136,-85.49646
49340,43.61793,-85.11077
49341,43.12414,-85.49093
49342,43.69044,-85.31559
49343,43.29723,-85.53510
49344,42.58991,-85.59130
49345,43.15392,-85.70523
49346,43.59488,-85.42113
49347,43.31553,-85.35292
49348,42.68508,-85.61007
49349,43.57534,-85.74873
49401,42.97566,-85.93929
49402,43.93319,-86.02922
49403,43.14097,-85.85777
49404,43.06344,-85.95219
49405,43.91469,-86.19124
49406,42.64234,-86.20287
49408,42.57168,-86.11624
49410,44.03204,-86.12615
49411,44.10041,-86.25176
49412,43.46846,-85.94825
49415,43.15096,-86.11431
49417,43.01934,-86.15784
49418,42.87812,-85.76793
49419,42.67696,-85.97991
49420,43.71999,-86.28231
49421,43.59953,-86.06922
49423,42.74381,-86.08370
49424,42.84382,-86.13435
49425,43.42895,-86.08920
49426,42.86332,-85.88758
49428,42.92021,-85.83884
49431,43.98580,-86.40648
49434,42.77218,-86.21026
49435,43.02445,-85.83518
49436,43.67831,-86.46611
49437,43.46360,-86.38463
49440,43.23747,-86.25340
49441,43.18295,-86.28202
49442,43.24184,-86.13572
49444,43.17868,-86.19910
49445,43.29254,-86.29388
49446,43.55140,-86.37875
49448,43.09438,-86.07164
49449,43.79362,-86.38858
49450,42.48465,-86.08191
49451,43.21307,-85.96776
49452,43.50700,-86.26021
49453,42.65952,-86.17267
49454,43.94635,-86.28506
49455,43.61029,-86.37825
49456,43.08910,-86.20687
49457,43.35148,-86.14516
49458,43.92113,-86.09516
49459,43.74139,-86.11218
49460,42.93316,-86.14535
49461,43.37625,-86.31927
49464,42.84480,-85.98480
49503,42.96212,-85.65939
49504,42.98158,-85.71070
49505,42.99648,-85.63774
49506,42.94575,-85.61384
49507,42.93066,-85.65518
49508,42.87509,-85.61930
49509,42.89776,-85.69342
49512,42.87700,-85.52209
49519,42.89574,-85.71827
49525,43.02217,-85.59212
49534,42.96444,-85.78718
49544,43.03893,-85.74657
49546,42.93291,-85.53587
49548,42.87045,-85.66260
49601,44.24596,-85.51020
49611,44.97367,-84.97446
49612,44.86492,-85.23946
49613,44.50612,-86.20689
49614,44.43503,-86.11434
49615,44.96455,-85.20663
49616,44.57993,-86.09030
49617,44.64323,-86.03175
49618,44.29346,-85.60569
49619,44.29306,-85.99121
49620,44.52353,-85.69124
49621,44.86873,-85.77035
49622,45.07741,-85.26094
49623,43.90889,-85.69182
49625,44.43345,-85.88303
49626,44.23921,-86.29078
49627,45.07563,-85.35582
49628,44.62393,-86.24016
49629,44.91899,-85.39029
49630,44.81825,-86.00930
49631,43.91271,-85.26292
49632,44.23901,-84.96789
49633,44.55869,-85.20619
49634,44.21484,-86.29030
49635,44.61726,-86.19243
49636,44.84469,-85.96231
49637,44.62162,-85.70979
49638,44.28697,-85.75567
49639,43.84701,-85.40853
49640,44.71525,-86.04869
49642,43.86890,-85.76104
49643,44.63974,-85.82894
49644,44.09887,-85.91066
49645,44.36213,-86.02937
49646,44.72448,-85.05576
49648,44.99769,-85.33881
49649,44.56337,-85.52543
49650,44.73984,-85.88715
49651,44.39052,-85.10479
49653,44.97363,-85.72395
49654,45.14618,-86.05157
49655,44.02493,-85.43205
49656,44.06782,-85.69202
49657,44.21250,-85.16916
49659,44.89551,-85.01983
49660,44.22514,-86.21020
49663,44.43532,-85.39011
49664,44.88798,-85.89864
49665,44.09520,-85.11815
49666,44.62205,-85.55414
49667,44.36333,-84.91464
49668,44.40547,-85.70266
49670,45.12700,-85.66257
49674,45.05577,-85.57828
49675,44.38416,-86.22538
49676,44.82530,-85.28834
49677,43.89473,-85.55256
49679,43.87501,-85.14579
49680,44.64600,-85.26270
49682,44.96806,-85.62685
49683,44.54052,-85.92689
49684,44.76234,-85.70357
49686,44.71367,-85.55784
49688,44.11701,-85.45038
49689,44.21323,-85.90245
49690,44.78853,-85.39960
49701,45.77133,-84.73920
49705,45.35509,-84.46099
49706,45.43827,-84.77940
49707,45.09431,-83.47621
49709,45.01527,-84.15873
49710,46.27610,-84.17673
49712,45.20926,-85.00930
49713,45.21093,-84.84226
49715,46.39742,-84.70818
49716,45.51729,-84.74814
49717,45.43497,-84.69122
49718,45.73508,-84.85983
49719,46.00562,-84.32483
49720,45.28051,-85.24505
49721,45.58226,-84.46048
49722,45.42746,-84.86232
49724,46.32764,-84.39011
49725,45.97848,-84.02078
49726,46.00374,-83.61522
49727,45.12527,-85.10582
49728,46.41159,-85.02847
49729,45.16373,-85.29300
49730,45.04403,-84.86753
49733,44.80647,-84.69664
49735,44.99809,-84.67016
49736,46.08289,-84.07518
49738,44.69833,-84.60942
49740,45.52481,-85.00835
49743,45.26696,-83.89336
49744,44.99312,-83.65710
49745,46.03979,-84.52238
49746,45.06299,-83.95106
49747,44.84965,-83.65314
49748,46.37491,-85.21288
49749,45.42574,-84.56777
49751,44.98284,-84.43017
49752,46.25415,-84.43451
49753,45.01733,-83.77706
49755,45.63459,-84.80103
49756,44.82243,-84.28183
49757,45.85621,-84.62144
49759,45.41748,-84.09609
49760,46.04055,-84.90248
49762,46.10606,-85.33613
49764,45.42417,-84.82740
49765,45.32839,-84.24252
49766,44.90830,-83.43204
49768,46.65483,-85.11703
49769,45.57081,-84.86175
49770,45.33120,-84.89714
49774,46.16245,-84.31526
49775,45.77076,-84.47796
49776,45.23220,-83.68037
49777,45.30553,-83.50714
49779,45.40769,-83.86335
49780,46.21306,-84.72854
49781,45.88428,-84.79745
49782,45.67425,-85.54271
49783,46.41690,-84.28905
49788,46.26535,-84.46505
49791,45.48675,-84.59577
49793,46.20282,-85.06338
49795,45.16068,-84.57969
49796,45.25817,-84.95649
49799,45.26243,-84.58038
49801,45.96095,-87.97661
49802,45.80059,-88.08223
49805,47.36730,-88.35133
49806,46.45241,-86.90116
49807,45.77309,-87.34358
49808,46.82311,-87.85267
49812,45.59163,-87.50312
49814,46.56561,-87.90561
49815,46.18540,-87.96424
49816,46.28538,-86.89531
49817,45.96199,-86.45831
49818,45.95076,-87.33853
49819,46.10891,-87.45630
49820,46.19009,-85.65416
49821,45.52966,-87.63101
49822,46.43352,-87.02459
49825,46.34688,-86.99490
49826,46.32331,-87.05284
49827,46.17701,-85.56060
49829,45.76540,-87.13122
49831,46.01283,-87.86614
49833,46.29263,-87.32761
49834,45.94566,-87.76839
49835,45.73578,-86.56260
49836,46.20199,-85.90334
49837,45.86868,-87.07914
49838,46.03189,-85.73740
49839,46.61801,-86.10843
49840,46.10304,-86.01054
49841,46.27518,-87.46573
49847,45.70468,-87.63620
49848,45.37825,-87.63642
49849,46.43271,-87.75641
49852,45.78625,-87.81678
49853,46.36829,-85.75090
49854,46.06161,-86.30448
49855,46.57878,-87.45510
49858,45.21903,-87.57845
49861,46.47932,-88.24525
49862,46.39448,-86.69609
49863,45.61340,-87.55157
49864,45.87148,-86.67258
49866,46.52148,-87.58078
49868,46.51099,-85.51755
49870,45.86720,-87.87892
49871,46.42471,-87.53892
49872,46.02106,-87.08435
49873,45.89045,-87.57873
49874,45.70859,-87.47240
49876,45.80269,-87.98283
49877,46.14804,-87.70550
49878,45.94570,-86.86041
49879,46.35948,-88.03981
49880,46.11099,-87.22236
49881,46.07322,-88.04726
49883,46.43173,-86.00089
49884,46.41990,-86.32964
49885,46.33805,-87.19832
49886,45.73914,-87.52700
49887,45.42934,-87.55063
49891,46.24128,-87.02253
49892,45.81807,-87.78582
49893,45.29704,-87.60515
49894,45.78630,-87.07550
49895,46.16531,-86.66589
49896,45.68857,-87.38886
49901,47.30780,-88.39521
49902,46.04300,-88.37988
49903,46.33262,-88.44529
49905,47.12185,-88.72206
49908,46.76822,-88.55722
49910,46.61383,-89.60910
49911,46.48944,-90.05072
49912,46.49672,-89.19422
49913,47.24321,-88.45842
49915,46.06514,-88.62203
49916,46.98409,-88.58633
49917,47.28136,-88.35913
49918,47.43519,-87.85128
49919,46.49004,-88.46456
49920,46.13816,-88.30225
49921,47.09256,-88.58265
49922,47.10055,-88.48309
49925,46.54442,-89.37468
49927,46.03306,-88.54701
49929,46.78110,-89.14953
49930,47.16548,-88.53966
49931,47.08428,-88.57214
49934,47.17676,-88.43233
49935,46.17559,-88.75216
49938,46.58865,-90.13146
49942,47.27517,-88.40179
49945,47.18003,-88.31412
49946,46.72089,-88.32159
49947,46.38542,-89.61636
49948,46.71117,-89.02002
49950,47.38632,-88.13374
49952,46.70136,-88.78494
49953,46.80380,-89.37185
49955,47.00629,-88.69482
49958,46.82839,-88.66843
49959,46.47065,-89.99835
49960,46.71185,-89.25837
49961,46.52939,-88.73155
49962,46.83928,-88.13111
49963,47.04147,-88.68913
49965,46.95510,-88.85954
49967,46.50651,-88.96636
49968,46.49030,-89.88742
49969,46.25165,-89.21072
49970,46.54742,-88.60037
49971,46.70924,-89.70529
50001,41.35347,-93.43884
50002,41.51483,-94.64834
50003,41.61147,-94.04304
50005,42.13199,-93.03460
50006,42.50840,-93.40197
50007,41.80596,-93.60161
50008,40.67967,-93.38026
50009,41.64518,-93.45979
50010,42.03083,-93.58830
50011,42.02403,-93.63645
50012,42.02686,-93.64578
50014,42.04672,-93.69462
50020,41.43844,-94.74709
50021,41.72429,-93.56531
50022,41.41437,-94.99640
50023,41.73027,-93.63498
50025,41.75796,-94.92357
50026,41.85852,-94.44958
50027,41.48203,-92.46937
50028,41.80691,-93.15428
50029,41.82896,-94.55593
50032,41.66652,-93.54239
50033,41.36303,-93.79286
50034,42.52166,-93.66141
50035,41.72389,-93.45792
50036,42.08555,-93.86421
50038,41.52484,-93.90306
50039,41.81435,-93.99662
50041,42.63848,-93.24811
50042,41.53375,-94.90532
50044,41.20208,-92.88283
50046,41.89340,-93.52291
50047,41.46365,-93.47426
50048,41.51246,-94.52006
50049,41.03444,-93.29542
50050,42.15897,-94.50359
50051,42.13539,-93.14140
50052,40.64329,-93.44438
50054,41.68938,-93.23185
50055,41.87868,-93.29614
50056,42.01318,-93.29649
50057,41.17991,-93.13426
50058,41.85565,-94.69106
50060,40.75148,-93.31886
50061,41.48578,-93.78532
50062,41.23546,-93.24496
50063,41.69555,-93.94068
50064,42.10774,-94.23664
50065,40.61386,-93.78173
50066,41.79808,-94.23340
50067,40.71768,-93.86165
50068,40.94799,-93.46625
50069,41.52070,-94.03027
50070,41.44554,-94.23263
50071,42.64864,-93.50487
50072,41.47122,-94.12298
50073,41.79383,-93.52521
50074,40.86593,-94.08013
50075,42.33214,-93.55063
50076,41.59218,-94.84194
50078,41.93859,-92.86291
50101,42.66748,-93.63447
50102,42.24554,-93.40019
50103,40.79512,-93.60914
50104,41.48680,-92.38666
50105,42.11028,-93.63728
50106,41.88108,-92.80578
50107,42.03650,-94.21901
50108,40.82570,-93.95266
50109,41.77088,-93.80063
50111,41.69123,-93.80449
50112,41.73019,-92.71545
50115,41.68324,-94.56156
50116,41.17978,-92.97359
50117,41.67047,-94.84850
50118,41.46697,-93.37898
50119,41.31306,-92.93971
50120,41.93374,-92.98285
50122,42.30547,-93.31236
50123,40.83382,-93.51381
50124,41.88559,-93.60406
50125,41.33519,-93.58463
50126,42.50216,-93.25268
50127,41.77714,-93.20581
50128,41.85559,-94.30024
50129,42.01477,-94.37674
50130,42.30339,-93.66923
50131,41.69212,-93.71516
50132,42.39167,-93.69153
50133,40.71332,-94.06899
50134,41.93947,-93.67161
50135,41.75058,-92.88717
50136,41.46950,-92.29276
50138,41.30059,-93.10520
50139,41.19846,-93.36988
50140,40.64552,-93.98627
50141,41.86756,-92.94971
50142,42.00667,-92.77560
50143,41.34184,-92.80466
50144,40.73894,-93.73936
50146,41.68412,-94.24304
50147,40.63134,-93.55174
50148,42.18131,-92.99282
50149,41.15047,-94.07100
50150,41.12551,-92.97519
50151,41.08191,-93.51779
50153,41.57390,-92.80701
50154,42.17226,-93.39278
50155,41.21102,-94.19935
50156,41.89831,-93.80124
50157,41.74007,-92.56331
50158,42.04981,-92.90074
50160,41.37378,-93.73865
50161,41.84815,-93.40403
50162,41.92830,-93.07217
50163,41.22242,-93.24099
50164,41.49993,-94.43332
50165,40.84366,-93.28363
50166,41.28283,-93.43104
50167,41.74288,-94.04105
50168,41.78836,-93.27855
50169,41.65526,-93.35235
50170,41.53003,-93.12476
50171,41.58585,-92.52541
50173,41.96466,-92.71348
50174,41.03371,-93.98230
50201,42.04176,-93.43489
50206,42.24567,-93.20234
50207,41.43197,-92.63754
50208,41.71172,-93.03396
50210,41.19504,-93.69829
50211,41.45531,-93.70527
50212,42.03656,-94.06616
50213,41.03169,-93.76614
50214,41.46932,-93.05570
50216,41.69726,-94.35485
50217,42.18379,-94.25181
50218,41.34835,-93.88040
50219,41.42070,-92.89669
50220,41.83642,-94.12129
50222,41.21585,-93.95959
50223,42.17372,-94.03783
50225,41.38440,-93.26886
50226,41.79624,-93.70197
50227,42.59745,-93.42785
50228,41.57697,-93.24196
50229,41.37908,-93.77507
50230,42.30325,-93.45342
50231,42.23703,-93.60258
50232,41.55673,-92.96972
50233,41.61288,-94.21137
50234,41.89310,-93.18198
50235,41.93178,-94.22491
50236,42.17840,-93.49039
50237,41.54520,-93.37096
50238,40.96429,-93.16715
50239,42.14277,-93.20293
50240,41.29709,-93.79303
50242,41.56104,-92.69376
50243,41.87243,-93.69642
50244,41.85728,-93.65229
50246,42.27458,-93.78612
50247,42.01744,-93.16460
50248,42.19122,-93.61439
50249,42.27528,-93.90316
50250,41.48223,-94.34715
50251,41.56694,-92.86936
50252,41.46628,-93.30348
50254,40.99148,-94.07553
50255,41.45603,-92.33218
50256,41.25971,-92.90527
50257,41.18951,-93.84723
50258,42.22414,-93.07313
50261,41.47494,-93.92102
50262,40.86063,-93.80856
50263,41.59539,-93.87236
50264,40.90565,-93.69754
50265,41.55591,-93.74478
50266,41.57008,-93.79842
50268,41.40444,-92.36285
50271,42.48275,-93.54144
50272,41.09564,-93.25596
50273,41.32969,-94.05431
50274,41.38335,-94.86097
50275,41.03760,-93.58964
50276,41.86194,-93.92648
50277,41.78458,-94.35770
50278,42.13676,-93.29953
50309,41.58460,-93.62084
50310,41.62758,-93.67266
50311,41.60104,-93.67289
50312,41.58268,-93.67667
50313,41.65448,-93.62418
50314,41.60496,-93.63120
50315,41.54592,-93.62212
50316,41.60863,-93.59958
50317,41.61746,-93.54662
50319,41.59091,-93.60429
50320,41.52794,-93.56797
50321,41.53455,-93.66244
50322,41.63416,-93.73436
50323,41.62563,-93.79365
50324,41.60446,-93.71283
50325,41.61324,-93.79787
50327,41.58637,-93.48771
50401,43.15317,-93.19982
50420,42.80420,-93.46040
50421,42.84347,-93.61840
50423,43.11828,-93.81450
50424,43.39443,-93.93385
50426,43.41548,-93.01713
50428,43.14076,-93.39636
50430,42.98155,-93.95397
50431,42.73711,-93.36822
50432,43.22396,-93.79802
50433,42.92324,-93.05020
50434,43.25749,-93.44858
50435,43.15803,-92.76704
50436,43.26646,-93.67107
50438,43.11153,-93.61864
50439,42.94472,-93.62634
50440,43.33336,-93.07130
50441,42.74134,-93.22097
50444,43.29723,-93.38363
50446,43.34074,-93.44691
50447,42.92538,-93.79765
50448,43.34994,-93.24053
50449,43.00249,-93.56690
50450,43.42120,-93.52221
50451,43.38123,-94.07761
50452,42.78107,-93.36734
50453,43.36336,-93.64742
50454,43.38189,-92.73727
50455,43.45695,-92.64984
50456,43.29126,-93.21605
50457,42.91634,-93.49361
50458,43.15877,-93.01203
50459,43.45747,-93.25050
50460,43.22785,-92.68883
50461,43.30617,-92.81874
50464,43.25340,-93.08079
50465,43.48655,-93.91223
50466,43.38685,-92.53844
50467,43.21171,-93.08661
50468,43.03223,-92.94713
50469,42.99934,-93.19710
50470,42.74578,-93.56041
50471,43.16657,-92.87641
50472,43.40675,-92.93532
50473,43.46558,-93.68770
50475,42.88221,-93.21402
50476,43.44680,-92.76405
50477,42.98925,-93.32709
50478,43.40749,-93.78360
50479,42.93944,-93.40986
50480,43.25037,-94.05861
50482,43.11310,-93.48640
50483,43.11256,-94.00092
50484,43.23074,-93.91630
50501,42.49222,-94.19254
50510,42.75930,-94.98560
50511,43.07404,-94.21918
50514,43.41516,-94.47241
50515,43.02222,-94.86337
50516,42.62397,-94.13685
50517,43.30529,-94.23429
50518,42.51491,-94.38602
50519,42.90170,-94.26289
50520,42.80919,-94.39793
50521,42.34622,-94.10282
50522,43.19202,-94.19468
50523,42.36799,-94.29573
50524,42.61685,-94.35384
50525,42.73648,-93.74734
50527,42.96499,-94.78542
50528,43.13389,-94.54083
50529,42.71976,-94.19617
50530,42.27028,-94.03959
50531,43.45408,-94.60975
50532,42.46033,-94.00075
50533,42.65193,-93.91182
50535,42.45274,-95.16405
50536,43.11827,-94.70544
50538,42.27405,-94.43970
50539,43.23696,-94.41998
50540,42.59835,-94.83998
50541,42.71023,-94.45239
50542,42.78298,-93.94269
50543,42.27470,-94.30464
50544,42.25073,-94.17055
50545,42.79740,-94.08086
50546,42.83759,-94.70223
50548,42.71477,-94.22532
50551,42.47957,-94.75111
50554,42.84598,-94.84269
50556,43.45522,-94.19665
50557,42.36073,-94.04369
50558,42.86128,-94.16377
50559,43.20882,-94.32924
50560,42.96059,-94.10801
50561,42.42510,-94.85049
50562,42.96153,-94.64179
50563,42.52782,-94.52504
50565,42.85740,-95.00084
50566,42.43777,-94.32365
50567,42.52545,-95.10188
50568,42.62605,-94.98401
50569,42.40352,-94.13447
50570,42.89547,-94.36702
50571,42.63096,-94.57869
50573,42.87670,-94.62395
50574,42.71667,-94.69862
50575,42.56035,-94.70052
50576,42.80327,-95.17527
50577,42.85882,-93.97709
50578,43.30650,-94.54956
50579,42.39431,-94.63876
50581,42.84300,-94.54978
50582,42.79606,-94.29868
50583,42.43277,-94.98563
50585,42.91753,-95.14186
50586,42.41186,-94.42556
50588,42.65460,-95.16156
50590,43.40705,-94.31488
50591,42.67604,-94.05568
50593,42.65760,-94.89874
50594,42.58521,-94.04013
50595,42.46142,-93.82258
50597,42.97530,-94.45172
50598,43.08185,-94.41705
50599,42.57932,-93.82322
50601,42.56778,-93.06005
50602,42.74157,-92.80570
50603,43.18773,-92.45949
50604,42.60183,-92.89648
50605,42.83176,-93.02098
50606,42.74733,-91.69121
50607,42.61055,-91.74985
50609,42.22838,-92.80947
50611,42.81549,-92.90895
50612,42.28345,-92.38605
50613,42.53141,-92.48586
50616,43.08050,-92.65887
50619,42.80968,-92.65822
50620,43.15817,-92.59100
50621,42.25111,-92.92102
50622,42.67271,-92.33455
50624,42.46782,-92.65872
50625,42.74840,-92.98840
50626,42.58412,-92.17147
50627,42.35043,-93.09394
50628,43.27271,-92.39405
50629,42.64867,-92.07154
50630,42.95768,-92.21396
50632,42.06160,-92.69935
50633,42.67209,-93.12820
50634,42.41868,-92.21400
50635,42.20204,-92.69932
50636,42.89738,-92.81073
50638,42.35674,-92.79395
50641,42.60655,-91.92003
50642,42.43954,-92.81643
50643,42.35798,-92.46416
50644,42.47615,-91.89369
50645,43.01960,-92.44370
50647,42.65093,-92.49703
50648,42.45311,-92.09323
50650,42.61825,-91.65604
50651,42.31706,-92.19674
50652,42.26429,-92.69431
50653,42.96858,-92.88563
50654,42.49870,-91.64283
50655,42.76561,-91.89173
50658,42.96102,-92.54073
50659,43.09584,-92.32905
50660,42.58357,-92.63154
50662,42.68866,-91.93749
50664,42.70125,-92.07619
50665,42.58036,-92.77188
50666,42.87096,-92.52011
50667,42.47020,-92.22644
50668,42.69293,-92.22889
50669,42.34315,-92.60229
50670,42.69537,-92.61875
50671,42.65043,-91.79582
50672,42.42604,-93.07156
50673,42.52495,-92.71126
50674,42.83803,-92.11533
50675,42.19782,-92.51209
50676,42.79889,-92.28018
50677,42.76693,-92.42621
50680,42.45209,-92.92303
50681,42.77762,-92.00938
50682,42.45245,-91.68846
50701,42.41770,-92.33980
50702,42.46150,-92.31374
50703,42.54806,-92.28643
50707,42.45816,-92.26003
50801,41.07867,-94.40182
50830,41.02710,-94.19110
50833,40.67054,-94.70089
50835,40.70638,-94.37555
50836,40.63229,-94.49748
50837,41.21982,-94.69144
50839,41.04974,-94.82397
50840,40.79019,-94.48262
50841,41.00906,-94.76878
50842,41.03991,-94.46180
50843,41.23684,-94.88523
50845,40.82149,-94.34968
50846,41.30899,-94.57612
50847,41.14027,-94.98297
50848,40.78092,-94.76427
50849,41.30828,-94.38657
50851,40.90858,-94.53703
50853,41.23686,-94.76790
50854,40.67938,-94.21277
50857,40.94261,-94.88085
50858,41.22126,-94.40967
50859,41.06710,-94.59734
50860,40.61746,-94.34794
50861,40.90843,-94.25592
50862,40.81109,-94.65754
50863,40.84778,-94.17573
50864,40.97037,-94.97811
51001,42.82994,-96.52724
51002,42.68844,-95.31903
51003,42.98959,-95.98596
51004,42.37486,-95.91534
51005,42.72360,-95.41879
51006,42.32079,-95.61961
51007,42.40395,-96.18706
51008,42.81093,-96.26670
51009,42.94441,-95.55147
51010,42.08617,-95.90950
51011,42.91630,-96.51450
51012,42.74414,-95.56185
51014,42.78764,-95.70731
51016,42.47183,-95.80525
51018,42.44966,-95.68077
51019,42.27675,-95.71986
51020,42.51012,-95.41351
51022,42.97698,-95.85003
51023,43.01866,-96.46040
51024,42.61214,-96.26298
51025,42.49763,-95.55614
51026,42.25555,-96.06835
51027,42.96031,-96.32223
51028,42.59665,-95.98764
51029,42.88055,-95.53784
51030,42.49774,-96.18832
51031,42.79882,-96.18528
51033,42.91263,-95.25145
51034,42.16075,-95.78962
51035,42.77885,-95.79937
51036,42.96970,-96.18951
51037,42.82665,-95.64312
51038,42.70319,-96.31654
51039,42.44922,-96.04956
51040,42.03624,-96.08703
51041,43.02608,-96.07795
51044,42.30617,-95.91812
51046,42.96183,-95.67802
51047,42.94236,-95.36954
51048,42.55095,-95.84131
51049,42.62913,-95.64749
51050,42.79362,-95.94593
51051,42.20609,-95.96494
51052,42.30823,-96.26599
51053,42.49506,-95.28655
51054,42.38013,-96.31611
51055,42.22192,-96.26107
51056,42.24129,-95.95640
51058,42.97395,-95.46731
51060,42.04239,-95.68439
51061,42.58073,-95.71847
51062,42.69787,-96.53493
51063,42.13915,-96.16831
51101,42.49369,-96.39418
51103,42.51709,-96.43994
51104,42.53616,-96.40468
51105,42.51194,-96.35226
51106,42.46317,-96.31291
51108,42.56599,-96.35252
51109,42.58090,-96.47522
51111,42.41355,-96.38544
51201,43.18237,-95.86561
51230,43.36033,-96.32363
51231,43.10313,-95.74220
51232,43.30862,-95.81266
51234,43.19221,-96.01933
51235,43.29454,-96.21837
51237,43.33607,-96.00076
51238,43.07439,-95.89243
51239,43.20392,-96.14748
51240,43.30936,-96.45842
51241,43.45123,-96.46175
51242,43.44112,-96.33485
51243,43.43974,-95.91046
51244,43.24477,-95.93549
51245,43.07470,-95.59995
51246,43.42796,-96.16803
51247,43.19375,-96.33813
51248,43.20554,-95.65788
51249,43.41182,-95.72625
51250,43.09093,-96.20581
51301,43.15317,-95.14765
51331,43.35956,-95.13082
51333,43.12938,-94.99665
51334,43.40399,-94.80365
51338,43.20537,-95.31875
51341,43.01428,-95.03875
51342,43.24788,-94.73688
51343,43.01851,-95.10603
51345,43.40770,-95.43747
51346,43.18040,-95.45896
51347,43.42242,-95.31845
51350,43.31096,-95.60083
51351,43.31506,-95.18365
51354,43.41083,-95.54087
51355,43.38808,-95.13324
51357,43.06077,-95.28062
51358,43.13153,-94.89955
51360,43.44368,-95.08705
51363,43.43309,-94.94727
51364,43.29955,-94.96545
51365,43.30962,-94.73328
51366,42.96070,-95.00295
51401,42.06566,-94.86966
51430,42.08261,-95.02412
51431,42.34484,-95.35169
51433,42.26665,-94.87533
51436,42.18916,-95.02427
51439,42.08877,-95.59040
51440,41.91333,-94.81298
51441,42.11332,-95.31542
51442,42.02749,-95.36064
51443,42.08188,-94.69684
51444,42.00484,-94.97312
51445,42.32142,-95.46221
51446,41.77509,-95.19182
51447,41.72209,-95.19598
51448,42.20536,-95.30979
51449,42.26782,-94.73441
51450,42.31639,-95.02073
51451,42.18508,-94.69516
51453,42.26972,-94.54734
51454,41.87128,-95.20273
51455,41.91157,-95.05514
51458,42.32637,-95.23531
51459,42.04522,-94.63795
51461,42.17605,-95.48536
51462,42.01440,-94.55651
51463,41.90747,-94.91273
51465,42.09137,-95.20485
51466,42.25715,-95.10675
51467,42.07266,-95.11799
51501,41.22728,-95.87844
51503,41.22322,-95.78448
51510,41.28853,-95.91687
51520,41.96954,-95.46143
51521,41.48547,-95.34468
51523,41.91521,-96.06771
51525,41.23385,-95.41629
51526,41.37389,-95.87178
51527,41.83713,-95.33726
51528,41.90892,-95.50117
51529,41.86048,-95.64346
51530,41.78746,-95.43048
51531,41.58868,-95.08722
51532,41.13798,-95.10912
51533,41.03945,-95.37817
51534,41.04660,-95.71482
51535,41.22647,-95.12671
51536,41.38539,-95.36217
51537,41.65013,-95.29719
51540,41.02426,-95.49887
51541,41.13910,-95.41618
51542,41.43152,-95.84909
51543,41.65674,-95.07593
51544,41.30643,-95.11407
51545,41.84460,-96.03037
51546,41.63708,-95.76607
51548,41.31794,-95.63694
51549,41.18583,-95.46671
51550,41.69214,-95.87416
51551,40.99082,-95.58750
51552,41.49076,-95.11352
51553,41.42445,-95.54616
51554,41.14739,-95.68136
51555,41.56016,-95.92308
51556,41.64171,-96.02926
51557,41.73174,-95.99756
51558,41.90169,-95.87056
51559,41.46633,-95.64890
51560,41.31677,-95.40055
51561,41.00789,-95.80615
51562,41.72507,-95.49332
51563,41.57068,-95.58558
51564,41.80959,-95.92283
51565,41.64289,-95.52450
51566,41.01602,-95.23091
51570,41.52772,-95.46548
51571,41.13692,-95.60614
51572,41.99311,-95.78399
51573,40.97956,-95.09705
51575,41.24032,-95.60247
51576,41.38288,-95.71492
51577,41.46361,-95.20377
51578,41.71936,-95.39456
51579,41.76172,-95.71913
51601,40.72613,-95.34956
51630,40.60102,-95.19135
51631,40.59142,-95.00999
51632,40.74584,-95.04658
51636,40.66728,-95.23256
51637,40.62484,-95.11568
51638,40.83620,-95.27994
51639,40.72010,-95.46647
51640,40.62349,-95.65622
51645,40.88189,-95.43252
51646,40.74768,-94.87445
51647,40.60887,-95.31972
51648,40.73947,-95.80040
51649,40.85041,-95.52704
51650,40.66638,-95.54248
51652,40.77251,-95.62314
51653,40.87843,-95.68232
51654,40.83490,-95.78159
51656,40.73459,-95.15623
52001,42.54553,-90.69584
52002,42.52478,-90.77323
52003,42.43070,-90.66968
52030,42.15322,-90.59193
52031,42.25256,-90.48642
52032,42.28965,-90.83953
52033,42.27904,-91.00122
52035,42.67074,-91.18121
52037,41.96721,-90.63372
52038,42.58669,-91.56148
52039,42.53916,-90.86098
52040,42.50364,-91.14169
52041,42.50555,-91.26139
52042,42.69809,-91.35752
52043,42.83400,-91.42629
52044,42.76901,-91.32349
52045,42.46082,-90.93754
52046,42.43836,-91.01311
52047,42.96929,-91.34176
52048,42.74212,-91.25718
52049,42.88556,-91.19938
52050,42.60431,-91.32990
52052,42.74244,-91.11670
52053,42.61115,-90.96105
52054,42.30536,-90.62711
52057,42.48948,-91.45588
52060,42.10602,-90.68276
52064,42.09357,-90.31083
52065,42.59368,-91.10865
52066,42.67833,-90.95184
52068,42.42287,-90.81718
52069,42.06052,-90.43002
52070,42.07898,-90.23681
52072,42.92201,-91.37780
52073,42.61887,-90.82164
52074,42.11048,-90.46243
52076,42.69982,-91.51015
52077,42.82100,-91.56252
52078,42.39583,-91.11571
52079,42.28548,-90.71623
52101,43.35343,-91.76636
52132,43.21116,-91.92814
52133,43.10891,-91.66058
52134,43.46955,-92.41123
52135,43.01581,-91.66322
52136,43.37408,-92.11167
52140,43.44564,-91.53457
52141,42.93119,-91.64093
52142,42.82600,-91.79830
52144,43.13915,-91.96236
52146,43.17592,-91.20602
52147,42.95748,-91.95847
52151,43.34640,-91.26479
52154,43.11798,-92.16506
52155,43.42166,-92.28854
52156,43.05251,-91.46234
52157,43.02190,-91.24031
52158,43.04330,-91.19242
52159,43.07878,-91.36559
52160,43.45965,-91.35171
52161,43.12953,-91.75713
52162,43.10754,-91.55163
52163,43.21977,-92.10315
52164,42.85471,-91.90661
52165,43.30854,-91.99430
52166,43.06571,-91.93329
52168,43.20546,-91.95243
52169,42.86071,-91.66307
52170,43.22387,-91.30519
52171,43.06823,-92.05294
52172,43.27078,-91.48443
52175,42.99394,-91.82562
52201,41.32966,-91.54706
52202,42.15921,-91.63784
52203,41.81386,-91.89159
52205,42.11970,-91.28624
52206,41.99158,-91.88547
52207,42.09507,-90.83167
52208,41.87678,-92.25691
52209,41.90899,-92.09753
52210,42.33402,-91.99295
52211,41.75389,-92.44975
52212,42.10880,-91.09027
52213,42.20185,-91.75965
52214,42.18789,-91.50928
52215,41.91354,-92.40530
52216,41.88649,-91.03966
52217,42.07997,-92.40789
52218,42.29030,-91.53358
52219,42.23754,-91.42573
52220,41.72823,-91.99837
52221,41.64093,-92.33170
52222,41.57641,-92.34065
52223,42.41263,-91.32440
52224,42.16591,-92.29976
52225,42.01083,-92.32683
52227,41.89441,-91.57022
52228,41.90229,-91.78870
52229,42.14463,-92.16923
52231,41.35883,-92.05863
52232,41.80436,-92.33580
52233,42.04675,-91.68690
52235,41.57809,-91.53188
52236,41.73340,-91.87636
52237,42.34441,-91.24867
52240,41.63486,-91.50046
52241,41.69722,-91.59745
52242,41.66188,-91.54594
52245,41.67288,-91.51211
52246,41.65231,-91.57041
52247,41.51867,-91.72329
52248,41.34577,-91.93535
52249,42.01415,-92.20543
52251,41.71361,-92.21007
52253,41.89535,-91.35337
52254,41.95210,-90.80118
52255,41.86363,-90.96124
52257,41.92095,-92.17822
52301,41.78847,-92.08254
52302,42.06542,-91.56085
52305,42.01920,-91.33922
52306,41.88714,-91.25421
52307,41.79309,-91.89876
52308,41.57234,-92.15877
52309,42.13168,-90.88864
52310,42.22037,-91.19536
52312,42.00614,-91.24588
52313,42.25724,-92.09669
52314,41.93571,-91.44788
52315,42.00091,-91.97007
52316,41.54557,-92.09482
52317,41.76711,-91.63450
52318,41.88928,-91.89273
52320,41.99915,-91.14836
52321,42.14723,-90.98323
52322,41.69272,-91.76278
52323,41.98368,-90.95901
52324,42.06395,-91.80610
52325,41.58391,-91.92588
52326,42.39070,-91.75583
52327,41.47714,-91.58299
52328,42.07163,-91.66611
52329,42.35824,-91.85563
52330,42.34947,-91.50049
52332,42.09861,-91.88829
52333,41.80588,-91.49239
52334,41.74018,-91.94111
52335,41.46796,-92.05380
52336,42.07048,-91.43242
52337,41.88020,-91.14206
52338,41.81790,-91.70750
52339,41.92794,-92.58709
52340,41.70556,-91.67668
52341,42.10285,-91.72618
52342,42.05767,-92.54748
52345,42.24556,-91.90147
52346,42.01003,-92.08065
52347,41.71255,-92.28450
52348,41.99017,-92.38139
52349,42.17240,-92.00894
52351,41.87784,-91.83150
52352,42.28822,-91.77484
52353,41.29935,-91.71149
52354,41.91598,-91.98776
52355,41.46062,-92.19183
52356,41.47373,-91.84515
52358,41.69140,-91.31843
52359,41.35851,-91.80748
52361,41.64912,-92.02985
52362,42.07890,-90.98352
52401,41.97549,-91.65917
52402,42.02317,-91.65961
52403,41.96596,-91.56605
52404,41.92306,-91.69887
52405,41.98340,-91.74616
52411,42.05382,-91.72927
52501,41.03571,-92.43137
52530,40.99343,-92.29279
52531,41.02636,-92.81513
52533,41.02123,-92.15936
52534,41.27195,-92.68193
52535,40.86294,-91.95957
52536,40.95747,-92.60891
52537,40.73497,-92.41364
52540,41.15681,-91.82303
52542,40.61985,-92.05624
52543,41.20198,-92.51267
52544,40.70664,-92.91227
52548,41.08594,-92.52967
52549,40.61864,-92.94311
52550,41.31393,-92.35691
52551,40.82477,-92.10940
52552,40.82709,-92.54875
52553,41.14843,-92.65493
52554,40.92507,-92.22795
52555,40.64431,-92.81620
52556,41.02422,-91.92752
52557,41.02215,-91.96477
52560,40.85485,-92.24925
52561,41.22029,-92.45225
52563,41.16835,-92.28181
52565,40.74208,-91.93450
52566,41.14799,-92.50254
52567,40.93033,-92.07783
52569,40.98310,-93.04560
52570,40.68741,-92.14620
52571,40.88204,-92.84061
52572,40.67051,-92.68842
52573,40.62757,-91.92885
52574,40.80674,-92.97193
52576,41.21515,-92.10942
52577,41.27298,-92.66164
52580,41.10522,-92.09033
52581,40.80122,-93.06395
52583,40.79389,-93.14892
52584,40.63767,-92.24819
52585,41.19434,-91.97950
52586,41.34497,-92.46138
52588,40.86512,-92.17037
52590,40.66025,-93.12496
52591,41.31662,-92.19136
52593,40.77229,-92.74623
52594,40.83602,-92.65241
52595,41.28862,-92.61497
52601,40.85605,-91.12975
52619,40.52536,-91.56520
52620,40.69784,-91.79722
52621,41.20854,-91.53375
52623,40.86348,-91.33567
52624,40.73642,-91.33772
52625,40.66078,-91.57420
52626,40.62283,-91.72602
52627,40.66626,-91.34916
52630,40.79874,-91.71146
52632,40.43194,-91.44461
52635,40.99558,-91.75862
52637,41.01755,-91.14589
52638,40.80145,-91.24233
52639,40.53271,-91.46039
52640,41.10124,-91.28047
52641,40.99455,-91.58577
52644,41.03999,-91.41498
52645,40.91228,-91.40430
52646,41.05658,-90.99812
52647,41.13513,-91.54455
52649,40.83854,-91.61214
52650,40.95121,-91.15203
52651,40.86415,-91.81372
52653,41.16293,-91.15399
52654,41.14069,-91.67175
52655,40.84726,-91.21391
52656,40.73981,-91.45550
52657,40.76785,-91.51881
52658,40.69940,-91.22965
52659,41.12920,-91.44102
52660,40.99460,-91.29937
52701,41.98198,-90.24906
52720,41.58772,-91.17339
52721,41.75693,-90.95970
52722,41.57015,-90.47012
52726,41.49632,-90.78038
52727,41.95479,-90.32594
52728,41.45389,-90.74231
52729,41.80018,-90.73569
52730,41.77567,-90.33536
52731,41.96691,-90.48641
52732,41.89104,-90.25301
52737,41.25926,-91.37460
52738,41.27356,-91.37790
52739,41.37342,-91.36748
52742,41.83830,-90.51965
52745,41.71860,-90.76648
52746,41.71646,-90.67039
52747,41.61105,-90.90560
52748,41.66578,-90.55492
52749,41.34562,-91.13079
52750,41.93702,-90.39705
52751,41.83644,-90.67978
52752,41.27471,-91.19123
52753,41.62855,-90.38593
52754,41.34970,-91.22742
52755,41.47933,-91.43433
52756,41.72940,-90.53911
52757,41.80386,-90.37932
52758,41.74591,-90.43960
52760,41.54865,-91.08681
52761,41.43993,-91.06426
52765,41.72547,-90.87150
52766,41.46754,-91.29542
52767,41.56585,-90.42346
52768,41.70068,-90.38700
52769,41.60580,-90.84723
52772,41.75526,-91.14366
52773,41.62154,-90.75275
52774,41.90696,-90.59524
52776,41.57526,-91.26862
52777,41.85401,-90.85611
52778,41.60782,-90.98965
52801,41.52104,-90.57485
52802,41.49451,-90.63719
52803,41.53895,-90.55598
52804,41.53248,-90.68125
52806,41.58969,-90.62588
52807,41.61066,-90.51683
53001,43.60788,-88.05524
53002,43.46397,-88.35206
53003,43.20657,-88.50968
53004,43.49781,-87.87579
53005,43.06240,-88.09880
53006,43.62010,-88.53356
53007,43.10845,-88.07223
53010,43.61253,-88.27202
53011,43.65958,-88.09139
53012,43.31473,-88.03464
53013,43.56532,-87.84692
53014,44.02608,-88.17631
53015,43.90769,-87.78600
53016,43.31069,-88.71444
53017,43.20155,-88.25256
53018,43.04816,-88.39050
53019,43.69792,-88.32172
53020,43.86178,-88.01141
53021,43.49465,-88.00933
53022,43.23218,-88.11580
53023,43.78044,-88.10667
53024,43.33362,-87.92832
53027,43.31734,-88.37124
53029,43.14660,-88.34100
53031,43.63914,-87.91563
53032,43.44958,-88.62479
53033,43.23494,-88.25400
53034,43.33017,-88.61878
53035,43.39064,-88.54692
53036,43.17966,-88.57505
53037,43.31214,-88.16313
53038,43.08433,-88.78765
53039,43.36985,-88.71335
53040,43.52696,-88.19103
53042,43.95687,-87.97233
53044,43.74251,-87.78220
53045,43.05889,-88.15252
53046,43.15724,-88.15820
53047,43.25712,-88.63012
53048,43.57380,-88.45715
53049,43.88612,-88.28861
53050,43.51055,-88.54735
53051,43.15941,-88.12155
53057,43.79469,-88.23679
53058,43.11235,-88.41158
53059,43.28857,-88.52514
53061,43.94543,-88.12065
53063,43.95765,-87.79058
53065,43.67977,-88.57162
53066,43.11285,-88.49004
53069,43.11266,-88.43299
53070,43.62053,-87.80698
53072,43.07995,-88.26659
53073,43.74976,-87.98909
53074,43.41985,-87.88451
53075,43.56452,-87.99097
53076,43.26840,-88.20702
53078,43.31770,-88.46621
53079,43.81368,-88.18017
53080,43.40573,-87.98628
53081,43.71033,-87.73308
53083,43.81600,-87.76449
53085,43.73284,-87.85545
53086,43.31760,-88.27107
53088,44.07050,-88.30091
53089,43.14464,-88.23381
53090,43.46286,-88.18895
53091,43.49962,-88.43456
53092,43.21496,-87.95122
53093,43.65287,-87.94795
53094,43.14332,-88.72307
53095,43.38963,-88.15800
53097,43.24205,-88.00982
53098,43.25374,-88.71058
53103,42.88150,-88.21251
53104,42.54746,-88.03928
53105,42.66360,-88.28030
53108,42.81515,-87.94299
53110,42.95050,-87.86088
53114,42.59699,-88.75180
53115,42.65660,-88.66829
53118,42.96249,-88.49154
53119,42.89309,-88.48561
53120,42.80275,-88.41745
53121,42.71966,-88.53432
53122,43.04752,-88.08703
53125,42.54754,-88.55212
53126,42.79448,-87.99774
53128,42.52881,-88.33496
53129,42.93999,-88.00086
53130,42.94123,-88.04950
53132,42.88388,-88.01155
53137,43.00788,-88.66908
53139,42.68551,-88.12080
53140,42.62231,-87.82880
53142,42.51844,-87.98264
53143,42.56131,-87.82993
53144,42.62212,-87.92018
53146,42.97371,-88.15538
53147,42.55761,-88.45483
53149,42.87822,-88.34254
53150,42.87136,-88.13432
53151,42.97393,-88.09557
53153,42.93447,-88.40709
53154,42.87869,-87.89868
53156,42.88988,-88.58885
53158,42.52459,-87.88575
53167,42.74070,-88.22602
53168,42.57499,-88.13567
53170,42.55556,-88.15625
53172,42.91200,-87.85966
53177,42.70439,-87.93396
53178,43.02954,-88.59679
53179,42.51380,-88.13059
53181,42.51271,-88.24303
53182,42.70239,-88.04128
53183,43.00584,-88.37036
53184,42.52972,-88.60808
53185,42.79821,-88.19445
53186,43.02215,-88.20468
53188,43.02697,-88.29525
53189,42.94406,-88.29097
53190,42.80777,-88.73620
53191,42.58742,-88.55279
53192,42.50275,-88.18370
53195,42.51399,-88.49018
53202,43.04960,-87.89249
53203,43.03810,-87.91673
53204,43.01859,-87.92605
53205,43.05347,-87.93379
53206,43.07513,-87.93370
53207,42.97510,-87.89890
53208,43.04705,-87.96720
53209,43.12778,-87.94948
53210,43.06884,-87.97377
53211,43.08241,-87.88144
53212,43.07386,-87.90860
53213,43.04881,-88.00152
53214,43.02033,-88.01287
53215,42.99927,-87.94302
53216,43.08639,-87.97638
53217,43.15823,-87.91323
53218,43.11372,-87.99298
53219,42.99518,-87.99369
53220,42.96520,-87.99136
53221,42.95392,-87.94450
53222,43.08321,-88.03494
53223,43.16345,-87.99050
53224,43.16333,-88.03970
53225,43.11514,-88.04297
53226,43.05063,-88.04316
53227,42.99581,-88.04202
53228,42.96905,-88.04322
53233,43.03692,-87.93384
53235,42.97311,-87.86790
53295,43.02247,-87.97610
53402,42.79589,-87.81653
53403,42.68417,-87.81553
53404,42.75405,-87.81129
53405,42.72692,-87.83017
53406,42.73454,-87.86489
53501,42.60621,-89.06550
53502,42.73041,-89.43807
53503,43.14298,-89.95751
53504,42.70352,-89.86035
53505,42.66107,-88.82090
53506,43.16482,-90.28635
53507,42.98427,-89.91403
53508,42.86619,-89.57558
53510,42.74536,-90.30524
53511,42.55424,-89.09453
53515,43.11500,-89.73934
53516,42.79685,-89.87357
53517,43.05698,-89.83233
53518,43.24099,-90.59513
53520,42.59682,-89.35274
53521,42.83810,-89.40030
53522,42.55691,-89.78349
53523,42.98441,-89.02884
53525,42.54454,-88.85866
53526,42.97410,-90.34364
53527,43.05136,-89.19226
53528,43.11830,-89.63801
53529,43.24256,-89.51469
53530,42.69383,-90.10588
53531,43.06219,-89.10243
53532,43.24968,-89.32669
53533,42.99682,-90.16232
53534,42.86082,-89.09331
53536,42.76123,-89.26786
53537,42.67240,-89.21051
53538,42.92005,-88.85714
53540,43.22926,-90.28491
53541,42.56614,-90.02937
53543,43.05757,-90.34546
53544,42.87756,-89.90566
53545,42.73873,-89.04022
53546,42.65224,-88.94817
53548,42.68299,-89.12467
53549,42.98448,-88.76558
53550,42.55284,-89.49393
53551,43.08181,-88.91565
53553,42.90784,-90.30217
53554,42.90869,-90.44067
53555,43.32015,-89.55578
53556,43.23812,-90.24551
53557,43.33895,-88.79766
53558,42.99713,-89.27549
53559,43.16557,-89.08190
53560,43.19226,-89.73767
53561,43.39494,-89.63862
53562,43.11595,-89.54347
53563,42.79519,-88.92968
53565,42.83749,-90.16659
53566,42.60778,-89.64986
53569,42.98899,-90.43894
53570,42.73105,-89.61958
53571,43.27802,-89.35327
53572,42.96141,-89.73396
53573,43.18751,-90.45914
53574,42.81657,-89.65017
53575,42.93306,-89.39055
53576,42.62574,-89.23321
53577,43.31161,-90.06435
53578,43.32745,-89.77553
53579,43.29598,-88.86773
53580,42.85981,-90.37804
53581,43.37246,-90.41410
53582,43.01837,-89.97880
53583,43.25053,-89.80448
53585,42.52962,-88.71560
53586,42.57310,-90.22668
53587,42.58031,-89.90414
53588,43.19374,-90.08626
53589,42.92826,-89.21524
53590,43.20023,-89.20520
53593,42.98520,-89.57934
53594,43.19078,-88.97385
53597,43.18343,-89.45731
53598,43.20974,-89.33653
53599,42.64731,-89.85721
53702,43.06093,-88.23064
53703,43.07961,-89.37842
53704,43.13583,-89.34748
53705,43.07401,-89.46051
53706,43.07427,-89.40930
53711,43.01128,-89.40931
53713,43.03605,-89.38689
53714,43.10035,-89.31197
53715,43.06841,-89.40202
53716,43.06516,-89.31378
53717,43.06769,-89.52106
53718,43.09702,-89.27460
53719,43.04531,-89.51538
53726,43.06978,-89.42250
53792,43.07755,-89.43064
53801,42.92483,-91.07456
53802,42.80579,-90.88856
53803,42.55949,-90.35369
53804,42.87493,-90.90782
53805,43.14330,-90.68693
53806,42.72985,-90.91984
53807,42.61684,-90.47270
53808,42.62611,-90.59307
53809,42.99376,-90.63364
53810,42.82079,-91.00195
53811,42.53795,-90.50680
53813,42.84423,-90.72122
53816,42.97884,-90.85439
53817,42.94509,-90.96767
53818,42.74570,-90.49232
53820,42.69977,-90.70147
53821,43.04908,-91.05733
53825,42.91822,-90.59059
53826,43.11373,-90.92476
53827,43.04586,-90.82047
53901,43.56091,-89.48315
53910,43.88668,-89.80775
53911,43.32582,-89.36750
53913,43.49277,-89.72873
53916,43.45469,-88.84932
53919,43.73386,-88.77601
53920,43.66551,-89.59494
53922,43.52093,-88.71515
53923,43.57414,-89.13836
53924,43.48341,-90.26173
53925,43.32670,-89.05715
53926,43.66688,-89.22284
53928,43.42708,-89.15661
53929,43.75141,-90.28360
53930,43.69169,-89.48683
53931,43.73936,-88.86300
53932,43.42236,-89.05533
53933,43.58405,-88.87521
53934,43.98825,-89.82022
53935,43.58763,-89.06555
53936,43.86889,-89.70731
53937,43.38688,-90.14542
53939,43.69043,-89.13065
53941,43.57002,-90.16105
53943,43.38682,-90.03525
53944,43.68592,-89.92867
53946,43.71245,-89.02082
53947,43.74677,-89.13996
53948,43.77656,-90.04025
53949,43.78329,-89.33628
53950,43.90116,-90.13780
53951,43.38793,-89.87625
53952,43.78320,-89.59737
53953,43.77264,-89.46814
53954,43.55154,-89.31391
53955,43.40661,-89.41663
53956,43.54202,-89.01757
53959,43.53350,-89.99964
53960,43.42609,-89.23538
53961,43.45762,-89.92755
53963,43.63947,-88.74330
53964,43.91258,-89.51250
53965,43.67142,-89.74813
53968,43.64613,-90.22783
53969,43.49324,-89.30183
54001,45.33433,-92.38661
54002,44.96302,-92.36953
54003,44.79447,-92.44573
54004,45.30222,-92.12518
54005,45.23612,-92.22750
54006,45.59051,-92.64669
54007,45.19033,-92.35294
54009,45.35252,-92.57782
54010,44.73432,-92.46563
54011,44.71829,-92.46471
54013,45.08295,-92.22817
54014,44.64687,-92.56751
54015,44.97082,-92.45316
54016,44.98121,-92.69478
54017,45.12002,-92.51979
54020,45.27485,-92.64176
54021,44.73418,-92.70631
54022,44.84747,-92.60688
54023,44.98177,-92.55474
54024,45.50170,-92.64073
54025,45.14375,-92.68036
54026,45.22758,-92.53474
54027,44.91937,-92.19283
54028,44.95497,-92.28341
54082,45.06956,-92.75110
54101,44.78578,-88.07508
54102,45.50131,-87.97693
54103,45.63688,-88.51630
54104,45.44842,-88.28321
54106,44.48546,-88.45659
54107,44.70066,-88.45694
54110,44.18769,-88.07513
54111,44.81210,-88.38002
54112,45.05469,-88.05484
54113,44.26199,-88.30953
54114,45.24541,-88.10886
54115,44.39797,-88.09639
54119,45.60746,-88.15973
54120,45.80345,-88.56933
54121,45.86564,-88.32697
54123,44.21099,-88.14265
54124,44.90802,-88.34523
54125,45.57914,-88.40162
54126,44.29190,-88.05072
54127,44.79639,-88.26960
54128,44.87878,-88.81109
54129,44.13158,-88.19420
54130,44.31102,-88.24408
54135,44.92738,-88.60794
54136,44.26822,-88.33853
54137,44.75681,-88.25501
54138,45.33361,-88.40969
54139,44.95684,-88.07551
54140,44.28843,-88.31055
54141,44.72858,-87.99832
54143,45.07617,-87.69883
54149,45.19653,-88.46245
54150,44.99764,-88.85376
54151,45.72544,-87.98822
54153,44.89807,-87.91574
54154,44.87369,-88.18207
54155,44.52750,-88.20055
54156,45.62871,-88.02446
54157,45.04057,-87.82144
54159,45.19335,-87.83885
54160,44.11848,-88.10170
54161,45.12221,-88.16242
54162,44.66254,-88.27090
54165,44.51662,-88.32202
54166,44.77880,-88.63455
54169,44.17669,-88.28074
54170,44.53610,-88.57693
54171,44.71523,-88.09647
54173,44.63928,-88.03064
54174,45.03691,-88.42439
54175,45.31460,-88.61833
54177,45.39662,-87.89379
54180,44.32573,-88.17578
54201,44.62433,-87.49568
54202,45.08731,-87.14006
54204,44.75547,-87.60532
54205,44.59620,-87.63242
54207,44.08763,-87.98901
54208,44.36357,-87.79959
54209,45.01795,-87.27039
54210,45.24625,-87.03592
54211,45.16036,-87.16637
54212,45.10977,-87.20903
54213,44.69516,-87.52823
54214,44.19754,-87.71302
54216,44.43860,-87.56991
54217,44.55197,-87.72027
54220,44.10180,-87.72280
54227,44.28077,-87.81080
54228,44.27816,-87.65028
54229,44.56006,-87.81552
54230,44.15984,-87.91504
54232,44.00735,-87.92479
54234,45.18196,-87.10151
54235,44.84089,-87.37279
54241,44.21587,-87.59471
54245,44.03092,-87.89806
54246,45.37321,-86.89937
54247,44.19997,-87.79009
54301,44.48078,-88.01606
54302,44.50765,-87.97683
54303,44.53807,-88.04876
54304,44.49279,-88.06730
54307,44.47043,-88.03664
54311,44.48032,-87.89208
54313,44.58377,-88.11504
54401,44.96330,-89.70405
54403,45.01850,-89.52512
54405,44.96753,-90.28227
54406,44.41222,-89.30493
54407,44.53219,-89.28177
54408,45.02558,-89.32400
54409,45.12218,-89.17087
54410,44.54229,-90.03060
54411,45.06256,-90.03342
54412,44.66327,-89.97423
54413,44.27324,-90.13010
54414,44.95967,-89.17686
54416,44.88412,-88.94842
54417,45.02615,-89.65529
54418,45.22056,-88.94022
54420,44.61008,-90.35068
54421,44.89519,-90.28869
54422,44.98589,-90.45750
54423,44.58528,-89.42168
54424,45.28666,-89.19233
54425,45.00678,-90.34108
54426,44.90747,-90.00979
54427,44.81722,-89.25834
54428,45.42117,-89.13571
54430,45.14763,-88.87327
54433,45.19877,-90.80298
54435,45.36047,-89.43820
54436,44.53456,-90.42716
54437,44.77721,-90.62914
54440,44.81122,-89.38338
54441,44.64250,-90.10481
54442,45.35885,-89.65898
54443,44.60892,-89.75172
54446,44.74779,-90.46641
54447,45.08599,-90.74726
54448,44.93329,-89.83021
54449,44.63842,-90.20836
54450,45.00432,-89.04066
54451,45.19739,-90.40765
54452,45.21773,-89.79364
54454,44.60672,-89.88288
54455,44.76682,-89.68447
54456,44.54440,-90.63278
54457,44.21754,-89.88814
54458,44.49712,-89.30614
54459,45.41259,-90.23743
54460,44.93871,-90.54330
54462,45.39200,-89.00739
54463,45.49863,-89.22425
54465,45.38330,-88.89122
54466,44.37959,-90.30634
54467,44.41392,-89.53890
54469,44.34515,-89.87409
54470,45.28661,-90.14151
54471,44.93072,-89.42432
54473,44.65064,-89.35237
54474,44.87371,-89.61975
54475,44.48461,-89.79313
54476,44.88996,-89.52072
54479,44.75061,-90.33199
54480,45.05431,-90.26929
54481,44.51066,-89.63825
54482,44.54686,-89.52560
54484,44.79971,-90.07863
54485,45.41100,-89.23117
54486,44.71805,-89.04523
54487,45.51417,-89.77512
54488,44.84040,-90.33312
54489,44.46078,-90.00399
54490,45.34339,-90.39233
54491,45.22748,-88.74901
54493,44.69676,-90.81072
54494,44.34081,-89.73501
54495,44.37821,-89.96406
54498,45.03511,-90.62902
54499,44.78983,-89.17641
54501,45.65761,-89.34924
54511,45.73748,-88.82314
54512,46.09115,-89.65902
54513,45.57837,-90.14126
54514,46.04178,-90.47329
54515,45.51260,-90.49110
54517,46.14592,-90.93068
54519,46.05077,-89.26274
54520,45.54750,-88.89284
54521,45.93671,-89.29135
54524,45.83265,-90.34705
54525,46.42293,-90.21985
54526,45.52927,-90.85718
54527,46.12590,-90.68568
54529,45.67771,-89.66716
54530,45.53399,-90.74163
54531,45.75282,-89.77465
54534,46.34771,-90.22809
54536,46.30573,-90.35457
54537,45.52884,-90.60356
54538,45.97006,-89.91192
54539,45.81335,-89.56214
54540,46.15479,-89.37274
54541,45.55644,-88.61907
54542,45.92030,-88.71551
54545,46.13956,-89.84187
54546,46.29967,-90.69472
54547,46.21159,-90.10617
54548,45.86601,-89.83173
54550,46.36175,-90.27670
54552,45.93924,-90.31661
54554,46.05343,-89.04926
54555,45.70565,-90.40477
54556,45.53522,-90.29822
54557,46.21178,-89.74784
54558,45.92513,-89.49938
54559,46.49521,-90.49123
54560,46.03668,-89.55231
54561,46.09754,-89.51340
54562,45.80266,-89.07934
54563,45.46016,-90.97055
54564,45.60413,-89.96143
54565,46.28483,-90.46551
54566,45.42013,-88.60120
54568,45.96540,-89.63854
54601,43.80624,-91.14063
54603,43.85676,-91.24193
54610,44.36512,-91.83171
54611,44.44771,-90.95217
54612,44.24959,-91.50151
54613,44.07558,-89.92374
54614,43.90494,-90.95284
54615,44.26046,-90.81330
54616,44.30085,-91.22356
54618,43.96363,-90.28585
54619,43.75750,-90.77423
54621,43.65630,-91.08095
54622,44.27343,-91.77397
54623,43.73299,-91.00626
54624,43.46151,-91.13114
54625,44.13342,-91.52500
54626,43.21965,-91.05404
54627,44.17145,-91.22676
54628,43.37299,-91.02618
54629,44.17405,-91.63934
54630,44.12271,-91.37289
54631,43.28501,-90.83089
54632,43.56879,-91.14654
54634,43.58170,-90.42239
54635,44.40290,-91.04555
54636,44.00316,-91.22395
54637,43.87873,-90.27021
54638,43.80005,-90.40419
54639,43.60195,-90.63780
54641,44.27065,-90.33009
54642,44.15208,-91.04494
54643,44.18697,-90.63818
54644,44.03608,-91.06341
54645,43.32115,-90.93264
54646,44.11380,-90.09806
54648,43.82943,-90.65259
54650,43.91034,-91.22702
54651,43.72363,-90.57314
54652,43.46048,-90.76228
54653,43.81609,-90.90143
54654,43.27047,-90.96539
54655,43.37101,-90.75910
54656,43.99009,-90.80319
54657,43.18804,-90.89589
54658,43.68213,-91.16809
54659,44.29907,-91.11478
54660,43.98254,-90.49441
54661,44.05760,-91.46783
54664,43.48833,-90.64290
54665,43.53198,-90.92860
54666,44.17013,-90.44967
54667,43.66380,-90.85999
54669,43.91117,-91.08394
54670,43.83737,-90.48585
54701,44.75198,-91.51500
54703,44.83461,-91.52045
54720,44.80414,-91.43575
54721,44.63374,-92.08273
54722,44.71181,-91.09600
54723,44.61059,-92.41943
54724,45.10505,-91.48648
54725,45.07319,-91.99092
54726,44.93724,-91.02590
54727,44.95395,-91.15911
54728,45.30795,-91.63776
54729,44.94636,-91.39452
54730,45.01852,-91.71961
54731,45.34984,-91.09040
54732,45.14463,-91.17049
54733,45.27866,-91.85018
54734,45.09874,-92.12576
54736,44.59858,-91.90650
54737,44.71841,-91.98163
54738,44.58829,-91.48881
54739,44.85978,-91.70116
54740,44.75144,-92.16681
54741,44.62034,-90.97461
54742,44.76644,-91.26702
54745,45.25113,-91.12340
54746,44.55324,-90.88006
54747,44.40140,-91.51211
54748,45.07508,-91.26302
54749,44.94805,-92.10716
54750,44.61379,-92.29455
54751,44.85067,-91.93156
54754,44.42716,-90.75332
54755,44.57575,-91.68129
54756,44.46807,-91.93960
54757,45.23720,-91.52235
54758,44.55792,-91.21652
54759,44.48908,-92.12926
54760,44.42404,-91.20637
54761,44.62324,-92.17830
54762,45.24616,-91.99310
54763,45.17986,-91.88174
54765,45.16913,-91.68559
54766,45.34074,-90.85799
54767,44.82380,-92.26803
54768,44.95692,-90.93019
54769,44.52823,-92.23971
54770,44.54856,-91.37191
54771,44.93696,-90.81254
54772,45.10059,-91.88175
54773,44.39002,-91.29640
54801,45.87886,-91.94277
54805,45.41207,-92.02359
54806,46.55242,-90.87014
54810,45.45708,-92.37441
54812,45.39247,-91.88262
54813,45.65294,-92.04481
54814,46.86331,-90.90121
54817,45.67083,-91.55015
54819,45.48692,-91.30529
54820,46.57253,-91.56504
54821,46.21697,-91.16619
54822,45.40094,-91.69441
54824,45.48472,-92.53989
54826,45.49524,-92.15967
54827,46.78828,-91.09674
54828,45.84098,-91.29425
54829,45.56665,-92.04724
54830,46.10601,-92.22568
54832,46.31929,-91.34344
54835,45.69160,-91.24709
54836,46.45444,-92.19504
54837,45.67428,-92.35771
54838,46.25871,-91.81889
54839,46.36158,-91.13998
54840,45.75126,-92.69238
54841,45.60662,-91.77863
54842,46.50537,-91.85467
54843,46.02360,-91.29303
54844,46.80478,-91.23319
54845,45.79326,-92.18689
54846,46.37832,-90.72024
54847,46.57933,-91.39985
54848,45.51604,-91.10382
54849,46.48110,-91.72541
54850,46.94065,-90.57083
54853,45.56811,-92.45021
54854,46.65038,-91.66717
54855,46.38263,-90.82752
54856,46.44275,-91.12931
54857,45.59623,-91.60564
54858,45.51938,-92.45784
54859,46.12300,-91.80366
54861,46.61497,-90.65668
54862,45.77870,-91.14238
54864,46.61335,-91.79063
54865,46.73972,-91.37499
54867,45.82170,-91.20312
54868,45.52566,-91.70767
54870,45.70926,-91.77527
54871,45.74963,-92.00202
54872,45.77707,-92.40171
54873,46.34634,-91.70223
54874,46.56554,-91.94281
54875,45.96564,-91.69222
54876,45.83604,-91.49351
54880,46.59087,-92.12831
54888,45.97481,-91.86689
54889,45.41511,-92.17011
54891,46.69959,-90.96484
54893,45.87868,-92.32598
54895,45.44943,-91.46076
54896,45.81696,-90.88181
54901,44.06276,-88.53577
54902,43.94689,-88.54028
54904,44.02340,-88.62384
54909,44.28070,-89.36740
54911,44.28153,-88.38100
54913,44.33600,-88.39997
54914,44.28085,-88.45204
54915,44.24335,-88.35590
54921,44.29522,-89.55917
54922,44.54482,-88.76214
54923,43.99772,-88.96680
54927,44.10313,-88.65437
54928,44.75270,-88.87921
54929,44.63659,-88.73938
54930,44.03264,-89.55480
54931,44.27450,-88.67913
54932,43.83200,-88.59097
54933,44.67048,-88.70319
54934,44.00297,-88.83926
54935,43.77366,-88.43678
54937,43.79203,-88.39098
54940,44.22037,-88.84256
54941,43.84470,-88.99288
54942,44.29476,-88.54829
54943,44.13281,-89.59041
54944,44.32469,-88.62696
54945,44.56864,-89.13683
54946,44.33660,-89.14440
54947,44.20359,-88.69875
54948,44.78063,-88.87284
54949,44.48399,-88.91549
54950,44.65722,-88.91808
54952,44.20104,-88.32948
54956,44.18234,-88.52765
54960,43.94173,-89.21900
54961,44.41020,-88.76169
54962,44.48619,-89.03097
54963,44.04416,-88.77917
54964,43.92164,-88.71702
54965,44.16797,-89.04389
54966,44.21010,-89.50478
54967,44.12674,-88.97579
54968,43.84693,-89.13606
54970,44.07276,-89.09817
54971,43.85769,-88.82776
54974,43.78759,-88.66349
54977,44.46118,-89.17121
54979,43.87253,-88.53640
54980,43.98358,-88.76729
54981,44.32267,-89.13148
54982,44.07275,-89.29088
54983,44.31934,-88.93307
54984,44.19057,-89.22346
54985,44.07507,-88.51847
54986,44.12330,-88.74991
55001,44.89878,-92.81911
55003,45.00748,-92.77906
55005,45.39611,-93.21846
55006,45.73827,-93.19894
55007,45.97129,-93.11785
55008,45.56949,-93.27663
55009,44.48387,-92.86516
55011,45.34074,-93.25331
55012,45.43798,-92.78835
55013,45.33861,-92.91299
55014,45.16183,-93.12800
55016,44.81769,-92.93462
55017,45.67745,-93.43659
55018,44.42397,-92.99617
55019,44.41911,-93.24822
55020,44.57541,-93.37129
55021,44.29973,-93.27722
55024,44.62707,-93.12497
55025,45.26845,-93.01885
55026,44.53511,-92.34601
55027,44.40634,-92.60939
55029,45.63834,-93.19836
55030,45.83507,-93.08945
55031,44.61252,-92.96216
55032,45.58627,-92.98800
55033,44.71319,-92.86225
55036,45.87122,-93.11964
55037,46.03886,-92.78517
55038,45.17339,-92.98118
55040,45.46896,-93.27997
55041,44.39419,-92.32019
55042,44.98785,-92.90965
55043,44.94058,-92.76885
55044,44.64215,-93.27645
55045,45.39532,-92.83501
55046,44.44178,-93.42467
55047,45.20043,-92.82073
55049,44.17628,-93.23076
55051,45.92889,-93.30312
55052,44.23102,-93.44366
55053,44.34652,-93.06135
55054,44.57008,-93.35030
55055,44.87440,-92.99865
55056,45.50858,-92.95388
55057,44.47046,-93.17612
55060,44.05913,-93.22348
55063,45.83857,-92.90290
55065,44.55072,-93.02494
55066,44.51193,-92.53923
55068,44.73548,-93.06277
55069,45.69063,-92.96658
55070,45.41003,-93.38698
55071,44.82136,-92.99838
55072,46.09819,-92.52853
55073,45.27310,-92.82501
55074,45.38778,-92.72005
55075,44.88803,-93.04050
55076,44.83607,-93.03217
55077,44.81464,-93.06475
55079,45.41947,-93.03539
55080,45.66642,-93.22222
55082,45.07313,-92.83968
55084,45.46259,-92.71622
55085,44.66969,-92.96343
55087,44.24854,-93.39490
55088,44.52359,-93.38345
55089,44.58378,-92.71642
55090,45.05373,-92.95799
55092,45.33405,-93.09988
55101,44.95148,-93.09065
55102,44.93190,-93.12129
55103,44.96426,-93.12263
55104,44.95389,-93.16445
55105,44.93718,-93.16828
55106,44.96355,-93.04952
55107,44.93107,-93.07917
55108,44.98232,-93.17466
55109,45.01455,-93.02554
55110,45.08991,-93.00599
55111,44.87841,-93.19639
55112,45.08051,-93.19206
55113,45.01220,-93.15119
55114,44.96669,-93.19507
55115,45.06790,-92.95344
55116,44.91072,-93.16958
55117,45.00356,-93.09128
55118,44.89431,-93.10095
55119,44.93742,-93.00740
55120,44.87598,-93.15065
55121,44.84654,-93.15493
55122,44.80670,-93.19733
55123,44.80893,-93.13845
55124,44.74530,-93.19941
55125,44.91803,-92.93828
55126,45.08445,-93.13282
55127,45.08202,-93.07753
55128,44.98755,-92.96355
55129,44.88347,-92.89277
55130,44.97330,-93.08241
55150,44.88635,-93.16551
55155,44.95603,-93.08268
55301,45.24856,-93.65982
55302,45.24652,-94.11713
55303,45.28841,-93.43153
55304,45.24761,-93.27504
55305,44.95635,-93.42809
55306,44.73094,-93.29138
55307,44.59971,-94.11122
55308,45.44139,-93.83203
55309,45.37773,-93.74434
55310,44.75912,-94.88076
55311,45.10640,-93.49703
55312,44.70634,-94.35129
55313,45.17466,-93.85146
55314,44.77902,-94.58973
55315,44.72110,-93.68897
55316,45.17293,-93.38683
55317,44.85870,-93.55021
55318,44.81079,-93.63625
55319,45.46876,-93.93934
55320,45.39633,-94.08605
55321,45.08757,-94.19314
55322,44.77189,-93.78712
55324,45.05306,-94.41800
55325,45.08487,-94.31696
55327,45.19573,-93.47580
55328,45.03342,-93.81369
55329,45.30454,-94.55894
55330,45.33417,-93.56822
55331,44.89567,-93.60765
55332,44.52042,-94.69949
55333,44.56296,-94.86063
55334,44.53565,-94.18842
55335,44.53110,-94.55314
55336,44.77719,-94.19893
55337,44.77847,-93.27227
55338,44.67479,-94.00068
55339,44.72343,-93.95696
55340,45.07826,-93.57212
55341,45.15776,-93.66275
55342,44.74292,-94.73900
55343,44.91437,-93.41625
55344,44.86384,-93.43001
55345,44.91544,-93.48443
55346,44.88081,-93.48201
55347,44.82799,-93.46238
55349,45.05865,-94.07454
55350,44.90063,-94.39137
55352,44.65147,-93.59261
55353,45.32910,-94.32463
55354,44.88044,-94.06141
55355,45.09813,-94.53938
55356,44.99424,-93.58962
55357,45.10372,-93.67422
55358,45.24689,-93.99855
55359,45.00735,-93.69261
55360,44.91596,-93.91965
55362,45.29207,-93.83881
55363,45.03782,-93.91814
55364,44.93699,-93.67780
55366,44.67265,-94.23206
55367,44.89524,-93.97603
55368,44.74006,-93.89975
55369,45.12745,-93.44540
55370,44.77720,-94.03678
55371,45.57864,-93.59206
55372,44.68239,-93.41359
55373,45.08821,-93.72159
55374,45.17555,-93.57553
55375,44.90811,-93.72159
55376,45.21125,-93.68790
55378,44.75906,-93.36421
55379,44.74344,-93.51003
55381,44.93096,-94.19998
55382,45.30042,-94.19909
55384,44.93776,-93.63514
55385,44.73911,-94.48920
55386,44.86322,-93.66688
55387,44.86122,-93.78403
55388,44.95598,-93.84028
55389,45.29792,-94.44263
55390,45.06518,-93.97964
55391,44.96097,-93.53402
55395,44.95378,-94.06859
55396,44.54631,-94.36701
55397,44.82380,-93.93796
55398,45.46482,-93.61203
55401,44.98458,-93.26910
55402,44.97604,-93.27144
55403,44.96992,-93.28425
55404,44.96200,-93.26121
55405,44.97267,-93.30188
55406,44.94050,-93.22104
55407,44.93504,-93.25303
55408,44.94042,-93.29264
55409,44.93033,-93.28148
55410,44.91182,-93.31964
55411,44.99901,-93.29836
55412,45.02732,-93.30361
55413,44.99946,-93.24168
55414,44.97838,-93.22245
55415,44.97480,-93.25765
55416,44.95019,-93.33633
55417,44.90444,-93.23041
55418,45.02132,-93.24285
55419,44.90580,-93.28765
55420,44.83597,-93.27718
55421,45.05090,-93.25383
55422,45.00928,-93.34110
55423,44.87435,-93.28244
55424,44.90502,-93.34486
55425,44.85117,-93.22608
55426,44.95831,-93.37411
55427,45.00550,-93.37915
55428,45.06295,-93.38136
55429,45.06366,-93.34118
55430,45.06768,-93.30209
55431,44.82453,-93.31260
55432,45.09670,-93.25373
55433,45.16041,-93.31484
55434,45.16367,-93.25044
55435,44.87398,-93.33526
55436,44.90414,-93.37316
55437,44.82435,-93.34300
55438,44.82312,-93.38613
55439,44.87563,-93.37475
55441,45.00243,-93.42317
55442,45.04892,-93.42621
55443,45.11768,-93.33815
55444,45.10405,-93.30181
55445,45.12244,-93.37918
55446,45.03914,-93.48970
55447,45.00110,-93.48956
55448,45.19360,-93.30044
55449,45.17598,-93.18415
55450,44.87208,-93.22899
55454,44.96952,-93.24122
55455,44.97198,-93.23344
55601,47.23564,-91.36595
55602,47.34971,-91.88645
55603,47.54650,-91.25119
55604,47.97910,-90.59961
55605,47.96529,-89.73713
55606,47.93452,-89.98886
55607,47.56319,-91.41732
55609,46.96724,-91.77885
55612,47.78786,-90.70560
55613,47.58163,-90.92216
55614,47.36824,-91.37600
55615,47.65310,-90.82065
55616,47.17061,-91.64229
55702,46.95736,-92.63757
55703,47.73101,-92.75016
55704,46.21908,-92.75167
55705,47.45180,-92.20736
55706,47.72142,-91.96154
55707,46.55174,-92.63611
55708,47.57134,-92.34657
55709,47.42875,-93.37305
55710,47.62977,-92.70848
55711,46.81875,-92.69077
55712,46.28175,-92.52058
55713,47.50056,-92.74584
55716,47.32196,-93.26417
55717,47.06875,-92.38721
55718,46.62093,-92.48640
55719,47.54104,-92.86219
55720,46.75098,-92.53337
55721,47.22127,-93.68317
55722,47.27890,-93.44189
55723,47.83920,-92.91606
55724,47.16639,-92.35512
55725,48.25292,-92.16550
55726,46.67404,-92.82938
55731,48.00758,-91.65236
55732,47.67284,-92.20867
55733,46.71383,-92.36079
55734,47.35227,-92.44427
55735,46.21029,-93.01021
55736,46.95557,-92.94075
55738,47.26433,-92.66035
55741,47.46258,-92.39823
55742,47.20676,-93.14418
55744,47.23531,-93.50698
55746,47.36185,-92.95566
55748,47.01445,-93.62127
55749,46.43956,-92.44331
55750,47.53143,-91.96381
55751,47.39732,-92.65914
55752,46.95055,-93.28594
55753,47.39544,-93.08157
55756,46.36118,-92.58456
55757,46.51256,-92.95025
55758,47.50604,-92.72017
55760,46.64259,-93.25742
55763,47.34750,-92.15533
55764,47.33260,-93.29145
55765,47.10381,-92.75625
55766,47.26818,-92.45843
55767,46.45030,-92.76095
55768,47.48698,-92.68433
55769,47.47999,-93.18386
55771,48.13329,-92.81192
55772,48.09255,-93.13514
55775,47.32017,-93.17158
55779,46.90874,-92.44913
55780,46.68902,-92.69826
55781,47.67618,-93.05951
55782,47.83295,-92.20601
55783,46.39641,-92.89245
55784,47.05839,-93.16528
55785,46.92158,-93.73122
55786,47.31790,-93.38285
55787,46.67842,-93.10298
55790,47.92762,-92.25130
55792,47.59703,-92.47968
55793,47.11630,-93.28397
55795,46.29821,-92.88289
55797,46.56650,-92.36212
55798,46.72321,-92.96778
55802,46.74293,-92.06456
55803,47.05354,-92.06846
55804,46.93135,-91.93634
55805,46.80082,-92.09579
55806,46.76814,-92.12764
55807,46.73548,-92.16794
55808,46.67628,-92.24139
55810,46.75675,-92.26944
55811,46.84247,-92.22198
55812,46.80869,-92.07073
55814,46.83371,-92.19768
55901,44.06982,-92.50658
55902,43.97130,-92.50787
55904,43.95331,-92.40139
55905,44.05595,-92.52591
55906,44.09990,-92.40817
55909,43.56206,-92.73369
55910,44.12866,-91.97183
55912,43.68261,-92.98845
55917,43.88482,-93.07548
55918,43.74082,-92.84646
55919,43.62006,-91.29948
55920,44.01377,-92.62202
55921,43.62900,-91.45887
55922,43.55896,-91.90095
55923,43.85104,-92.18608
55924,44.02923,-93.02729
55925,43.91209,-91.45841
55926,43.74321,-92.70688
55927,44.03647,-92.87092
55929,43.97677,-92.13968
55931,43.50866,-91.38523
55932,44.15221,-92.29834
55933,43.64600,-92.68058
55934,44.00397,-92.26427
55935,43.74792,-92.12917
55936,43.71702,-92.57767
55939,43.54343,-92.09173
55940,43.89861,-92.80949
55941,43.72485,-91.34915
55943,43.78296,-91.58268
55944,43.98952,-92.71801
55945,44.26687,-92.05250
55946,44.27321,-92.96619
55947,43.82289,-91.36636
55949,43.70296,-91.92969
55950,43.74710,-92.96448
55951,43.52923,-92.48249
55952,43.94330,-91.84358
55953,43.52662,-92.96661
55954,43.55706,-91.78011
55955,44.08732,-92.74087
55956,44.28602,-92.52760
55957,44.24531,-92.26088
55959,44.11794,-91.79953
55960,44.14024,-92.53517
55961,43.60840,-92.47376
55962,43.76219,-91.84513
55963,44.18083,-92.67114
55964,44.16025,-92.15808
55965,43.62319,-92.12819
55967,43.79516,-92.51338
55968,44.39704,-92.08994
55969,44.08248,-91.87730
55970,43.59521,-92.83195
55971,43.81579,-91.75468
55972,43.99617,-92.04894
55973,43.80624,-92.77286
55974,43.57714,-91.64799
55975,43.67787,-92.36443
55976,43.86435,-92.48736
55977,43.55578,-92.64807
55979,43.92036,-91.95096
55981,44.35761,-92.04923
55982,43.81577,-92.88475
55983,44.29140,-92.80698
55985,44.15825,-92.90439
55987,43.99425,-91.62544
55990,43.73218,-92.26179
55991,44.26121,-92.41857
55992,44.32280,-92.68288
56001,44.12817,-93.97899
56003,44.21927,-94.09033
56007,43.66089,-93.32456
56009,43.66183,-93.54640
56010,43.88616,-94.17981
56011,44.60246,-93.77262
56013,43.62019,-94.10379
56014,43.58316,-93.81790
56016,43.76206,-93.34311
56017,44.30535,-93.81954
56019,44.11587,-94.88897
56020,43.60742,-93.53832
56021,44.28931,-94.31602
56022,44.05355,-94.83935
56023,43.78234,-94.01356
56024,44.14355,-93.83886
56025,43.75324,-93.91735
56026,43.88576,-93.29099
56027,43.51671,-94.11664
56028,44.22626,-93.71742
56029,43.53005,-93.52228
56031,43.62685,-94.46232
56032,43.76369,-93.55683
56033,43.56506,-93.93815
56034,44.02860,-94.18196
56035,43.81952,-93.27261
56036,43.55188,-93.22102
56037,44.01624,-94.05162
56039,43.66342,-94.32359
56041,44.16130,-94.53309
56042,43.80423,-93.48376
56043,43.64939,-93.22243
56044,44.56471,-93.95684
56045,43.75708,-93.21432
56046,43.96452,-93.27145
56047,43.73226,-94.23349
56048,44.09277,-93.72110
56050,44.26611,-93.94543
56051,43.53746,-93.71056
56052,44.32707,-93.55870
56054,44.43523,-94.37376
56055,44.12849,-94.23528
56056,44.07270,-94.57957
56057,44.39070,-93.71058
56058,44.44186,-93.91403
56060,43.92874,-94.44106
56062,44.04624,-94.41412
56063,44.21365,-93.81843
56065,43.94223,-93.92843
56068,43.86531,-93.80614
56069,44.41210,-93.54244
56071,44.53498,-93.57944
56072,43.89923,-93.51708
56073,44.30483,-94.46474
56074,44.32688,-94.19694
56075,43.73505,-94.43669
56078,44.00592,-93.76087
56080,44.08042,-93.85451
56081,43.99109,-94.62935
56082,44.35729,-94.03696
56083,44.20093,-95.13405
56085,44.29467,-94.73772
56087,44.24051,-94.97525
56088,43.82422,-94.44330
56089,43.56157,-93.43114
56090,43.95635,-94.24404
56091,43.92743,-93.68134
56093,44.06257,-93.51976
56096,44.24489,-93.60347
56097,43.72097,-93.71328
56098,43.79302,-94.18177
56101,43.87973,-95.13383
56110,43.62222,-95.94505
56111,43.63936,-94.88271
56113,44.39541,-96.15317
56114,43.97622,-95.59325
56115,44.20946,-95.90577
56116,43.61438,-96.38634
56117,43.52312,-95.68738
56118,43.95058,-95.02918
56119,43.71372,-95.46300
56120,43.96238,-94.79264
56121,43.53462,-94.58423
56122,43.89845,-95.95600
56123,44.08694,-95.59241
56125,44.05819,-95.55287
56127,43.54749,-94.76472
56128,43.88154,-96.11030
56129,43.52920,-96.04190
56131,43.85585,-95.57254
56132,44.20345,-95.76494
56134,43.79569,-96.23840
56136,44.49491,-96.39465
56137,43.84037,-95.33070
56138,43.53458,-96.38953
56139,44.10393,-96.17943
56140,43.90877,-96.36800
56141,43.87708,-95.80388
56142,44.46764,-96.23104
56143,43.63262,-95.00867
56144,43.85139,-96.39200
56145,44.05473,-95.17572
56146,43.58006,-96.10343
56147,43.75741,-96.05768
56149,44.30416,-96.30556
56150,43.62822,-95.19716
56151,44.03145,-95.92942
56152,44.23030,-95.27613
56153,43.82666,-96.00310
56155,43.77245,-95.94479
56156,43.66266,-96.22526
56157,44.40418,-95.94838
56158,43.64063,-96.07850
56159,43.94118,-94.93191
56160,43.84116,-94.80473
56161,43.70703,-95.32483
56162,43.84170,-94.66874
56164,44.06052,-96.34268
56165,43.72534,-95.70306
56166,44.20300,-95.38099
56167,43.55393,-95.40873
56168,43.61749,-95.80949
56169,44.33833,-96.00651
56170,44.17368,-96.09055
56171,43.67128,-94.76179
56172,44.01416,-95.77551
56173,43.52472,-96.24598
56174,44.01634,-95.30509
56175,44.26070,-95.63851
56176,43.78329,-94.72049
56177,43.88913,-96.25288
56178,44.28449,-96.13323
56180,44.24620,-95.45959
56181,43.67780,-94.62660
56183,44.02902,-95.43113
56185,43.79853,-95.82424
56186,44.03323,-96.07426
56187,43.62280,-95.58320
56201,45.10218,-95.04182
56207,45.49170,-96.06622
56208,45.24672,-96.00477
56209,45.12725,-94.81197
56210,45.55990,-96.56538
56211,45.57420,-96.67984
56212,45.13087,-96.32383
56214,44.60369,-95.32264
56215,45.31772,-95.57195
56216,44.94250,-95.05938
56218,44.82695,-95.94047
56219,45.60766,-96.81828
56220,44.73211,-96.29524
56221,45.54813,-96.19286
56222,44.98540,-95.35676
56223,44.76214,-95.81877
56224,44.37283,-95.05213
56225,45.44097,-96.44268
56226,45.42160,-95.67810
56227,45.29084,-96.16883
56228,44.95123,-94.68518
56229,44.59404,-95.71638
56230,44.76346,-95.08406
56231,45.27951,-95.76321
56232,44.93261,-96.03522
56235,45.70973,-96.01651
56236,45.66458,-96.41613
56237,44.61661,-95.43346
56239,44.50419,-95.91044
56240,45.56256,-96.48365
56241,44.79789,-95.57295
56243,45.17024,-94.68649
56244,45.47772,-95.78013
56245,44.68404,-95.67730
56248,45.78621,-96.13581
56249,45.31873,-95.90156
56251,45.14372,-94.92018
56252,45.17825,-95.31012
56253,44.95818,-94.86619
56255,44.39707,-95.41931
56256,45.02869,-96.20242
56257,44.96926,-96.40215
56258,44.44607,-95.75817
56260,44.96328,-95.48300
56262,45.11507,-95.86971
56263,44.42149,-95.53248
56264,44.57019,-95.98480
56265,44.99982,-95.70648
56266,44.42106,-94.91451
56267,45.58246,-95.92879
56270,44.57041,-94.98737
56271,45.24475,-95.40499
56273,45.31788,-94.97993
56274,45.90222,-96.24573
56276,45.24643,-96.32421
56277,44.75580,-94.98552
56278,45.34800,-96.37995
56279,45.21883,-95.16984
56280,44.63270,-96.16869
56281,44.95323,-95.16927
56282,45.04015,-95.22843
56283,44.52801,-95.13887
56284,44.78188,-95.19835
56285,44.78870,-95.34606
56287,44.47575,-95.32645
56288,45.23923,-94.94810
56289,45.33319,-95.22445
56291,44.62665,-96.08186
56292,44.50207,-95.45650
56293,44.41651,-95.25990
56294,44.31322,-95.21354
56295,45.03581,-95.82668
56296,45.82683,-96.46246
56297,44.63663,-95.52937
56301,45.48708,-94.24278
56303,45.57402,-94.21527
56304,45.53037,-94.05720
56307,45.62681,-94.59103
56308,45.87839,-95.38605
56309,46.07926,-95.80597
56310,45.63348,-94.45134
56311,45.89745,-95.89558
56312,45.47012,-94.96185
56313,45.78402,-93.55275
56314,45.81470,-94.43296
56315,45.98014,-95.59338
56316,45.48830,-95.16266
56318,45.85304,-94.67453
56319,46.01082,-95.21569
56320,45.46678,-94.40280
56321,45.57972,-94.39187
56323,45.62963,-95.72392
56324,46.16896,-95.90407
56325,45.56310,-94.94638
56326,46.03956,-95.67081
56327,45.75448,-95.60823
56328,45.95474,-94.51759
56329,45.70907,-93.91482
56330,45.75324,-93.75638
56331,45.67900,-94.67172
56332,45.96742,-95.50640
56334,45.57438,-95.33678
56335,45.60044,-94.86169
56336,45.82073,-94.76256
56338,46.04310,-93.85422
56339,45.82498,-95.82116
56340,45.75947,-94.42902
56342,46.18381,-93.36897
56343,45.78592,-95.70497
56345,45.98842,-94.37353
56347,45.96779,-94.87163
56349,45.72614,-95.51296
56350,46.30503,-93.23041
56352,45.64180,-94.80636
56353,45.80366,-93.62908
56354,46.05721,-95.24862
56355,45.94144,-95.24572
56356,45.62902,-94.75330
56357,45.69152,-93.79816
56358,45.83798,-93.44614
56359,46.09961,-93.66533
56360,45.88515,-95.10550
56361,46.15670,-95.33766
56362,45.40203,-94.71224
56363,45.69715,-93.65221
56364,46.00501,-94.07299
56367,45.76376,-94.18205
56368,45.46427,-94.56116
56369,45.46701,-94.34536
56371,45.43317,-94.63668
56373,45.85974,-94.23056
56374,45.67003,-94.30335
56375,45.70088,-94.27430
56376,45.50563,-94.67960
56377,45.64641,-94.24812
56378,45.72503,-94.98728
56379,45.63968,-94.08268
56381,45.55682,-95.53777
56382,45.90786,-94.59833
56384,45.80949,-94.56718
56385,45.70087,-95.23219
56386,46.11444,-93.51950
56387,45.53288,-94.23969
56389,45.79949,-95.09292
56401,46.32292,-94.12521
56425,46.34394,-94.27602
56431,46.49109,-93.63557
56433,46.97371,-94.69702
56434,46.33846,-94.93466
56435,46.83790,-94.54528
56436,47.16114,-94.68769
56437,46.24574,-95.05849
56438,46.13860,-94.81918
56440,46.14198,-94.95509
56441,46.57776,-93.98148
56442,46.67821,-94.10201
56443,46.17889,-94.61983
56444,46.43578,-93.88894
56446,46.12884,-95.09749
56447,46.74704,-93.91047
56448,46.76547,-94.11784
56449,46.17855,-94.26142
56450,46.23126,-93.83152
56452,46.95702,-94.44822
56453,46.31600,-95.17537
56455,46.44099,-94.00062
56456,46.63774,-94.33729
56458,47.20014,-94.96772
56461,47.23207,-94.85391
56464,46.77290,-95.12412
56465,46.53732,-94.11443
56466,46.42053,-94.64273
56467,46.99270,-94.81858
56468,46.48766,-94.29052
56469,46.78124,-93.56678
56470,47.02689,-95.09189
56472,46.57372,-94.38272
56473,46.35753,-94.49330
56474,46.71985,-94.40284
56475,46.07972,-94.54599
56477,46.64462,-95.00017
56479,46.43461,-94.79454
56481,46.47542,-94.91965
56482,46.46428,-95.14769
56484,47.09313,-94.46801
56501,46.83728,-95.81404
56510,47.35881,-96.52487
56511,46.83994,-95.99528
56514,46.64571,-96.43139
56515,46.30184,-95.70514
56516,47.44203,-95.97601
56517,47.56034,-96.54963
56518,46.49008,-95.25036
56519,47.16194,-96.47898
56520,46.28975,-96.49708
56521,46.99930,-95.90181
56522,46.13193,-96.37939
56523,47.65025,-96.81337
56524,46.21679,-95.61548
56525,46.66634,-96.75005
56527,46.37832,-95.31971
56528,46.52135,-95.82381
56529,46.87649,-96.68998
56531,45.98891,-95.97791
56533,46.40976,-96.15506
56534,46.47158,-96.01141
56535,47.67754,-96.04166
56536,47.04679,-96.52297
56537,46.27545,-96.08979
56540,47.55771,-96.26958
56541,47.16239,-96.14150
56542,47.55033,-95.73622
56543,46.28701,-96.33832
56544,46.75779,-95.60544
56545,47.39737,-96.24325
56546,47.10488,-96.72007
56547,46.88947,-96.55373
56548,47.36827,-96.74536
56549,46.84775,-96.31225
56550,47.27393,-96.74306
56551,46.31739,-95.44691
56552,46.98461,-96.20430
56553,46.42883,-96.61826
56554,46.88554,-96.11609
56556,47.66295,-95.87997
56557,47.31722,-95.79496
56560,46.84268,-96.72896
56565,46.04959,-96.29764
56566,47.23891,-95.61290
56567,46.54979,-95.37443
56568,47.53497,-96.76291
56569,47.07377,-95.85967
56570,46.91793,-95.36714
56571,46.43381,-95.54271
56572,46.59780,-96.06515
56573,46.61877,-95.54828
56574,47.20212,-96.71429
56575,47.04241,-95.43484
56576,46.46311,-95.69941
56577,46.97416,-95.80345
56578,46.94089,-95.64150
56579,46.46353,-96.33866
56580,46.73606,-96.60401
56581,47.46233,-96.76183
56583,46.01057,-96.41097
56584,47.22366,-96.23741
56585,47.08832,-96.24636
56586,46.31827,-95.83090
56587,46.63663,-95.85652
56588,46.20918,-95.49698
56589,47.16732,-95.74565
56590,46.05040,-96.15332
56591,47.08597,-95.84239
56592,47.53820,-96.00947
56593,46.80354,-95.35347
56594,46.54826,-96.64298
56601,47.50982,-94.87137
56621,47.41906,-95.41293
56623,48.59688,-94.60071
56626,47.32054,-94.24611
56627,48.25620,-94.07097
56628,47.69421,-93.59004
56629,48.54516,-94.10162
56630,47.75697,-94.49808
56633,47.31878,-94.50118
56634,47.68073,-95.39813
56636,47.43794,-93.91920
56637,47.62812,-93.81464
56639,47.91854,-93.53623
56641,47.22235,-94.25276
56644,47.79700,-95.49509
56646,47.77375,-95.63227
56647,47.68993,-94.61873
56649,48.58370,-92.92257
56650,47.99806,-94.55748
56651,47.45450,-95.61672
56652,47.73348,-95.24852
56653,48.27121,-93.50930
56654,48.43120,-93.96493
56655,47.02892,-94.23132
56657,47.57291,-93.63673
56658,48.08271,-93.83451
56659,47.65309,-94.01744
56660,47.99259,-94.19282
56661,47.86054,-94.19562
56662,46.86221,-93.85301
56663,47.46643,-94.44662
56666,48.03324,-94.82124
56667,47.72847,-94.92484
56668,48.61337,-93.34691
56669,48.38401,-93.13555
56670,47.82890,-94.86517
56671,47.89517,-95.30606
56672,47.07250,-94.00184
56673,48.82232,-95.10549
56676,47.53965,-95.19578
56678,47.42198,-95.11812
56680,47.65901,-93.95467
56681,47.61360,-94.23871
56683,47.73627,-94.75090
56684,47.85561,-95.69888
56685,48.23869,-94.53127
56686,48.78405,-94.91170
56687,47.50123,-94.99475
56688,47.77296,-93.91218
56701,48.12120,-96.19204
56710,48.21539,-97.00182
56711,49.31501,-94.96315
56713,48.35114,-96.81446
56714,48.78386,-96.00464
56715,47.80897,-95.94128
56716,47.74325,-96.55541
56720,48.56990,-96.89290
56721,47.97065,-96.94976
56722,47.98509,-96.64602
56723,47.80941,-96.80643
56724,48.44580,-95.73591
56725,48.15037,-95.79769
56726,48.75380,-96.23920
56727,48.28872,-95.41206
56728,48.78312,-97.00791
56729,48.67009,-96.56194
56731,48.91302,-97.07256
56732,48.58421,-96.46733
56733,48.63803,-96.89571
56734,48.76962,-96.60362
56735,48.91018,-96.63532
56736,47.70867,-96.19148
56737,48.43447,-96.03672
56738,48.33491,-96.33570
56741,49.30651,-94.85466
56742,47.92829,-95.80702
56744,48.24359,-97.12755
56748,47.92197,-96.01027
56750,47.89855,-96.30092
56751,48.80980,-95.73336
56754,47.99911,-96.18855
56755,48.97033,-97.09723
56756,48.89330,-95.53830
56757,48.47809,-96.89813
56758,48.46537,-96.51124
56759,48.55087,-96.08102
56760,48.24357,-96.45325
56761,48.60268,-95.69621
56762,48.16875,-96.73961
56763,48.81530,-95.36086
57001,42.98920,-96.63768
57002,44.29645,-96.67693
57003,43.74627,-96.75540
57004,43.07942,-96.79183
57005,43.59291,-96.58377
57006,44.31557,-96.79783
57010,42.81918,-96.81616
57012,43.59394,-97.27809
57013,43.27838,-96.61750
57014,43.11192,-96.95616
57015,43.41838,-96.98002
57016,43.89901,-96.95900
57017,44.01526,-96.81912
57018,43.79789,-96.98101
57020,43.68128,-96.82016
57021,43.26482,-96.97219
57022,43.84164,-96.71670
57024,43.98852,-96.67922
57025,42.72840,-96.69772
57026,44.25993,-96.51840
57027,43.18000,-96.51722
57028,44.06165,-96.59978
57029,43.33906,-97.48485
57030,43.73830,-96.51956
57031,42.87552,-97.18586
57032,43.42420,-96.67811
57033,43.61797,-96.96094
57034,43.11993,-96.55381
57035,43.62718,-97.08046
57036,43.27814,-97.13906
57037,43.10446,-97.24922
57038,42.58516,-96.57663
57039,43.33784,-96.87485
57040,43.06103,-97.58735
57041,43.72977,-96.86763
57042,43.98659,-97.15668
57043,43.42261,-97.31006
57045,43.20501,-97.52838
57046,42.95764,-97.30665
57047,43.52067,-97.21196
57048,43.74198,-97.20034
57049,42.52333,-96.50971
57050,44.15691,-97.02010
57051,44.23268,-97.33791
57052,43.29236,-97.70797
57053,43.41006,-97.14028
57054,44.13149,-97.25979
57055,43.66685,-96.74390
57057,44.10223,-96.95925
57058,43.73738,-97.39797
57059,43.11921,-97.76431
57061,44.24235,-97.04401
57062,42.84620,-97.94525
57063,42.93027,-97.68457
57064,43.45593,-96.87380
57065,43.90458,-96.61558
57066,42.98995,-97.86999
57067,43.04559,-97.46901
57068,43.57502,-96.49560
57069,42.84316,-96.97517
57070,43.18007,-97.17336
57071,44.27281,-96.95835
57072,42.98878,-97.18814
57073,43.00596,-97.05506
57075,44.00432,-96.95952
57076,43.97152,-97.35973
57077,43.32295,-96.75831
57078,42.91565,-97.44669
57103,43.54583,-96.69013
57104,43.60490,-96.70864
57105,43.52030,-96.73561
57106,43.51118,-96.83573
57107,43.59710,-96.82382
57108,43.47746,-96.70476
57110,43.54480,-96.63840
57117,43.53124,-96.75497
57197,43.52455,-96.73861
57201,44.93672,-97.09276
57212,44.37853,-97.13946
57213,44.55064,-96.53061
57214,44.50187,-97.20481
57216,45.30324,-96.52978
57217,45.07248,-97.67750
57218,44.65238,-96.59210
57219,45.29064,-97.79615
57220,44.46706,-96.91747
57221,44.59655,-97.45660
57223,44.70637,-97.01494
57224,45.85916,-97.13434
57225,44.88819,-97.72840
57226,44.78816,-96.71407
57227,45.36155,-96.70479
57231,44.36152,-97.57204
57232,45.62341,-97.39993
57233,44.51195,-97.39829
57234,44.61028,-96.89429
57235,45.07917,-97.30010
57236,44.98555,-97.58562
57237,44.79770,-96.50050
57238,44.87336,-96.86087
57239,45.50969,-97.30670
57241,44.69555,-97.21619
57242,44.77072,-97.36550
57243,44.91294,-97.44237
57245,44.89758,-96.91819
57246,45.05491,-96.66698
57247,45.71741,-97.43781
57248,44.58352,-97.18799
57249,44.38340,-97.37050
57251,45.28331,-96.91538
57252,45.20041,-96.61256
57255,45.86867,-96.93661
57256,45.26101,-97.19025
57257,45.49661,-97.03095
57258,44.88960,-97.92262
57259,45.00249,-96.56349
57260,45.84173,-96.71961
57261,45.54558,-97.49956
57262,45.66870,-97.07364
57263,45.14213,-96.99594
57264,45.11662,-96.82374
57265,44.99213,-96.78151
57266,45.28044,-97.09526
57268,44.56796,-96.68941
57269,45.22098,-96.81468
57270,45.84113,-97.33896
57271,44.73938,-97.52204
57272,45.10122,-97.46287
57273,45.33649,-97.26747
57274,45.30492,-97.57474
57276,44.43086,-96.61346
57278,44.64373,-97.70494
57279,45.42122,-96.87632
57301,43.71358,-98.04773
57311,43.65565,-97.76338
57312,44.20704,-98.37887
57313,43.30503,-98.37432
57314,44.04609,-97.98129
57315,42.98839,-98.04029
57317,43.14355,-98.96645
57319,43.53302,-97.48002
57321,43.87013,-97.56002
57322,44.62806,-97.97442
57323,44.14687,-97.72028
57324,44.29843,-98.05405
57325,43.75214,-99.29247
57328,43.43762,-98.43901
57329,42.98066,-98.14575
57330,43.24802,-98.15699
57331,43.47442,-98.04485
57332,43.55050,-97.65678
57334,43.54982,-97.99712
57335,43.05369,-98.78390
57337,44.01191,-97.79575
57339,44.10218,-99.41730
57340,43.79576,-97.83755
57341,44.09467,-99.11798
57342,43.24462,-98.70125
57344,43.46735,-98.65377
57345,44.57838,-99.44440
57346,44.24073,-99.60007
57348,44.62557,-98.37222
57349,44.03010,-97.58080
57350,44.40432,-98.19929
57353,44.35842,-97.84204
57355,43.78361,-98.93144
57356,43.15817,-98.52961
57358,44.07535,-98.42192
57359,43.90287,-98.18262
57361,42.99699,-98.42922
57362,44.49386,-99.07445
57363,43.68049,-98.25552
57364,43.42910,-98.60690
57365,43.81133,-99.41643
57366,43.37710,-97.94649
57367,43.06551,-98.51902
57368,43.74951,-98.47210
57369,43.42075,-98.95301
57370,43.78946,-99.16586
57371,44.41316,-99.27220
57373,44.53065,-98.87829
57374,43.75335,-97.59913
57375,43.55641,-98.47992
57376,43.21750,-97.93726
57379,44.25361,-98.55566
57380,43.03062,-98.29855
57381,44.39104,-98.73745
57382,44.06513,-98.65904
57383,43.72448,-98.73364
57384,44.41909,-98.49299
57385,44.04530,-98.28674
57386,44.50572,-98.00618
57401,45.48233,-98.53254
57420,45.29276,-100.14905
57421,45.75548,-97.90706
57422,45.41969,-97.90947
57424,45.00647,-98.56445
57426,45.73795,-98.49559
57427,45.48055,-98.31858
57428,45.45271,-99.67822
57429,45.17476,-98.29744
57430,45.81269,-97.71958
57432,45.68287,-98.03105
57433,45.63824,-98.32076
57434,45.17625,-98.07228
57435,45.18689,-98.90890
57436,44.86379,-98.07854
57437,45.79614,-99.60408
57438,45.05938,-99.15893
57439,45.33167,-98.06511
57440,44.85648,-98.27198
57441,45.82928,-98.52790
57442,45.06175,-100.15814
57445,45.46554,-98.11497
57446,45.87083,-98.15267
57448,45.63629,-99.41063
57449,45.73741,-98.17616
57450,45.22600,-99.84839
57451,45.42849,-98.94912
57452,45.52940,-99.86285
57454,45.61024,-97.78353
57455,45.00698,-99.68304
57456,45.73560,-98.98008
57457,45.87728,-99.15430
57460,45.27958,-98.67068
57461,45.15687,-98.43202
57465,45.13611,-98.68751
57466,45.22357,-99.46066
57467,44.83677,-99.18034
57468,45.49975,-97.75814
57469,44.85738,-98.57178
57470,44.88390,-98.89429
57471,45.40454,-99.31826
57472,45.43572,-100.06811
57473,44.99146,-99.49934
57474,45.29201,-98.27873
57475,45.22355,-99.62463
57476,44.70617,-98.61525
57477,45.04694,-98.16236
57479,45.30295,-98.44321
57481,45.66259,-98.68296
57501,44.52763,-100.30912
57520,44.85280,-100.19366
57521,43.79650,-101.19889
57522,44.46549,-99.99482
57523,43.23340,-99.21376
57528,43.19078,-99.76125
57529,43.23060,-99.56379
57531,43.97367,-100.48591
57532,44.40031,-100.62822
57533,43.37893,-99.42494
57534,43.57092,-99.68736
57536,44.40539,-99.76527
57537,44.57809,-101.06730
57538,43.15391,-99.14212
57540,44.51732,-99.61259
57541,43.59402,-99.88389
57543,43.77567,-101.50207
57544,43.94526,-99.90923
57547,43.48960,-101.42369
57548,44.08546,-99.65543
57551,43.17721,-101.71126
57552,44.28298,-101.19991
57553,44.47459,-101.64559
57555,43.24329,-100.61081
57559,43.93621,-100.72348
57560,43.43923,-101.19093
57562,43.88739,-100.95499
57563,43.36539,-100.36551
57564,44.72961,-99.98966
57566,43.32350,-101.09095
57567,44.12425,-101.74009
57568,43.88558,-100.07453
57569,43.85916,-99.55406
57570,43.19798,-100.83101
57571,43.08522,-99.09251
57572,43.13936,-101.04492
57574,43.05933,-101.35702
57576,43.92092,-100.29611
57577,43.52876,-101.67722
57579,43.59903,-100.78616
57580,43.28942,-100.09019
57584,43.52897,-100.07086
57585,43.53911,-100.40543
57601,45.45582,-100.54959
57620,45.37726,-102.54021
57621,45.75009,-101.07286
57622,44.68312,-101.56701
57623,45.02981,-101.68586
57625,44.97902,-101.02514
57626,44.97971,-102.23214
57630,45.43916,-100.90554
57631,45.53293,-100.28101
57632,45.83346,-100.04421
57633,45.45721,-101.44799
57634,45.75203,-101.89641
57636,45.03246,-101.43809
57638,45.86986,-102.23206
57639,45.70332,-100.76704
57640,45.78960,-102.71762
57641,45.86809,-101.29737
57642,45.81125,-100.74955
57644,45.44923,-102.04649
57645,45.98045,-101.73929
57646,45.68242,-100.08167
57648,45.91017,-100.35449
57649,45.51665,-102.85801
57650,45.84796,-103.01436
57651,45.47603,-103.14841
57652,45.18639,-100.65849
57656,45.39303,-101.04900
57657,45.51888,-100.79216
57658,45.67985,-100.49465
57660,45.79505,-101.56545
57661,45.25675,-100.96019
57701,44.14606,-103.20672
57702,44.04831,-103.42043
57703,44.00456,-103.04263
57706,44.15879,-103.10187
57714,43.30806,-101.94161
57716,43.10707,-102.20712
57717,44.93388,-103.89575
57718,44.17050,-103.36916
57719,44.23244,-102.97609
57720,45.57587,-103.65703
57722,43.45629,-102.92110
57724,45.64537,-104.02383
57725,43.93203,-102.79190
57730,43.72658,-103.64860
57732,44.20104,-103.69254
57735,43.30112,-103.84956
57738,43.63449,-103.12381
57741,44.40497,-103.46663
57744,43.78264,-103.04597
57745,44.01924,-103.77860
57747,43.39902,-103.53054
57748,44.56067,-102.04453
57750,43.59379,-101.95555
57751,43.88446,-103.45300
57752,43.45228,-102.17423
57754,44.25543,-103.88757
57755,45.86833,-103.34718
57756,43.23662,-102.49398
57758,44.91088,-102.81900
57759,44.22782,-103.55680
57760,45.00594,-103.30077
57761,44.22714,-102.73853
57762,44.75335,-103.61969
57763,43.11136,-103.25190
57764,43.18321,-102.83795
57766,43.39762,-103.19780
57767,44.13675,-102.57111
57769,44.24530,-103.28863
57770,43.05800,-102.58962
57772,43.53358,-102.59289
57773,43.59212,-103.56817
57775,44.10196,-102.02895
57776,45.25784,-103.48870
57779,44.56377,-103.75532
57780,43.78026,-102.51054
57782,43.29531,-103.13667
57783,44.45634,-103.92527
57785,44.42688,-103.12982
57787,44.68590,-102.65025
57788,44.61696,-103.20494
57790,44.08208,-102.21720
57791,44.21379,-102.46231
57792,44.50932,-102.39753
57793,44.52529,-103.57881
57794,43.12403,-102.39484
57799,44.49872,-103.87242
58001,46.44519,-96.71999
58002,46.97109,-97.39724
58004,47.02647,-97.27072
58005,47.05289,-96.95089
58006,47.10156,-97.20980
58007,47.02436,-97.46865
58008,46.30928,-97.00055
58009,47.32769,-97.24656
58011,46.91875,-97.53989
58012,46.94169,-97.16833
58013,46.05785,-97.35327
58015,46.59526,-96.81649
58016,47.36713,-97.46175
58017,46.04336,-97.85147
58018,46.43598,-96.89650
58021,46.73615,-97.08213
58027,46.63302,-97.60793
58029,47.11960,-97.40378
58030,46.03006,-96.67007
58031,46.76768,-97.67149
58032,46.07644,-97.65476
58033,46.43470,-97.91956
58035,47.25342,-97.43052
58036,47.15557,-96.94816
58038,47.24511,-96.99577
58040,46.18950,-97.68500
58041,46.04791,-96.91836
58042,46.97089,-96.95603
58043,45.97358,-97.54500
58045,47.38888,-97.01632
58046,47.32814,-97.72449
58047,46.72426,-96.87276
58048,47.19882,-97.22365
58049,46.65074,-98.00807
58051,46.63683,-97.02150
58052,46.63462,-97.27957
58053,46.05250,-97.18054
58054,46.41688,-97.66872
58056,47.23135,-97.92939
58057,46.42448,-97.25728
58058,46.18254,-96.96337
58059,46.85063,-97.12587
58060,46.26413,-97.41560
58061,46.27895,-96.90206
58062,46.63744,-97.81882
58063,46.95903,-97.79758
58064,47.14474,-97.61087
58065,47.18618,-97.76046
58067,46.07082,-97.46935
58068,46.52887,-97.37509
58069,46.24309,-97.83960
58071,46.95079,-97.67135
58072,46.92572,-98.00683
58075,46.27554,-96.73039
58076,46.27283,-96.60758
58077,46.52484,-96.97512
58078,46.86250,-96.92409
58079,46.86823,-97.32493
58081,46.31064,-97.14139
58102,46.92721,-96.83482
58103,46.85614,-96.82210
58104,46.79324,-96.83967
58105,46.89538,-96.80785
58201,47.86664,-97.14114
58202,47.92076,-97.07221
58203,47.97048,-97.16549
58204,47.95362,-97.38408
58205,47.95147,-97.37899
58210,48.40569,-98.11159
58212,47.70854,-98.00042
58214,47.92455,-97.49968
58216,48.88188,-97.43448
58218,47.59387,-97.03839
58219,47.47763,-96.87897
58220,48.79632,-97.71964
58222,48.60995,-97.67869
58223,47.50523,-97.03789
58224,48.17233,-97.94361
58225,48.61124,-97.22278
58227,48.54910,-97.89271
58228,47.88102,-97.35465
58229,48.49849,-98.24432
58230,47.47414,-97.83161
58231,48.20224,-97.82940
58233,48.22617,-97.52572
58235,48.09899,-97.47476
58237,48.41421,-97.40288
58238,48.78279,-97.39281
58239,48.91960,-98.68491
58240,47.63597,-97.48458
58241,48.69842,-97.67743
58243,48.51270,-97.68086
58244,48.14407,-97.61169
58249,48.82280,-98.32680
58250,48.26720,-98.00085
58251,47.95435,-97.69988
58254,47.77401,-98.15000
58256,48.08404,-97.20021
58257,47.49730,-97.28183
58258,48.01538,-97.35192
58259,48.02571,-98.12791
58260,48.63759,-98.02479
58261,48.24227,-97.31942
58262,48.68219,-97.87632
58265,48.95609,-97.61214
58266,48.00094,-97.84998
58267,47.75109,-97.63831
58269,48.69618,-98.17687
58270,48.39358,-97.78333
58271,48.91289,-97.28969
58272,48.01626,-97.98183
58273,48.29610,-97.66855
58274,47.49190,-97.48854
58275,47.67937,-97.12114
58276,48.63808,-97.46035
58277,47.60838,-97.82331
58278,47.77009,-97.12150
58281,48.85584,-98.61649
58282,48.91199,-97.94064
58301,48.14201,-98.87171
58311,48.65787,-98.58928
58316,48.82410,-99.77734
58317,48.60546,-99.37393
58318,48.85808,-100.39742
58321,48.20076,-98.34494
58323,48.85522,-98.88516
58324,48.47940,-99.22093
58325,48.28948,-99.11827
58327,48.10095,-98.59438
58329,48.87331,-100.07959
58330,48.44950,-98.45962
58331,48.63851,-99.09004
58332,48.04416,-99.77298
58335,47.98609,-99.02208
58338,48.53714,-98.62444
58339,48.91266,-99.42873
58341,47.78210,-99.84441
58343,48.30380,-99.72951
58344,48.02784,-98.34151
58345,48.30696,-98.36657
58346,48.28757,-99.42730
58348,47.97163,-99.52112
58351,48.09913,-99.27817
58352,48.71057,-98.87278
58353,48.63466,-99.59663
58355,48.59075,-98.36642
58356,47.67866,-99.08516
58357,47.94846,-99.23852
58361,47.75248,-98.33923
58362,48.21220,-99.08548
58363,48.75503,-99.44731
58365,48.85941,-99.25285
58366,48.65352,-99.87403
58367,48.87040,-99.58064
58368,48.26087,-100.05322
58369,48.94364,-99.79711
58370,47.99266,-98.83956
58372,48.94519,-98.99693
58374,47.83956,-99.09765
58377,48.47165,-98.87296
58379,47.90465,-98.84050
58380,47.82515,-98.50185
58381,47.82576,-98.74877
58382,48.31815,-98.77879
58384,48.59587,-100.26556
58385,48.47273,-99.64558
58386,48.30358,-99.59887
58401,46.88431,-98.76674
58402,46.88035,-98.68721
58405,46.91528,-98.69950
58413,46.03575,-99.29317
58415,46.37333,-98.48940
58416,47.53298,-98.33807
58418,47.42142,-99.63893
58420,47.06102,-98.85844
58421,47.44042,-99.07659
58422,47.60022,-99.40523
58423,47.40111,-99.83630
58424,46.88739,-99.11021
58425,47.45637,-98.12470
58426,47.21852,-98.58925
58428,46.82845,-99.77967
58429,47.20469,-98.17407
58430,47.50883,-100.25688
58431,46.51115,-98.47088
58433,46.37244,-98.70769
58436,46.08959,-98.58164
58438,47.66687,-99.60238
58439,45.97781,-98.83016
58440,46.25330,-99.16369
58441,46.17529,-98.36849
58442,46.55368,-99.17959
58443,47.44260,-98.68107
58444,47.49406,-100.12914
58445,47.56449,-98.81009
58448,47.30596,-98.22501
58451,47.45026,-99.97174
58452,47.54776,-98.23123
58454,46.58432,-98.95179
58455,47.30491,-98.76680
58456,46.26981,-98.95473
58458,46.36794,-98.29385
58460,46.30046,-99.32375
58461,46.65258,-98.19484
58463,47.49198,-100.47340
58464,47.61073,-98.56528
58466,46.62380,-98.36891
58467,46.88486,-99.33065
58472,46.63857,-98.65025
58474,46.10029,-98.12710
58475,47.17995,-99.55540
58476,47.20051,-99.01159
58477,47.21889,-100.50465
58478,47.17549,-99.74946
58479,47.09228,-98.18270
58480,46.95765,-98.25945
58481,46.92795,-98.42887
58482,46.85346,-99.89992
58483,46.64617,-99.40737
58484,47.37600,-98.48505
58486,47.39136,-99.38203
58487,46.85683,-99.60575
58488,47.17896,-100.02561
58490,46.38428,-98.06594
58492,47.15633,-98.44132
58494,47.18490,-100.26209
58495,46.27779,-99.60488
58496,47.14646,-99.32869
58497,46.76507,-98.54999
58501,46.81493,-100.69819
58503,46.90412,-100.75030
58504,46.74315,-100.67875
58505,46.82021,-100.78092
58520,46.67423,-101.56796
58521,47.01254,-100.69257
58523,47.25744,-101.77979
58524,46.60012,-100.07366
58528,46.33862,-100.63681
58529,46.29501,-101.55970
58530,47.12778,-101.14292
58531,47.55990,-101.19565
58532,46.85759,-100.09827
58533,46.40584,-101.78970
58535,46.50179,-101.24729
58538,46.10962,-100.68956
58540,47.62888,-101.72733
58541,47.36263,-102.05783
58542,46.04707,-100.01013
58544,46.51275,-100.37247
58545,47.35793,-101.59124
58549,46.47985,-99.93196
58552,46.24413,-100.28718
58554,46.74272,-100.93530
58558,46.82967,-100.49789
58559,47.48940,-100.72805
58560,46.66480,-100.26729
58561,46.48715,-99.68289
58562,46.37735,-101.99687
58563,46.89898,-101.43926
58564,46.26609,-101.34423
58565,47.49348,-101.37090
58566,46.58322,-100.92534
58568,46.08739,-101.04536
58569,46.26810,-101.19937
58570,46.38192,-100.88767
58571,47.28122,-101.40129
58572,46.85548,-100.34146
58573,46.09827,-100.20101
58575,47.56727,-100.89603
58576,47.43685,-101.21417
58577,47.31779,-101.05233
58579,47.17942,-100.73837
58580,47.26755,-101.94330
58581,46.03518,-99.77443
58601,46.91687,-102.83426
58620,46.51132,-103.33831
58621,47.08837,-103.93045
58622,46.89392,-103.26618
58623,46.18631,-103.42566
58625,47.26813,-102.19976
58626,47.38303,-102.62296
58627,47.23440,-103.27265
58630,46.94410,-102.57856
58631,46.80683,-101.80092
58632,46.67300,-103.96547
58634,47.42310,-103.31629
58636,47.37935,-102.36717
58638,46.96229,-102.06497
58639,46.09501,-102.59366
58640,47.45370,-102.90542
58641,46.66788,-102.51391
58642,47.20818,-102.83320
58643,46.33090,-103.94478
58645,46.95101,-103.54965
58646,46.39291,-102.28764
58647,46.51890,-102.93629
58649,46.12627,-102.92287
58650,46.44502,-102.58363
58651,46.25808,-103.73325
58652,46.90586,-102.24421
58653,46.09044,-103.13002
58654,46.88726,-103.79490
58655,46.77081,-103.03090
58656,46.94304,-102.45837
58701,48.14483,-101.32602
58702,48.23214,-101.29379
58703,48.33407,-101.30667
58704,48.42472,-101.32094
58705,48.42234,-101.33391
58707,48.24623,-101.30051
58710,47.86806,-100.23109
58711,48.92957,-101.28909
58712,47.97097,-100.53168
58713,48.53838,-100.58180
58716,47.80433,-101.06785
58718,48.30556,-101.80352
58721,48.80311,-102.27062
58722,48.23817,-101.50150
58723,47.74588,-100.59615
58725,48.49549,-101.68001
58727,48.83987,-102.79683
58730,48.86488,-103.31667
58731,48.43675,-100.98401
58733,48.17501,-101.58788
58734,48.51369,-101.93529
58735,47.87021,-101.48127
58736,47.93086,-100.39649
58737,48.91598,-102.38233
58740,48.46640,-101.22222
58741,48.27685,-100.83076
58744,48.11655,-100.61532
58746,48.71344,-102.09405
58748,48.68173,-100.65484
58750,48.61095,-101.39753
58752,48.82949,-102.57996
58755,48.62596,-102.95095
58756,47.97073,-101.81477
58757,47.68628,-102.55582
58758,47.78203,-100.10171
58759,47.85562,-101.23893
58760,48.69730,-101.15762
58761,48.78437,-101.53481
58762,48.67321,-100.94009
58763,47.98958,-102.57411
58765,48.87329,-103.04282
58768,48.23324,-101.00363
58769,48.31978,-102.20271
58770,47.88434,-102.16965
58771,48.08831,-101.97621
58772,48.95958,-102.63371
58773,48.58258,-102.65784
58775,47.71006,-101.86120
58776,48.24780,-102.62323
58778,47.78828,-100.93399
58779,47.86939,-101.77541
58781,48.01572,-101.13271
58782,48.94435,-101.70467
58783,48.87979,-100.76046
58784,48.36436,-102.41770
58785,48.30707,-101.10228
58787,48.75632,-101.81366
58788,48.34580,-100.46775
58789,48.55318,-100.80890
58790,48.02957,-100.94771
58792,47.97123,-100.74679
58793,48.86923,-101.05103
58794,48.26994,-102.78218
58795,48.64034,-103.15667
58801,48.21563,-103.74982
58830,48.61187,-103.46120
58831,47.79933,-103.65854
58833,48.88715,-103.52033
58835,47.77232,-103.43073
58838,47.76999,-103.90084
58843,48.23386,-103.37749
58844,48.88753,-103.74995
58845,48.64104,-103.91754
58847,47.91089,-102.90779
58849,48.31753,-103.20292
58852,48.36429,-102.94675
58853,48.07543,-103.83688
58854,47.82837,-103.15326
58856,48.59503,-103.73286
59001,45.53216,-109.52344
59002,46.02272,-108.66561
59003,45.44317,-106.19825
59006,45.92083,-108.08888
59007,45.13382,-109.11633
59008,45.06175,-109.08778
59010,45.98066,-107.25912
59011,45.92472,-109.94863
59012,45.27493,-106.44018
59013,45.45607,-109.08714
59014,45.18866,-108.75041
59015,46.07020,-108.84370
59016,45.39268,-106.94731
59018,45.85690,-110.53801
59019,45.65178,-109.21753
59020,45.10804,-110.10062
59022,45.53787,-107.28769
59024,46.27843,-107.80711
59025,45.11434,-106.65806
59026,45.48538,-108.78444
59027,45.24412,-110.91048
59028,45.30247,-109.71374
59029,45.40797,-108.79881
59030,45.10443,-110.51904
59031,45.50270,-107.41497
59032,47.02458,-108.70277
59033,45.72943,-109.70143
59034,45.69704,-107.69424
59035,45.28822,-107.94691
59036,46.48027,-109.93397
59037,45.82398,-108.24223
59038,46.22189,-107.20846
59039,46.68677,-107.29112
59041,45.52202,-108.99146
59043,45.55080,-106.67641
59044,45.63013,-108.72850
59046,46.39848,-109.01570
59047,45.54744,-110.57084
59050,45.25297,-107.54728
59052,45.46580,-110.14552
59053,46.45988,-110.46062
59054,46.64454,-107.74878
59055,46.10900,-109.80989
59057,45.85350,-108.93319
59058,47.14701,-107.71756
59059,46.40792,-108.07263
59061,45.26633,-109.89008
59062,45.09374,-106.15024
59063,45.66080,-108.92671
59064,45.81661,-107.97643
59065,45.27143,-110.71508
59066,45.33588,-108.51026
59067,46.00046,-109.21754
59068,45.08705,-109.55839
59069,45.81849,-109.50133
59070,45.37517,-109.18580
59071,45.24620,-109.62956
59072,46.47162,-108.54642
59074,46.36306,-109.35321
59075,45.40533,-107.88361
59076,46.27875,-107.07395
59077,47.16507,-107.55636
59078,46.34635,-109.53761
59079,46.06212,-108.36331
59081,45.00844,-109.97328
59082,45.74301,-110.22528
59085,46.32308,-110.18789
59086,46.07195,-110.56409
59087,47.14192,-108.22657
59088,46.07434,-108.09358
59089,45.08284,-107.36083
59101,45.61305,-108.39030
59102,45.77565,-108.58020
59105,45.89288,-108.49788
59106,45.80965,-108.69067
59201,48.17293,-105.69950
59211,48.69864,-104.34986
59212,48.22239,-104.14307
59213,48.18888,-104.88657
59214,47.29977,-106.03899
59215,47.51664,-105.76908
59217,47.57943,-104.23860
59218,48.08577,-104.55456
59219,48.52610,-104.21976
59221,47.93409,-104.18831
59222,48.69349,-105.11645
59223,47.83226,-106.21209
59225,48.28440,-105.97517
59226,48.35247,-104.57104
59230,48.13117,-106.79832
59231,48.39805,-106.54786
59240,48.84217,-106.23573
59241,48.47763,-107.05986
59242,48.44367,-104.45094
59243,47.75755,-104.67921
59244,48.59045,-106.30638
59247,48.51621,-104.52352
59248,48.29158,-106.29942
59250,48.87864,-106.56974
59252,48.91326,-104.82106
59253,48.70109,-105.89871
59254,48.75168,-104.64056
59255,48.24417,-105.16923
59256,48.92512,-104.56354
59257,48.75131,-104.96246
59258,48.58470,-104.69128
59259,47.68096,-105.09985
59260,48.82819,-106.09459
59261,48.57361,-107.38683
59262,47.48967,-104.49716
59263,48.79117,-105.51426
59270,47.60945,-104.08611
59274,47.82189,-105.48479
59275,48.87447,-104.19902
59276,48.96574,-105.21413
59301,46.29334,-105.75950
59311,45.17168,-104.41720
59312,47.00238,-106.21484
59313,46.30966,-104.24452
59314,45.07561,-105.37492
59315,47.42763,-104.85257
59317,45.35674,-105.48836
59318,47.50115,-107.51385
59322,47.01994,-106.68269
59323,45.98421,-106.66647
59324,45.78374,-104.54254
59326,46.77036,-104.85940
59327,46.23677,-106.68223
59330,47.09869,-104.74878
59332,45.32816,-104.86204
59333,46.28012,-106.21569
59336,46.33200,-105.02299
59337,47.38425,-106.79841
59338,46.64046,-105.64049
59339,47.27055,-105.19585
59343,45.66259,-105.46513
59344,46.39887,-104.59368
59347,46.42068,-106.36585
59349,46.89015,-105.50223
59351,45.75231,-105.75009
59353,46.96297,-104.27452
59354,46.18192,-104.30020
59401,47.51122,-111.27550
59404,47.63177,-111.32887
59405,47.34155,-111.29595
59410,47.48688,-112.63545
59411,48.86292,-113.39435
59412,47.30332,-110.86368
59414,47.52775,-111.25996
59416,48.03734,-111.49275
59417,48.67008,-113.15683
59418,46.79950,-109.92042
59419,47.98373,-112.41701
59420,47.87755,-111.00387
59421,47.07485,-111.68837
59422,47.81394,-112.47381
59424,47.35303,-110.10821
59425,48.18716,-111.89858
59427,48.77067,-112.53434
59430,47.43098,-109.78019
59432,48.16892,-112.41145
59433,47.88362,-111.69203
59434,48.47949,-113.36352
59436,47.61200,-112.04694
59440,47.71600,-111.15857
59441,46.86092,-108.98384
59442,47.89338,-110.64778
59443,47.56393,-111.82893
59444,48.71592,-111.37128
59446,47.61840,-110.15952
59447,47.26489,-110.47330
59448,48.26702,-112.78137
59450,47.55246,-110.74281
59451,47.39021,-109.39009
59452,46.86190,-110.10663
59453,46.63857,-109.65284
59454,48.72252,-112.00541
59456,48.27015,-111.36167
59457,47.13973,-109.31089
59460,48.07404,-110.50699
59461,48.48934,-111.20146
59462,47.12256,-109.89184
59463,47.03565,-110.83080
59464,46.90711,-109.65541
59465,46.89030,-110.72026
59466,48.76752,-111.70412
59467,48.07397,-112.63406
59468,47.70565,-111.62753
59469,47.20151,-110.70168
59471,47.42665,-108.77208
59472,47.39663,-111.15903
59474,48.51067,-111.74184
59477,47.45016,-111.91656
59479,47.03256,-110.30532
59480,47.19412,-111.19708
59482,48.87107,-111.91244
59483,47.45301,-111.70137
59484,48.96718,-111.65869
59485,47.40415,-111.57160
59486,48.34049,-112.37736
59487,47.58737,-111.63900
59489,47.62467,-109.23041
59501,48.68987,-109.78109
59520,48.03812,-109.93178
59521,48.29877,-109.91827
59522,48.55512,-111.00559
59523,48.53158,-109.23856
59524,48.22906,-108.33701
59525,48.68965,-110.30284
59526,48.44057,-108.71649
59527,48.04166,-108.79157
59528,48.57617,-110.40874
59529,48.82979,-108.60611
59530,48.63176,-110.71745
59531,48.78839,-110.80141
59532,48.57815,-110.10578
59535,47.95942,-109.30147
59537,48.84320,-107.98807
59538,48.11202,-107.84552
59540,48.59508,-110.56426
59542,48.79299,-108.36844
59544,48.80339,-107.55521
59545,48.93896,-111.16259
59546,47.75384,-108.59697
59547,48.66156,-109.03036
59601,46.53069,-112.19940
59602,46.73936,-111.90553
59631,46.32304,-112.43703
59632,46.19991,-112.02046
59633,46.81885,-112.34293
59634,46.47276,-111.95783
59635,46.56529,-111.82586
59636,46.61973,-112.10992
59638,46.36076,-111.96750
59639,47.19203,-112.74729
59640,46.73263,-112.30483
59642,46.28348,-110.71859
59643,46.17252,-111.58983
59644,46.42879,-111.41595
59645,46.68767,-111.05466
59647,46.49104,-111.65294
59648,47.07724,-112.12787
59701,46.03134,-112.47827
59703,46.04571,-112.53746
59710,45.06527,-112.06796
59711,46.09467,-113.14162
59713,46.70059,-112.56107
59714,45.98029,-111.12976
59715,45.82593,-110.89803
59716,45.04749,-111.48005
59718,45.57626,-111.11810
59720,44.85819,-111.73002
59721,45.88309,-111.83719
59722,46.36648,-112.77250
59724,44.69626,-112.76206
59725,45.09805,-112.82147
59727,45.79938,-112.83089
59728,46.50891,-112.43484
59729,45.29372,-111.64907
59730,45.20823,-111.12869
59731,46.58399,-112.77582
59732,45.48522,-112.72701
59733,46.49225,-112.94161
59735,45.61071,-111.95151
59736,45.32185,-113.37443
59739,44.63262,-112.18489
59740,45.48253,-111.82916
59741,45.76982,-111.36834
59743,45.68041,-112.68034
59745,45.59519,-111.61480
59746,45.38493,-113.05910
59747,45.73287,-111.92436
59748,46.04668,-112.69923
59749,45.45412,-112.07239
59750,45.94826,-112.75572
59751,45.70438,-112.43618
59752,45.94638,-111.50394
59754,45.45686,-112.32639
59755,45.33386,-111.95702
59756,46.17985,-112.82800
59758,44.73611,-111.18668
59759,45.85162,-112.19142
59760,45.76663,-111.63206
59761,45.64232,-113.53419
59762,45.57644,-113.02892
59801,46.85640,-114.01434
59802,46.90396,-113.91929
59803,46.79574,-113.93805
59804,46.87874,-114.26489
59808,46.97105,-114.11121
59820,46.89885,-114.62559
59821,47.17335,-114.07749
59823,46.91980,-113.57772
59824,47.41347,-114.20738
59825,46.60065,-113.74319
59826,47.42603,-113.82094
59827,45.88562,-113.99937
59828,46.33392,-113.96535
59829,45.77544,-114.29610
59830,47.42449,-115.34366
59831,47.26012,-114.36831
59832,46.68896,-113.25286
59833,46.65219,-114.06066
59834,47.07958,-114.22181
59837,46.54517,-113.25377
59840,46.18547,-114.19366
59841,46.33421,-114.22300
59842,47.33015,-115.43801
59843,46.83259,-112.96576
59844,48.05823,-115.97426
59845,47.69026,-114.55469
59846,47.15179,-114.51319
59847,46.70209,-114.46060
59848,47.69950,-114.69329
59851,46.87154,-113.87658
59853,48.04202,-115.79072
59854,47.02746,-113.08619
59855,47.60547,-114.11855
59856,47.31288,-114.74725
59858,46.28577,-113.46741
59859,47.53521,-114.82654
59860,47.70115,-114.17884
59863,47.30021,-114.18258
59864,47.52925,-114.10930
59865,47.33051,-114.01020
59866,47.31932,-115.18961
59867,47.43999,-115.61198
59868,47.21166,-113.50612
59870,46.51631,-114.06345
59871,45.87069,-113.81934
59872,47.11002,-114.90092
59873,47.66266,-115.27313
59874,47.79946,-115.62336
59875,46.42038,-114.31560
59901,48.22965,-114.38505
59910,47.79492,-114.29415
59911,47.73855,-113.74094
59912,48.40822,-114.15435
59913,48.43350,-113.95914
59914,47.85820,-114.28183
59915,47.84813,-114.40520
59916,48.25641,-113.38249
59917,48.93464,-114.87670
59918,48.76810,-114.85906
59919,47.94828,-113.39853
59920,48.00276,-114.60827
59922,47.99821,-114.19852
59923,48.22587,-115.39177
59925,48.04444,-114.83262
59926,48.35218,-113.99560
59927,48.59497,-114.71217
59928,48.77695,-114.46156
59929,47.92743,-114.36934
59930,48.86673,-115.13319
59931,47.91658,-114.17329
59932,48.07070,-114.21658
59933,48.68238,-114.77258
59934,48.60030,-114.89830
59935,48.64976,-115.83483
59936,48.62723,-113.80727
59937,48.40609,-114.53277
60002,42.47174,-88.08449
60004,42.11278,-87.97954
60005,42.06449,-87.98546
60007,42.00752,-87.99286
60008,42.07754,-88.02174
60010,42.14650,-88.16465
60012,42.27253,-88.31403
60013,42.22351,-88.23575
60014,42.23241,-88.32745
60015,42.17368,-87.87836
60016,42.04957,-87.89500
60018,41.97887,-87.89434
60020,42.38891,-88.17304
60021,42.19476,-88.21718
60022,42.13542,-87.76188
60025,42.07471,-87.81857
60026,42.09223,-87.83745
60029,42.05925,-87.77834
60030,42.33708,-88.04433
60031,42.37319,-87.93966
60033,42.42479,-88.60801
60034,42.45635,-88.42006
60035,42.18597,-87.80594
60040,42.20632,-87.81309
60041,42.36827,-88.15152
60042,42.27833,-88.19558
60043,42.08886,-87.71457
60044,42.28438,-87.86228
60045,42.23600,-87.86478
60046,42.41632,-88.05912
60047,42.20085,-88.04641
60048,42.29541,-87.95061
60050,42.33115,-88.29518
60051,42.35489,-88.22905
60053,42.04234,-87.78895
60056,42.06717,-87.93472
60060,42.27013,-88.03933
60061,42.23491,-87.95914
60062,42.12628,-87.84509
60064,42.32403,-87.85670
60067,42.10632,-88.06434
60068,42.01176,-87.84343
60069,42.19768,-87.92743
60070,42.10366,-87.92897
60071,42.46845,-88.31581
60072,42.40667,-88.30591
60073,42.34899,-88.10934
60074,42.13146,-88.02633
60076,42.03526,-87.72993
60077,42.03475,-87.75719
60081,42.44909,-88.22670
60083,42.43625,-87.94170
60084,42.26966,-88.14091
60085,42.35210,-87.86766
60087,42.40308,-87.85084
60088,42.30963,-87.84406
60089,42.16723,-87.96406
60090,42.12961,-87.92150
60091,42.07779,-87.72057
60093,42.10671,-87.75629
60096,42.47972,-87.82480
60097,42.39697,-88.37244
60098,42.32561,-88.46044
60099,42.45999,-87.86502
60101,41.93140,-88.01262
60102,42.16517,-88.30877
60103,41.98052,-88.20475
60104,41.88284,-87.87643
60106,41.95970,-87.94183
60107,42.02059,-88.17777
60108,41.95002,-88.09186
60109,42.04976,-88.54586
60110,42.11418,-88.29304
60111,42.00950,-88.80536
60112,41.92480,-88.69019
60113,41.93227,-88.96592
60115,41.90126,-88.76155
60118,42.10626,-88.30438
60119,41.85153,-88.47645
60120,42.03449,-88.23840
60123,42.04064,-88.31130
60124,42.02017,-88.40069
60126,41.89684,-87.94124
60129,42.00812,-88.97500
60130,41.86643,-87.81740
60131,41.93876,-87.88428
60133,41.97784,-88.14320
60134,41.87834,-88.34207
60135,42.11250,-88.67082
60136,42.10519,-88.38042
60137,41.86521,-88.06148
60139,41.91888,-88.07810
60140,42.07905,-88.51310
60141,41.85790,-87.83808
60142,42.17392,-88.44466
60143,41.97534,-88.02246
60144,41.83570,-88.52039
60145,42.08457,-88.77382
60146,42.09998,-88.87406
60148,41.87357,-88.02077
60150,41.92574,-88.89228
60151,41.91801,-88.57711
60152,42.23784,-88.62542
60153,41.87928,-87.84326
60154,41.84747,-87.89164
60155,41.85768,-87.85627
60156,42.20306,-88.32047
60157,41.97530,-88.05621
60160,41.90414,-87.86066
60162,41.86757,-87.90213
60163,41.88881,-87.90906
60164,41.91751,-87.90071
60165,41.90321,-87.88071
60169,42.05087,-88.11661
60171,41.92505,-87.83837
60172,41.97986,-88.08962
60173,42.05156,-88.05552
60174,41.93061,-88.29868
60175,41.94819,-88.38870
60176,41.95812,-87.86888
60177,41.98848,-88.31017
60178,42.00816,-88.66073
60180,42.22520,-88.52466
60181,41.87690,-87.97633
60184,41.95150,-88.25317
60185,41.89669,-88.21101
60187,41.87272,-88.11244
60188,41.91574,-88.12943
60189,41.84065,-88.12206
60190,41.87178,-88.15702
60191,41.96631,-87.98085
60192,42.06327,-88.20366
60193,42.00937,-88.09673
60194,42.03342,-88.11356
60195,42.07496,-88.08628
60201,42.05621,-87.69240
60202,42.03036,-87.68555
60203,42.04905,-87.71746
60301,41.88856,-87.79894
60302,41.89461,-87.78970
60304,41.87239,-87.78948
60305,41.89487,-87.81906
60401,41.34398,-87.61633
60402,41.83522,-87.79137
60403,41.55325,-88.12828
60404,41.51345,-88.22415
60406,41.65494,-87.68195
60407,41.23491,-88.26130
60408,41.26374,-88.21554
60409,41.61364,-87.55212
60410,41.42360,-88.20197
60411,41.50877,-87.59031
60415,41.70297,-87.77886
60416,41.29391,-88.28310
60417,41.42759,-87.58615
60419,41.62915,-87.59880
60420,41.08797,-88.41809
60421,41.43118,-88.09971
60422,41.53697,-87.68410
60423,41.47724,-87.83246
60424,41.16415,-88.32772
60425,41.54551,-87.61170
60426,41.61034,-87.65340
60428,41.59980,-87.69057
60429,41.57403,-87.68371
60430,41.55888,-87.66444
60431,41.50975,-88.18005
60432,41.54065,-88.04193
60433,41.49955,-88.04366
60435,41.54864,-88.12850
60436,41.48949,-88.13300
60437,41.16293,-88.56043
60438,41.56624,-87.55020
60439,41.67598,-87.98351
60440,41.70060,-88.07501
60441,41.59305,-88.05157
60442,41.39271,-87.96352
60443,41.50289,-87.74957
60444,41.24312,-88.40273
60445,41.63439,-87.73640
60446,41.63169,-88.10935
60447,41.48724,-88.32217
60448,41.53778,-87.89256
60449,41.41764,-87.77859
60450,41.36629,-88.43456
60451,41.50765,-87.96109
60452,41.60668,-87.75330
60453,41.71427,-87.75282
60455,41.74209,-87.80865
60456,41.73125,-87.73113
60457,41.72466,-87.82805
60458,41.75340,-87.82694
60459,41.74443,-87.76858
60460,40.99857,-88.53660
60461,41.52212,-87.70073
60462,41.62516,-87.83293
60463,41.66245,-87.78997
60464,41.66284,-87.86076
60465,41.69802,-87.82914
60466,41.47782,-87.68319
60467,41.60319,-87.88712
60468,41.33528,-87.81029
60469,41.62826,-87.68706
60470,41.16897,-88.64103
60471,41.47897,-87.73406
60472,41.64308,-87.70808
60473,41.59738,-87.59915
60474,41.18682,-88.26215
60475,41.47254,-87.62751
60476,41.56948,-87.60171
60477,41.57214,-87.78925
60478,41.56345,-87.72541
60479,41.23238,-88.52640
60480,41.72923,-87.88113
60481,41.28553,-88.11056
60482,41.68784,-87.78995
60484,41.44302,-87.71048
60487,41.56273,-87.83442
60490,41.66932,-88.14540
60491,41.60270,-87.96260
60501,41.77925,-87.82338
60502,41.78511,-88.26136
60503,41.71171,-88.25864
60504,41.74745,-88.23863
60505,41.76453,-88.29466
60506,41.76524,-88.36230
60510,41.84116,-88.30668
60511,41.75899,-88.55199
60512,41.70162,-88.43976
60513,41.82506,-87.84755
60514,41.79576,-87.96154
60515,41.81055,-88.02280
60516,41.76130,-88.01339
60517,41.74113,-88.04195
60518,41.59884,-88.91974
60519,41.77784,-88.24243
60520,41.78727,-88.66755
60521,41.80068,-87.92817
60523,41.83640,-87.95317
60525,41.78440,-87.86896
60526,41.83180,-87.87398
60527,41.74307,-87.92921
60530,41.79707,-88.95238
60531,41.61921,-88.78750
60532,41.78944,-88.08398
60534,41.81348,-87.82356
60536,41.59710,-88.54987
60537,41.56048,-88.60410
60538,41.72687,-88.33819
60539,41.82536,-88.33638
60540,41.76467,-88.14543
60541,41.51334,-88.53240
60542,41.80963,-88.35257
60543,41.66826,-88.32279
60544,41.61391,-88.21868
60545,41.68035,-88.53631
60546,41.83792,-87.82186
60548,41.64960,-88.64048
60549,41.50254,-88.73964
60550,41.77987,-88.86195
60551,41.52532,-88.68766
60552,41.66689,-88.70651
60553,41.82625,-89.04006
60554,41.77667,-88.45705
60555,41.82217,-88.18077
60556,41.76291,-88.77112
60557,41.44810,-88.76008
60558,41.80560,-87.90104
60559,41.79437,-87.97286
60560,41.60760,-88.43171
60561,41.74566,-87.98149
60563,41.79015,-88.20383
60564,41.70623,-88.19510
60565,41.73073,-88.12434
60585,41.65706,-88.22524
60586,41.57819,-88.23449
60601,41.88515,-87.62151
60602,41.88307,-87.62915
60603,41.88019,-87.62551
60604,41.87810,-87.62846
60605,41.86757,-87.61723
60606,41.88252,-87.63743
60607,41.87485,-87.64957
60608,41.84688,-87.67066
60609,41.81268,-87.65694
60610,41.90677,-87.63223
60611,41.89393,-87.61450
60612,41.88031,-87.68774
60613,41.95695,-87.65427
60614,41.92271,-87.64958
60615,41.80165,-87.59629
60616,41.84488,-87.62403
60617,41.71820,-87.55205
60618,41.94757,-87.70265
60619,41.74369,-87.60552
60620,41.74050,-87.65256
60621,41.77638,-87.63957
60622,41.90217,-87.68334
60623,41.84890,-87.71766
60624,41.88050,-87.72444
60625,41.97308,-87.70036
60626,42.01002,-87.66710
60628,41.69087,-87.61577
60629,41.77587,-87.71150
60630,41.97207,-87.75657
60631,41.99486,-87.81300
60632,41.81017,-87.71325
60633,41.66378,-87.56131
60634,41.94619,-87.80612
60636,41.77574,-87.66906
60637,41.78162,-87.59988
60638,41.78143,-87.77052
60639,41.92055,-87.75605
60640,41.97287,-87.66260
60641,41.94661,-87.74679
60642,41.90204,-87.65854
60643,41.70027,-87.66327
60644,41.88008,-87.75637
60645,42.00856,-87.69473
60646,41.99302,-87.75963
60647,41.92121,-87.70103
60649,41.76342,-87.56588
60651,41.90209,-87.74086
60652,41.74793,-87.71479
60653,41.81997,-87.60596
60654,41.89182,-87.63830
60655,41.69478,-87.70378
60656,41.97428,-87.82713
60657,41.94029,-87.64685
60659,41.99149,-87.70399
60660,41.99111,-87.66308
60661,41.88303,-87.64410
60706,41.96426,-87.81624
60707,41.92185,-87.80728
60712,42.00543,-87.73324
60714,42.02806,-87.81096
60803,41.67406,-87.73622
60804,41.83758,-87.75985
60805,41.72200,-87.70245
60827,41.64943,-87.63357
60901,41.10944,-87.89791
60910,41.08049,-87.80961
60911,40.88024,-87.97658
60912,40.97362,-87.60348
60913,41.14698,-88.06178
60914,41.18300,-87.86121
60915,41.14630,-87.86105
60917,41.04682,-88.18547
60918,40.59497,-88.02566
60919,40.98788,-88.23752
60920,41.02926,-88.30497
60921,40.73154,-88.29721
60922,41.00323,-87.91718
60924,40.55101,-87.88652
60926,40.56635,-87.82366
60927,40.93849,-87.97278
60928,40.74164,-87.84901
60929,40.87497,-88.28915
60930,40.82991,-88.00258
60931,40.88933,-87.58814
60932,40.46331,-87.80556
60933,40.46473,-88.27191
60934,40.95806,-88.35305
60935,41.17046,-88.17588
60936,40.46785,-88.35200
60938,40.77303,-87.98826
60940,41.24978,-87.64286
60941,41.04199,-88.08208
60942,40.46538,-87.66138
60945,40.82846,-87.58386
60946,40.91651,-88.20290
60948,40.53275,-88.07127
60949,40.37834,-88.10515
60950,41.25285,-87.88359
60951,40.91460,-87.75513
60952,40.56280,-88.25037
60953,40.62958,-87.68864
60954,41.14771,-87.62252
60955,40.69951,-87.96926
60957,40.44296,-88.13620
60958,41.06486,-87.59136
60959,40.78969,-88.18200
60960,40.43896,-87.89072
60961,41.10957,-88.22150
60962,40.62614,-88.18714
60963,40.36668,-87.64842
60964,41.03882,-87.74420
60966,40.75150,-87.58322
60968,40.67240,-88.11949
60969,41.11098,-88.14974
60970,40.79602,-87.73445
60973,40.54169,-87.66315
60974,40.71926,-87.73408
61001,42.46582,-90.11023
61006,41.86176,-89.20228
61007,42.19776,-89.58951
61008,42.24429,-88.84113
61010,42.13455,-89.27265
61011,42.39226,-88.89712
61012,42.40145,-88.76456
61013,42.37833,-89.63936
61014,41.97466,-89.88443
61015,41.99675,-89.19708
61016,42.19730,-88.94773
61018,42.41526,-89.55522
61019,42.43917,-89.41016
61020,42.11018,-89.09821
61021,41.82740,-89.47925
61024,42.43641,-89.29711
61025,42.47138,-90.55597
61027,42.33091,-89.75728
61028,42.29847,-90.17588
61030,42.11965,-89.59162
61031,41.83207,-89.31159
61032,42.31887,-89.63698
61036,42.41369,-90.37581
61037,41.78933,-89.76029
61038,42.26582,-88.73796
61039,42.20887,-89.46756
61041,42.27316,-90.31124
61042,41.68763,-89.56279
61043,42.05644,-89.10524
61044,42.31879,-89.91509
61046,42.10444,-89.81279
61047,42.15315,-89.39590
61048,42.38263,-89.84118
61049,42.04963,-89.00891
61050,42.44030,-89.73416
61051,41.98276,-89.75486
61052,42.11137,-88.99956
61053,42.12082,-89.98330
61054,42.05497,-89.44946
61057,41.82926,-89.38205
61059,42.45316,-89.94016
61060,42.47816,-89.62191
61061,41.99792,-89.34166
61062,42.25068,-89.83576
61063,42.31946,-89.34071
61064,41.98784,-89.58235
61065,42.40059,-88.83695
61067,42.30505,-89.47893
61068,41.94580,-89.06005
61070,42.41682,-89.47307
61071,41.72469,-89.69889
61072,42.44235,-89.13846
61073,42.42375,-88.99389
61074,42.12437,-90.12244
61075,42.46445,-90.25892
61077,42.23814,-89.35781
61078,42.16598,-89.72911
61079,42.43739,-89.21614
61080,42.48091,-88.98383
61081,41.83320,-89.73798
61084,42.12359,-89.19007
61085,42.34181,-90.03219
61087,42.48021,-89.99263
61088,42.26812,-89.26272
61089,42.47343,-89.81934
61091,41.90687,-89.52771
61101,42.34608,-89.14609
61102,42.22877,-89.16252
61103,42.34020,-89.08664
61104,42.25172,-89.07994
61107,42.28546,-89.00165
61108,42.25737,-89.00213
61109,42.19130,-89.05576
61111,42.33550,-89.00275
61112,42.24198,-88.97518
61114,42.30660,-88.99089
61115,42.36259,-89.02416
61201,41.47756,-90.57563
61230,41.73407,-90.21292
61231,41.21070,-90.71777
61232,41.43074,-90.73247
61234,41.41797,-89.91434
61235,41.40129,-90.02357
61236,41.51590,-90.36788
61238,41.28227,-90.17242
61239,41.48078,-90.38188
61240,41.42108,-90.42868
61241,41.48859,-90.32112
61242,41.70801,-90.28515
61243,41.61877,-89.68294
61244,41.52256,-90.39082
61250,41.65592,-90.11235
61251,41.73054,-90.07567
61252,41.83685,-90.12531
61254,41.46723,-90.14963
61256,41.54786,-90.40774
61257,41.59336,-90.22185
61258,41.52183,-89.91398
61259,41.39257,-90.95436
61260,41.24593,-90.88439
61261,41.72681,-89.91125
61262,41.27607,-90.34829
61263,41.25885,-90.60473
61264,41.40280,-90.59586
61265,41.48233,-90.49341
61270,41.82660,-89.96345
61272,41.25361,-91.00460
61273,41.36290,-90.39888
61274,41.36857,-90.27697
61275,41.60558,-90.30705
61276,41.30408,-90.58992
61277,41.61358,-89.93058
61278,41.58202,-90.33685
61279,41.32053,-90.72680
61281,41.29978,-90.52014
61282,41.49556,-90.41296
61283,41.59184,-89.78653
61284,41.39510,-90.75003
61285,41.98578,-90.05832
61301,41.39742,-89.08426
61310,41.70242,-89.35451
61311,41.03778,-88.86004
61312,41.43635,-89.23490
61313,41.07369,-88.66867
61314,41.29648,-89.67849
61315,41.28950,-89.35918
61316,41.25908,-89.12499
61317,41.43145,-89.20892
61318,41.71128,-89.07827
61319,41.01845,-88.74230
61320,41.35524,-89.17039
61321,40.96928,-88.97315
61322,41.31298,-89.32700
61323,41.43296,-89.39682
61324,41.76991,-89.41389
61325,41.23495,-88.80963
61326,41.24625,-89.22971
61327,41.22600,-89.31190
61328,41.49954,-89.45926
61329,41.38374,-89.22097
61330,41.53534,-89.26727
61331,41.74770,-89.27754
61332,41.18877,-88.98878
61333,40.98931,-88.88808
61334,41.14511,-89.09846
61335,41.16575,-89.21835
61336,41.11261,-89.23192
61337,41.43640,-89.32859
61338,41.45892,-89.67626
61340,41.26125,-89.25016
61341,41.35216,-88.69320
61342,41.54368,-89.08409
61344,41.41118,-89.83959
61345,41.28031,-89.79436
61346,41.51154,-89.71826
61348,41.28572,-89.03520
61349,41.54482,-89.44230
61350,41.37210,-88.86513
61353,41.70432,-88.99105
61354,41.32793,-89.14325
61356,41.39493,-89.43358
61358,40.97872,-89.04402
61359,41.36245,-89.27146
61360,41.32821,-88.60054
61361,41.41304,-89.75611
61362,41.35868,-89.23362
61363,41.25425,-89.18248
61364,41.12794,-88.84117
61367,41.62141,-89.25949
61368,41.26213,-89.51749
61369,40.98408,-89.15506
61370,41.19978,-89.03848
61372,41.46490,-89.07802
61373,41.40723,-88.99594
61374,41.54771,-89.35872
61375,41.03517,-89.24343
61376,41.54534,-89.61325
61377,41.06138,-89.03404
61378,41.72267,-89.15540
61379,41.39080,-89.60697
61401,40.94420,-90.38582
61410,40.79648,-90.39601
61411,40.40098,-90.50213
61412,41.07840,-90.57971
61413,41.18658,-90.37040
61414,41.12467,-90.15575
61415,40.65631,-90.43127
61416,40.49929,-90.56284
61417,40.77417,-90.53833
61418,40.85020,-90.86273
61419,41.19976,-90.11756
61420,40.54773,-90.86697
61421,41.18753,-89.64791
61422,40.55141,-90.53291
61423,40.88628,-90.50121
61424,41.07680,-89.63498
61425,40.75925,-91.04014
61426,41.12000,-89.70698
61427,40.50835,-90.18525
61428,40.94339,-90.10712
61430,40.93910,-90.31083
61431,40.60801,-90.27650
61432,40.64838,-90.15317
61433,40.55438,-90.16899
61434,41.17533,-90.03949
61435,40.97515,-90.54495
61436,40.86015,-90.22318
61437,40.84698,-90.99211
61438,40.58275,-90.65166
61439,41.02847,-90.35703
61440,40.30558,-90.59863
61441,40.33856,-90.27719
61442,41.10887,-90.92168
61443,41.26369,-89.94492
61447,40.86681,-90.75435
61448,40.93359,-90.24681
61449,41.09504,-89.97513
61450,40.57864,-90.97910
61451,40.93870,-89.93948
61452,40.23619,-90.66063
61453,41.01219,-90.76415
61454,40.68193,-91.03989
61455,40.44049,-90.63805
61458,40.78224,-90.18316
61459,40.51024,-90.41956
61460,40.71666,-90.82918
61462,40.92339,-90.64456
61465,41.21067,-90.47967
61466,41.11001,-90.47966
61467,41.07637,-90.24081
61468,41.25774,-90.38778
61469,40.95598,-90.90823
61470,40.60386,-90.50485
61471,40.69747,-90.83490
61472,41.10211,-90.38289
61473,40.70769,-90.64043
61474,40.73646,-90.38040
61475,40.59789,-90.75347
61476,41.09915,-90.83394
61477,40.49599,-90.31055
61478,40.75785,-90.76065
61479,41.00477,-89.64477
61480,40.72740,-90.91334
61482,40.38985,-90.40394
61483,41.08483,-89.88137
61484,40.29577,-90.43572
61485,41.02134,-90.10292
61486,41.19479,-90.57644
61488,41.03224,-90.31835
61489,40.93076,-90.03309
61490,41.18553,-90.25871
61491,41.05446,-89.73073
61501,40.22837,-90.31191
61516,40.85808,-89.13520
61517,40.82837,-89.84485
61519,40.46007,-90.08896
61520,40.54333,-90.02461
61523,40.91195,-89.53776
61524,40.49132,-90.03473
61525,40.84848,-89.66906
61526,40.92290,-89.61996
61528,40.77896,-89.72294
61529,40.78202,-89.93761
61530,40.71412,-89.26173
61531,40.68250,-90.03679
61532,40.33949,-89.81879
61533,40.58637,-89.84250
61534,40.41444,-89.66608
61535,40.57886,-89.51651
61536,40.68991,-89.78706
61537,41.11917,-89.47144
61539,40.55640,-89.76212
61540,41.01460,-89.36660
61541,40.98038,-89.23495
61542,40.38973,-90.13024
61543,40.41786,-89.97754
61544,40.69365,-90.23579
61545,40.87071,-89.35349
61546,40.44834,-89.80959
61547,40.58089,-89.72115
61548,40.81405,-89.42003
61550,40.61025,-89.44185
61552,40.81766,-89.56572
61553,40.62593,-90.03226
61554,40.53934,-89.61832
61559,40.91902,-89.77921
61560,41.18726,-89.41979
61561,40.80286,-89.20088
61562,40.88040,-89.50154
61563,40.49202,-90.05422
61564,40.49350,-89.65345
61565,41.03871,-89.50504
61567,40.35814,-89.89657
61568,40.51049,-89.48151
61569,40.68323,-89.90062
61570,40.92108,-89.32586
61571,40.70415,-89.41789
61572,40.80327,-90.04457
61602,40.67456,-89.60860
61603,40.71288,-89.57672
61604,40.70571,-89.65363
61605,40.67659,-89.63331
61606,40.69980,-89.61145
61607,40.62713,-89.68513
61610,40.64212,-89.59956
61611,40.71333,-89.53574
61614,40.75914,-89.60412
61615,40.73789,-89.68678
61616,40.74673,-89.57164
61625,40.69761,-89.61270
61701,40.47586,-88.99267
61704,40.47113,-88.94454
61705,40.41262,-88.89557
61720,40.55467,-88.51447
61721,40.35078,-89.32350
61722,40.41866,-88.63237
61723,40.26466,-89.27654
61724,40.32880,-88.53296
61725,40.61056,-89.11912
61726,40.73839,-88.69231
61727,40.14132,-88.96177
61728,40.57173,-88.62734
61729,40.62866,-89.22129
61730,40.53249,-88.72941
61731,40.61395,-88.48552
61732,40.52964,-89.20806
61733,40.61886,-89.33690
61734,40.37319,-89.52553
61735,40.20064,-88.81480
61736,40.40228,-88.84037
61737,40.46452,-88.74529
61738,40.74510,-89.03005
61739,40.73306,-88.52055
61740,40.88463,-88.85868
61741,40.75762,-88.40631
61742,40.63528,-89.26847
61743,40.87566,-88.78168
61744,40.73998,-88.88711
61745,40.32474,-88.97120
61747,40.41612,-89.43526
61748,40.62240,-88.99678
61749,40.09285,-89.11622
61750,40.12355,-88.85965
61751,40.21456,-89.29925
61752,40.33962,-88.75423
61753,40.62974,-88.78797
61754,40.33375,-89.18194
61755,40.52802,-89.33717
61756,40.03124,-88.97346
61759,40.43732,-89.33605
61760,40.87848,-89.02773
61761,40.52902,-88.95893
61764,40.88202,-88.62813
61769,40.88549,-88.39945
61770,40.44297,-88.52527
61771,40.70202,-89.13137
61772,40.38127,-89.06596
61773,40.56562,-88.38303
61774,40.43068,-89.20398
61775,40.65370,-88.37596
61776,40.56665,-88.87423
61777,40.24406,-88.94566
61778,40.23288,-89.09118
61801,40.10897,-88.21102
61802,40.13150,-88.15677
61810,39.91612,-87.91479
61811,40.29274,-87.62285
61812,40.22669,-87.91122
61813,39.91078,-88.56569
61814,40.23061,-87.57247
61815,40.11074,-88.37658
61816,39.92281,-88.00122
61817,40.03527,-87.71628
61818,39.88670,-88.71647
61820,40.10789,-88.24427
61821,40.10965,-88.27490
61822,40.13898,-88.30618
61830,40.03308,-88.71651
61831,40.22509,-87.79207
61832,40.13623,-87.63647
61833,40.09975,-87.64422
61834,40.15255,-87.67330
61839,40.13772,-88.62915
61840,40.29887,-88.30026
61841,40.02059,-87.81687
61842,40.23877,-88.66522
61843,40.31724,-88.37390
61844,40.14297,-87.86921
61845,40.37362,-88.39681
61846,39.97725,-87.60754
61847,40.31929,-88.01126
61848,40.30806,-87.70277
61849,40.01423,-87.96737
61850,39.93101,-87.73858
61851,39.96082,-88.43472
61852,39.90315,-88.07580
61853,40.21506,-88.42118
61854,40.19987,-88.52933
61855,39.92213,-88.66087
61856,40.02676,-88.58012
61857,40.11657,-87.84222
61858,40.13426,-87.76188
61859,40.15043,-87.96291
61862,40.30603,-87.95861
61863,39.90525,-88.27847
61864,39.97506,-88.15272
61865,40.30492,-87.80246
61866,40.31259,-88.15455
61870,39.89755,-87.61837
61871,40.19022,-87.96804
61872,39.94538,-88.37811
61873,40.13390,-88.03912
61874,40.04757,-88.25678
61875,40.10347,-88.41625
61876,39.90133,-87.83617
61877,39.98919,-88.08160
61878,40.24265,-88.14545
61880,39.97380,-88.24891
61882,40.10623,-88.75473
61883,40.03739,-87.64152
61884,40.08916,-88.47781
61910,39.67719,-88.29792
61911,39.70092,-88.46932
61912,39.52238,-88.04084
61913,39.82756,-88.46609
61914,39.63034,-88.76245
61917,39.71420,-87.89771
61919,39.78444,-88.13777
61920,39.51199,-88.15417
61924,39.78618,-87.66325
61925,39.71910,-88.84053
61928,39.45125,-88.50118
61929,39.82479,-88.62580
61930,39.68090,-88.13048
61931,39.58634,-88.34977
61932,39.80357,-87.87887
61933,39.54671,-87.92679
61936,39.80135,-88.73026
61937,39.74135,-88.65482
61938,39.48414,-88.37477
61940,39.80774,-87.81868
61941,39.80407,-88.07294
61942,39.81441,-88.00320
61943,39.67310,-88.03085
61944,39.60084,-87.70064
61949,39.63362,-87.87368
61951,39.59582,-88.59038
61953,39.80331,-88.29125
61955,39.58186,-87.59087
61956,39.85819,-88.13501
61957,39.44180,-88.61156
62001,38.88143,-89.74501
62002,38.93954,-90.12506
62006,39.05305,-90.66971
62009,39.09155,-89.79812
62010,38.92120,-90.04521
62011,39.12645,-89.21595
62012,39.04476,-90.14825
62013,38.95637,-90.57358
62014,39.04338,-89.95113
62015,39.21227,-89.54422
62016,39.29503,-90.43177
62017,39.06511,-89.36861
62018,38.90769,-90.08163
62019,39.01867,-89.44146
62021,38.98365,-89.97656
62022,39.00316,-90.32618
62023,39.11229,-89.78706
62024,38.87563,-90.07327
62025,38.83138,-89.93288
62027,39.24960,-90.56274
62028,38.95819,-90.35483
62030,39.15461,-90.16446
62031,39.11150,-90.53693
62032,39.11570,-89.28849
62033,39.13656,-89.83992
62034,38.75487,-89.97222
62035,38.95866,-90.24271
62036,38.91831,-90.58974
62037,39.01094,-90.46507
62040,38.72584,-90.11179
62044,39.36305,-90.22155
62045,39.26419,-90.69014
62046,38.88983,-89.84617
62047,39.12313,-90.62657
62048,38.80185,-90.09193
62049,39.13167,-89.48127
62050,39.44002,-90.54472
62051,39.20165,-89.40327
62052,39.11057,-90.32122
62053,39.31925,-90.66542
62054,39.20434,-90.33943
62056,39.17946,-89.67197
62058,38.97112,-89.76957
62059,38.65638,-90.16505
62060,38.68180,-90.14242
62061,38.78957,-89.77909
62062,38.72593,-89.96131
62063,39.19852,-90.14986
62065,39.22609,-90.63271
62067,38.92902,-89.98329
62069,39.08911,-89.73930
62070,39.29690,-90.73249
62074,38.95500,-89.68974
62075,39.30209,-89.29584
62076,39.34322,-89.21898
62077,39.03131,-89.52234
62078,39.47863,-90.48608
62079,39.11054,-90.14382
62080,39.13791,-89.10422
62081,39.26493,-90.22500
62082,39.48999,-90.31751
62083,39.35445,-89.20143
62084,38.83837,-90.06367
62085,39.08190,-89.80450
62086,38.98077,-89.57984
62087,38.81701,-90.06549
62088,39.01243,-89.79982
62089,39.12958,-89.49514
62090,38.67039,-90.16963
62091,39.05625,-89.61057
62092,39.41857,-90.43123
62093,39.06636,-89.85392
62094,39.23866,-89.34983
62095,38.86134,-90.06900
62097,38.93668,-89.85269
62098,39.38607,-90.30464
62201,38.64432,-90.14006
62203,38.60039,-90.07760
62204,38.63374,-90.09017
62205,38.60976,-90.12280
62206,38.57248,-90.16644
62207,38.58247,-90.12325
62208,38.59534,-90.00473
62214,38.37636,-89.60369
62215,38.50830,-89.60886
62216,38.61862,-89.60179
62217,38.17522,-89.85283
62218,38.52219,-89.47398
62219,38.60579,-89.43190
62220,38.47828,-89.99803
62221,38.51171,-89.90242
62223,38.53592,-90.05948
62225,38.54297,-89.85213
62226,38.53516,-89.99956
62230,38.63500,-89.53100
62231,38.61226,-89.31934
62232,38.63248,-90.00239
62233,37.94225,-89.78855
62234,38.68321,-89.98206
62236,38.43659,-90.21646
62237,38.18672,-89.56847
62238,38.03401,-89.54267
62239,38.53518,-90.16147
62240,38.50186,-90.17656
62241,38.01118,-89.89388
62242,38.11186,-89.94898
62243,38.41905,-89.88940
62244,38.19569,-90.19877
62245,38.54534,-89.56282
62246,38.89037,-89.42758
62248,38.30306,-89.99640
62249,38.75533,-89.66732
62250,38.54080,-89.26611
62253,38.77773,-89.30008
62254,38.60937,-89.82287
62255,38.31320,-89.78312
62257,38.28487,-89.72871
62258,38.46090,-89.78208
62260,38.46065,-90.10070
62261,38.00675,-89.99727
62262,38.93979,-89.29323
62263,38.32644,-89.41059
62264,38.31588,-89.89995
62265,38.49976,-89.67341
62266,38.48669,-89.67707
62268,38.27629,-89.53957
62269,38.60001,-89.91540
62271,38.45012,-89.51914
62272,37.99184,-89.59698
62273,38.78685,-89.58378
62274,38.10003,-89.41397
62275,38.80987,-89.55115
62277,38.09697,-90.11220
62278,38.20753,-89.99260
62279,38.15090,-90.13575
62280,37.84662,-89.64801
62281,38.70688,-89.77935
62282,38.36307,-89.71810
62284,38.88126,-89.31399
62285,38.39228,-90.00839
62286,38.11859,-89.71582
62288,37.98859,-89.68726
62289,38.59691,-89.75147
62292,38.21146,-89.67729
62293,38.62109,-89.69829
62294,38.70256,-89.86749
62295,38.28388,-90.32366
62297,38.05212,-89.80633
62298,38.31079,-90.15939
62301,39.93114,-91.38569
62305,39.92819,-91.34393
62311,40.20985,-90.93089
62312,39.70728,-91.02420
62313,40.31773,-91.22829
62314,39.76799,-90.89170
62316,40.23547,-91.05303
62319,40.15245,-90.73131
62320,40.03045,-91.08294
62321,40.40972,-91.09543
62323,39.79757,-90.68736
62324,39.99828,-90.96633
62325,40.04562,-91.16205
62326,40.41674,-90.80909
62330,40.57144,-91.12578
62334,40.38885,-91.23364
62336,40.46807,-91.17139
62338,39.98797,-91.23805
62339,40.12850,-91.03810
62340,39.73472,-90.72824
62341,40.42661,-91.29574
62343,39.69660,-91.24501
62344,40.16892,-90.83109
62345,39.70432,-91.12732
62346,40.15062,-90.95126
62347,39.87009,-91.08895
62348,40.18756,-91.36733
62349,40.17055,-91.19186
62351,40.11361,-91.26887
62352,39.56462,-90.64987
62353,39.96797,-90.75634
62354,40.52841,-91.34594
62355,39.41243,-90.77872
62356,39.58887,-91.07967
62357,39.68582,-90.86707
62358,40.58758,-91.25347
62359,40.03508,-91.20125
62360,39.81628,-91.26343
62361,39.48027,-90.64547
62362,39.78221,-90.74719
62363,39.59050,-90.76967
62365,39.79641,-91.16511
62366,39.47209,-90.90182
62367,40.29931,-90.87426
62370,39.51729,-91.00723
62373,40.24188,-91.33932
62374,40.40891,-90.91203
62375,40.00634,-90.86852
62376,40.12055,-91.43489
62378,39.90586,-90.63478
62379,40.28350,-91.40336
62380,40.23823,-91.19090
62401,39.11872,-88.56238
62410,38.53880,-87.73321
62411,39.07126,-88.73364
62413,39.13882,-87.83784
62414,39.17445,-88.82637
62417,38.70724,-87.76656
62418,39.02227,-88.97376
62419,38.61074,-87.98967
62420,39.28703,-87.99855
62421,38.75356,-87.94353
62422,39.23880,-88.88323
62423,39.46269,-87.57989
62424,38.99116,-88.42019
62425,38.83009,-88.09220
62426,38.89232,-88.66403
62427,38.87313,-87.64986
62428,39.26265,-88.13671
62431,39.22817,-88.98874
62432,39.13547,-88.13983
62433,39.10674,-87.71576
62434,38.84205,-88.32179
62436,39.17989,-88.25250
62438,39.32111,-88.86923
62439,38.74406,-87.63970
62440,39.39550,-88.26789
62441,39.39761,-87.69760
62442,39.30395,-87.85381
62443,38.95433,-88.62707
62444,39.27654,-88.73928
62445,39.16916,-88.32135
62446,38.50296,-88.21331
62447,39.31469,-88.44836
62448,38.96836,-88.17918
62449,39.00622,-87.91435
62450,38.71317,-88.08929
62451,38.97121,-87.61111
62452,38.59006,-88.01470
62454,38.99986,-87.75660
62458,39.02478,-88.85156
62459,38.93002,-88.02778
62460,38.60169,-87.72721
62461,39.19417,-88.68435
62462,39.23699,-88.46063
62463,39.27665,-88.60537
62465,39.34939,-88.64046
62466,38.72841,-87.85263
62467,39.13120,-88.43500
62468,39.27695,-88.27031
62469,39.35124,-88.33383
62471,38.94620,-89.13014
62473,39.02148,-88.56790
62474,39.42365,-88.00062
62475,38.88963,-88.04651
62476,38.54211,-88.01656
62477,39.23355,-87.64344
62478,39.17997,-87.74362
62479,39.03704,-88.30690
62480,38.99739,-87.99957
62481,39.12723,-88.02201
62501,39.94196,-88.80536
62510,39.53066,-89.02892
62512,40.14347,-89.21060
62513,39.72198,-89.15081
62514,39.76244,-89.05069
62515,39.86041,-89.37834
62517,39.59260,-89.42764
62518,40.05419,-89.19141
62519,39.92880,-89.39531
62520,39.81791,-89.45595
62521,39.81788,-88.92186
62522,39.82758,-89.04780
62523,39.84410,-88.95222
62526,39.90166,-88.98925
62530,39.56029,-89.67512
62531,39.67438,-89.37756
62532,39.76339,-88.98925
62533,39.44694,-89.61599
62534,39.52968,-88.80059
62535,39.92471,-88.96887
62536,39.62902,-89.65226
62537,39.85313,-89.09471
62538,39.35641,-89.51991
62539,39.86602,-89.25129
62540,39.58396,-89.41749
62541,39.96537,-89.35515
62543,39.97140,-89.15223
62544,39.70640,-88.96784
62545,39.75672,-89.38830
62546,39.43145,-89.44592
62547,39.77048,-89.24225
62548,39.98125,-89.28354
62549,39.77103,-88.86715
62550,39.61788,-88.98963
62551,39.85544,-89.15905
62553,39.26629,-89.10717
62554,39.94448,-88.88227
62555,39.46298,-89.21047
62556,39.47497,-89.37521
62557,39.39687,-89.10453
62558,39.58671,-89.54985
62560,39.29863,-89.60282
62561,39.86389,-89.50191
62563,39.71926,-89.49625
62565,39.41178,-88.80410
62567,39.64522,-89.18985
62568,39.56142,-89.28802
62570,39.58858,-89.44800
62571,39.38101,-88.96022
62572,39.36093,-89.70153
62573,39.94541,-89.07413
62601,39.74909,-90.03925
62610,39.55884,-90.43486
62611,39.88412,-90.39818
62612,39.89605,-90.06316
62613,39.99743,-89.66594
62615,39.58507,-89.75738
62617,40.15682,-90.16989
62618,39.98265,-90.40200
62621,39.72672,-90.52058
62622,39.97819,-90.35345
62624,40.15657,-90.36373
62625,39.91005,-89.68746
62626,39.28228,-89.88360
62627,40.05913,-90.11108
62628,39.77945,-90.40324
62629,39.67984,-89.71170
62630,39.25483,-90.09050
62631,39.82742,-90.35420
62633,40.22354,-89.87079
62634,40.01378,-89.45156
62635,40.29671,-89.47145
62638,39.60930,-90.08124
62639,40.03767,-90.48601
62640,39.42827,-89.80498
62642,40.09360,-89.72485
62643,40.24299,-89.45170
62644,40.28794,-90.05454
62649,39.35753,-90.07024
62650,39.73454,-90.22305
62655,40.16993,-89.98654
62656,40.14095,-89.37053
62661,39.66800,-89.82697
62663,39.54070,-90.32893
62664,40.21256,-89.72414
62665,39.81695,-90.52956
62666,40.08611,-89.54387
62667,39.48777,-89.99230
62668,39.56593,-90.24029
62670,39.74300,-89.89171
62671,40.17286,-89.55844
62672,39.39801,-89.80446
62673,40.08555,-89.97869
62674,39.44112,-90.02331
62675,40.03603,-89.84792
62677,39.85267,-89.87939
62681,40.13624,-90.54275
62682,40.29872,-89.63097
62684,39.90914,-89.58676
62685,39.13988,-90.00277
62688,39.94598,-89.92311
62689,39.53385,-89.76177
62690,39.50600,-89.76276
62691,39.95826,-90.21026
62692,39.58355,-89.93916
62693,39.95805,-89.51617
62694,39.62278,-90.47712
62695,39.62708,-90.22368
62701,39.80071,-89.64881
62702,39.82414,-89.64194
62703,39.76245,-89.62982
62704,39.77350,-89.68384
62707,39.85557,-89.65008
62711,39.76547,-89.72933
62712,39.75381,-89.57970
62801,38.51286,-89.14184
62803,38.45334,-89.29497
62806,38.38210,-88.07643
62807,38.74477,-88.94068
62808,38.30618,-89.18870
62809,38.26870,-88.29035
62810,38.20128,-88.75232
62811,38.38301,-87.90561
62812,37.99735,-88.91695
62814,38.37840,-88.73192
62815,38.45835,-87.96644
62816,38.18979,-88.92297
62817,37.95447,-88.47611
62818,38.38327,-87.96536
62819,37.97731,-89.01659
62820,38.24240,-88.23744
62821,38.07102,-88.12967
62822,37.97754,-89.05645
62823,38.52854,-88.44559
62824,38.66946,-88.34168
62825,37.99889,-89.06866
62827,38.17066,-88.04770
62828,38.19453,-88.60158
62829,37.97354,-88.48949
62830,38.44341,-88.96763
62831,38.23495,-89.22273
62832,38.01182,-89.24891
62833,38.36172,-88.16418
62835,38.10605,-88.32167
62836,38.09457,-88.80545
62837,38.36036,-88.35295
62838,38.88377,-88.73999
62839,38.66561,-88.50128
62841,37.85926,-89.00017
62842,38.46767,-88.37104
62843,38.38221,-88.19906
62844,38.26273,-88.04347
62846,38.14252,-88.86815
62848,38.43404,-89.16639
62849,38.58494,-88.77370
62850,38.49473,-88.59482
62851,38.42755,-88.65995
62852,38.35013,-87.86677
62853,38.51611,-88.91219
62854,38.76994,-88.80104
62856,37.95641,-88.83846
62858,38.81181,-88.49295
62859,38.08120,-88.53270
62860,38.04137,-88.73193
62861,38.03035,-88.02306
62862,38.21911,-88.29934
62863,38.41585,-87.85988
62864,38.33051,-88.90237
62865,37.97196,-89.08007
62867,37.91224,-88.09893
62868,38.67771,-88.22813
62869,37.95660,-88.27777
62870,38.63515,-89.05306
62871,37.87536,-88.27286
62872,38.26813,-88.80961
62874,37.91871,-88.97603
62875,38.75545,-89.12117
62876,38.27643,-89.19573
62877,38.39280,-89.21122
62878,38.57451,-88.50790
62879,38.76497,-88.36072
62880,38.86699,-88.88439
62881,38.63533,-88.92736
62882,38.63625,-89.11865
62883,38.16842,-89.12037
62884,38.08337,-89.05617
62885,38.85906,-89.05421
62886,38.38090,-88.53923
62887,38.18451,-88.36194
62888,38.13098,-89.23447
62889,38.45654,-88.82360
62890,37.90620,-88.73797
62891,38.01502,-89.04245
62892,38.80857,-89.07566
62893,38.46582,-89.03018
62894,38.20852,-89.03671
62895,38.30555,-88.55514
62896,37.89049,-88.91597
62897,38.09461,-88.89886
62898,38.35038,-89.06017
62899,38.61891,-88.64245
62901,37.73900,-89.20911
62902,37.66259,-89.11755
62903,37.67412,-89.27623
62905,37.55771,-89.36736
62906,37.46289,-89.17755
62907,37.87247,-89.49745
62908,37.31023,-88.86490
62910,37.15311,-88.53446
62912,37.47620,-89.03236
62914,37.06405,-89.22232
62915,37.78357,-89.11965
62916,37.93068,-89.56868
62917,37.69342,-88.65163
62918,37.78986,-89.08844
62919,37.52402,-88.13837
62920,37.55007,-89.23778
62921,37.80191,-89.08426
62922,37.62075,-88.81481
62923,37.34643,-89.01600
62924,37.82300,-89.19803
62926,37.36668,-89.13141
62927,37.93466,-89.24231
62928,37.48245,-88.57548
62930,37.83784,-88.44109
62931,37.52143,-88.29202
62932,37.89287,-89.21366
62933,37.77066,-89.02387
62934,37.70724,-88.35863
62935,37.83955,-88.63485
62938,37.38146,-88.53942
62939,37.55116,-88.98165
62940,37.73849,-89.47181
62941,37.23926,-88.98611
62942,37.64936,-89.47287
62943,37.35756,-88.75038
62946,37.70986,-88.53884
62947,37.52869,-88.45399
62948,37.81714,-89.03068
62949,37.82792,-89.14461
62950,37.74645,-89.56071
62951,37.82396,-88.93001
62952,37.41745,-89.34345
62953,37.20722,-88.85074
62954,37.69210,-88.27954
62956,37.27980,-88.93836
62957,37.31250,-89.42613
62958,37.63099,-89.23099
62959,37.71822,-88.91044
62960,37.22530,-88.70940
62961,37.33817,-89.25485
62962,37.07536,-89.33589
62963,37.09456,-89.16992
62964,37.13032,-89.22658
62965,37.76732,-88.52062
62966,37.77514,-89.35098
62967,37.58428,-88.73581
62969,37.15885,-89.34364
62970,37.22220,-89.09053
62972,37.54229,-88.79104
62974,37.78120,-88.78299
62975,37.63377,-89.38759
62976,37.22166,-89.20438
62977,37.85178,-88.54592
62979,37.82202,-88.18632
62982,37.42482,-88.36532
62983,37.90297,-89.12122
62984,37.70821,-88.14916
62985,37.45860,-88.68545
62987,37.61872,-88.66035
62988,37.25964,-89.28927
62990,37.22858,-89.39884
62992,37.28012,-89.16581
62994,37.90673,-89.34236
62995,37.43805,-88.87768
62996,37.16567,-89.15820
62997,37.98230,-89.59043
62998,37.51207,-89.45815
62999,37.86953,-89.05641
63005,38.64421,-90.65141
63010,38.43037,-90.39210
63011,38.60454,-90.56029
63012,38.34738,-90.45354
63013,38.40525,-91.15256
63014,38.65181,-91.31345
63015,38.40577,-90.75937
63016,38.35246,-90.63496
63017,38.65628,-90.54187
63019,38.23126,-90.37501
63020,38.10443,-90.56542
63021,38.56984,-90.54569
63023,38.26863,-90.69882
63025,38.48753,-90.62011
63026,38.50335,-90.46095
63028,38.14286,-90.39212
63030,38.11395,-90.72709
63031,38.81205,-90.35362
63033,38.79844,-90.27421
63034,38.84830,-90.28842
63036,37.97628,-90.37210
63037,38.42873,-91.30385
63038,38.57707,-90.66781
63039,38.49450,-90.83930
63040,38.57367,-90.63436
63041,38.25954,-90.79182
63042,38.78417,-90.38376
63043,38.72886,-90.46196
63044,38.77290,-90.42978
63045,38.76963,-90.46403
63047,38.19550,-90.48742
63048,38.26037,-90.39243
63049,38.47939,-90.53081
63050,38.25807,-90.57979
63051,38.37778,-90.57663
63052,38.39303,-90.43258
63053,38.36659,-90.36393
63055,38.52962,-90.83504
63056,38.39962,-91.21500
63057,38.34330,-90.40557
63060,38.26058,-90.87598
63061,38.27251,-90.81673
63068,38.56588,-91.24406
63069,38.48778,-90.72761
63070,38.28805,-90.42876
63071,38.15001,-90.82112
63072,38.36962,-90.81303
63073,38.58880,-90.78285
63074,38.72650,-90.38870
63077,38.32904,-90.98447
63079,38.26058,-91.09980
63080,38.19241,-91.07594
63084,38.42190,-91.01929
63087,38.01328,-90.45154
63088,38.54957,-90.50010
63089,38.45828,-90.88957
63090,38.53547,-91.04873
63091,38.37166,-91.39322
63101,38.63157,-90.19261
63102,38.63518,-90.18700
63103,38.62971,-90.21686
63104,38.61113,-90.21409
63105,38.64436,-90.32825
63106,38.64440,-90.20832
63107,38.66392,-90.21211
63108,38.64480,-90.25342
63109,38.58460,-90.29443
63110,38.62580,-90.26700
63111,38.55808,-90.25001
63112,38.65893,-90.28267
63113,38.65802,-90.24760
63114,38.70226,-90.36367
63115,38.68185,-90.24017
63116,38.58081,-90.26411
63117,38.63078,-90.33084
63118,38.59244,-90.22624
63119,38.58847,-90.35135
63120,38.69058,-90.26210
63121,38.70806,-90.30063
63122,38.58119,-90.41798
63123,38.54743,-90.32811
63124,38.63656,-90.37465
63125,38.51845,-90.29351
63126,38.54963,-90.37861
63127,38.53449,-90.41739
63128,38.49197,-90.38657
63129,38.45781,-90.31914
63130,38.66510,-90.32530
63131,38.61767,-90.44452
63132,38.67602,-90.37801
63133,38.68091,-90.30600
63134,38.74021,-90.34583
63135,38.74968,-90.29872
63136,38.74330,-90.25978
63137,38.75054,-90.21166
63138,38.80107,-90.19238
63139,38.61041,-90.29172
63140,38.73838,-90.32307
63141,38.65863,-90.45822
63143,38.61173,-90.32143
63144,38.61913,-90.34774
63146,38.69769,-90.47208
63147,38.69380,-90.21533
63155,38.62787,-90.20546
63301,38.85804,-90.46332
63303,38.73979,-90.54369
63304,38.70351,-90.66752
63330,39.27134,-90.80427
63332,38.59687,-90.89403
63333,39.03374,-91.30902
63334,39.29758,-91.18831
63336,39.33180,-90.93403
63339,39.34438,-91.37135
63341,38.66063,-90.80679
63343,39.15481,-90.82818
63344,39.23503,-91.00368
63345,39.27706,-91.56914
63347,39.06987,-90.76673
63348,38.78538,-90.94524
63349,38.97439,-91.15096
63350,38.90110,-91.36171
63351,38.86237,-91.31274
63352,39.24779,-91.65895
63353,39.45404,-91.11304
63357,38.66102,-91.08691
63359,39.15121,-91.35619
63361,38.96515,-91.55297
63362,38.92277,-90.86989
63363,38.88391,-91.45491
63366,38.85746,-90.72531
63367,38.77419,-90.79505
63368,38.75043,-90.73189
63369,38.93514,-90.76330
63370,39.09151,-91.24046
63373,38.92955,-90.38534
63376,38.80045,-90.61822
63377,39.11031,-91.10339
63379,39.00103,-90.99557
63381,38.98640,-91.25330
63382,39.30539,-91.49593
63383,38.80436,-91.19370
63384,39.09253,-91.55359
63385,38.79698,-90.85725
63386,38.87020,-90.21954
63387,39.18355,-91.01673
63388,38.87512,-91.75713
63389,39.00051,-90.77285
63390,38.80340,-91.04007
63401,39.69067,-91.45662
63430,40.39063,-91.54264
63431,39.74022,-92.31396
63432,40.49724,-91.99393
63433,39.53122,-91.12937
63434,39.90979,-91.94724
63435,40.19914,-91.58368
63436,39.50573,-91.55251
63437,39.72822,-92.22065
63438,39.96851,-91.68797
63439,39.80193,-91.86056
63440,39.98748,-91.75883
63441,39.48033,-91.31203
63443,39.66852,-91.88249
63445,40.39566,-91.73221
63446,40.13041,-91.98721
63447,40.09702,-91.90340
63448,40.02466,-91.55704
63450,39.66891,-92.15026
63451,39.90378,-92.20589
63452,40.09313,-91.79005
63453,40.51076,-91.86726
63454,39.92298,-91.65038
63456,39.65647,-91.72833
63457,40.16585,-91.71189
63458,39.99245,-92.01991
63459,39.57937,-91.36925
63460,39.99927,-92.20790
63461,39.79061,-91.56996
63462,39.41921,-91.70113
63463,39.85146,-91.78106
63464,39.98089,-92.08360
63465,40.52764,-91.67955
63467,39.64862,-91.27088
63468,39.68406,-92.01463
63469,39.82585,-92.04122
63471,39.90758,-91.48348
63472,40.40443,-91.58585
63473,40.24685,-91.78386
63474,40.34976,-91.89357
63501,40.16629,-92.59121
63530,39.90762,-92.45505
63531,40.30026,-92.24104
63532,39.76089,-92.57288
63533,40.19977,-92.39223
63534,39.73731,-92.64841
63535,40.55996,-92.66495
63536,40.48529,-92.35593
63537,40.15018,-92.15369
63538,39.95394,-92.67987
63539,39.92746,-92.75157
63540,40.10737,-92.41040
63541,40.50417,-92.62704
63543,40.35242,-92.01413
63544,40.24322,-92.84106
63545,40.27224,-92.96452
63546,40.33774,-92.51099
63547,40.13583,-92.29771
63548,40.53636,-92.48916
63549,40.01847,-92.48626
63551,40.50057,-92.73559
63552,39.76316,-92.43653
63555,40.48640,-92.19318
63556,40.18299,-93.12729
63557,39.97098,-92.87877
63558,39.74877,-92.75138
63559,40.22329,-92.75989
63560,40.36720,-93.11539
63561,40.41956,-92.54086
63563,40.30455,-92.06594
63565,40.48062,-92.94728
63566,40.04328,-92.92562
63567,40.41880,-92.71974
63601,37.82405,-90.54455
63620,37.38173,-90.65195
63621,37.47837,-90.61024
63622,37.79099,-90.90743
63623,37.68505,-90.88259
63624,37.75563,-90.63394
63625,37.55488,-90.97175
63626,38.06998,-90.68653
63627,38.05286,-90.26740
63628,37.94579,-90.52463
63629,37.40864,-91.23684
63630,38.02793,-90.71935
63631,37.75457,-90.78804
63633,37.44258,-91.02014
63636,37.29364,-90.57553
63637,37.71229,-90.51835
63638,37.21486,-91.01911
63640,37.75467,-90.38056
63645,37.53675,-90.33878
63648,37.82511,-90.69564
63650,37.62343,-90.60939
63653,37.86029,-90.59159
63654,37.48715,-90.85752
63655,37.38895,-90.18703
63656,37.59322,-90.79730
63660,37.90925,-90.68878
63662,37.53242,-90.05003
63663,37.62290,-90.64480
63664,37.90000,-90.92766
63665,37.29295,-90.84394
63666,37.40060,-91.05785
63670,37.88585,-90.16153
63673,37.84183,-89.99106
63674,38.03672,-90.65918
63675,37.31447,-90.69477
63701,37.33587,-89.57581
63703,37.27493,-89.54000
63730,37.09829,-89.91716
63732,37.59414,-89.57593
63735,36.97771,-89.77568
63736,37.08940,-89.51029
63738,37.08984,-89.95723
63739,37.35855,-89.80026
63740,37.17537,-89.68072
63742,37.15866,-89.44614
63743,37.51911,-89.82345
63744,37.19600,-89.73826
63745,37.23980,-89.69016
63746,37.70784,-89.69483
63747,37.55637,-89.79969
63748,37.66893,-89.62632
63750,37.15322,-90.20074
63751,37.27582,-90.12818
63755,37.43946,-89.64080
63758,37.18702,-89.55594
63760,37.24305,-89.91075
63763,37.06406,-90.17331
63764,37.31976,-89.99023
63766,37.43090,-89.83688
63767,37.04621,-89.61126
63769,37.52240,-89.73658
63770,37.59752,-89.70302
63771,37.07161,-89.70373
63774,37.08926,-89.76380
63775,37.71130,-89.87746
63780,37.18872,-89.51445
63781,37.53845,-89.92836
63782,37.12214,-90.03530
63783,37.60727,-89.67985
63784,36.98453,-89.69155
63785,37.26684,-89.82221
63787,37.12115,-90.13288
63801,36.89914,-89.60500
63820,36.82426,-89.32557
63821,36.04767,-90.23911
63822,36.66595,-89.99883
63823,36.89501,-89.46040
63824,37.00492,-89.52669
63825,36.93141,-89.94576
63826,36.17036,-89.84173
63827,36.25601,-89.88734
63828,36.75037,-89.69184
63829,36.03551,-90.30887
63830,36.13535,-89.69014
63833,36.65034,-89.73077
63834,36.91429,-89.27423
63837,36.46198,-89.99215
63839,36.04474,-89.81358
63841,36.77132,-89.98445
63845,36.71220,-89.32595
63846,36.82626,-89.79935
63847,36.43995,-90.03893
63848,36.44441,-89.90601
63849,36.13861,-89.97878
63851,36.25915,-89.71723
63852,36.36733,-90.01515
63853,36.06474,-89.87032
63855,36.06911,-90.05681
63857,36.22427,-90.04576
63860,36.65218,-89.59467
63862,36.61400,-89.64171
63863,36.56489,-89.97675
63866,36.52854,-89.60564
63867,36.73272,-89.55188
63868,36.84917,-89.69343
63869,36.59703,-89.48222
63870,36.62114,-89.85720
63873,36.42286,-89.67046
63874,36.54307,-89.82264
63876,36.13228,-90.17031
63877,36.07572,-89.85834
63878,36.50302,-89.82236
63879,36.35952,-89.81272
63880,36.32583,-90.02381
63882,36.91499,-89.22288
63901,36.76087,-90.46052
63902,36.76762,-90.42711
63932,36.68324,-90.25578
63933,36.52818,-90.10696
63934,37.19855,-90.36866
63935,36.67521,-90.92147
63936,36.80893,-90.12903
63937,36.93513,-90.78382
63939,36.65116,-90.67388
63940,36.76800,-90.22767
63941,36.88559,-91.15905
63942,36.55401,-91.07416
63943,36.82717,-90.78898
63944,37.11316,-90.35950
63945,36.63297,-90.54274
63951,37.11490,-90.25785
63952,37.00988,-90.64274
63953,36.58725,-90.63771
63954,36.55749,-90.47126
63955,36.60356,-90.68088
63956,37.21395,-90.52173
63957,37.12298,-90.64827
63960,36.95694,-90.13147
63961,36.56721,-90.27708
63962,36.84403,-90.28151
63964,37.26293,-90.41488
63965,36.96517,-91.02130
63966,36.97951,-90.26472
63967,36.94070,-90.48533
64001,39.11422,-93.54091
64011,38.95976,-94.06793
64012,38.78935,-94.54363
64014,39.00676,-94.25514
64015,39.01458,-94.30891
64016,39.11962,-94.21576
64017,39.19563,-94.02422
64018,39.45472,-94.72126
64019,38.77754,-93.86528
64020,38.96742,-93.59978
64021,39.10449,-93.61900
64022,39.19436,-93.67180
64024,39.32721,-94.22727
64029,39.00590,-94.21639
64030,38.88136,-94.52274
64034,38.85857,-94.29755
64035,39.29051,-93.81222
64036,39.19376,-93.93681
64037,39.05476,-93.73273
64040,38.72376,-93.98766
64048,39.43778,-94.36358
64050,39.11579,-94.41057
64052,39.07342,-94.45023
64053,39.10935,-94.46528
64054,39.11035,-94.43904
64055,39.05085,-94.39800
64056,39.11313,-94.31492
64057,39.07196,-94.31931
64058,39.17386,-94.31356
64060,39.36892,-94.36374
64061,38.78672,-94.08442
64062,39.45573,-94.16321
64063,38.91199,-94.35167
64064,38.97448,-94.34518
64065,38.95218,-94.40440
64066,39.13600,-94.12584
64067,39.15428,-93.83604
64068,39.25832,-94.38965
64070,38.88661,-94.14889
64071,39.02783,-93.83172
64072,39.24222,-94.29155
64074,39.08365,-94.07130
64075,38.99960,-94.14526
64076,38.98316,-93.94806
64077,39.22464,-94.13909
64078,38.70282,-94.45828
64079,39.35901,-94.79329
64080,38.76422,-94.26042
64081,38.90705,-94.40393
64082,38.86219,-94.40831
64083,38.79739,-94.44553
64084,39.38568,-94.06943
64085,39.33484,-93.94528
64086,38.89917,-94.27238
64088,39.15156,-94.18190
64089,39.39389,-94.56090
64090,38.75936,-94.16358
64092,39.21758,-94.81112
64093,38.79255,-93.73088
64096,39.20885,-93.55259
64097,39.10491,-93.98427
64098,39.46808,-94.89147
64101,39.10347,-94.60064
64102,39.09384,-94.60404
64105,39.10473,-94.59037
64106,39.10484,-94.57218
64108,39.08490,-94.58647
64109,39.06579,-94.56634
64110,39.03445,-94.57284
64111,39.05758,-94.59388
64112,39.03597,-94.59519
64113,39.01407,-94.59565
64114,38.95780,-94.59860
64116,39.14881,-94.57524
64117,39.16445,-94.52266
64118,39.21286,-94.57395
64119,39.20997,-94.51466
64120,39.13501,-94.51496
64123,39.11435,-94.52323
64124,39.10722,-94.53921
64125,39.10646,-94.49415
64126,39.09109,-94.49598
64127,39.08914,-94.53854
64128,39.06384,-94.53413
64129,39.04790,-94.49196
64130,39.03360,-94.53717
64131,38.93604,-94.58501
64132,38.98829,-94.54224
64133,39.01388,-94.45772
64134,38.92803,-94.48765
64136,39.01279,-94.40573
64137,38.93536,-94.54267
64138,38.96712,-94.46793
64139,38.96834,-94.41637
64145,38.87354,-94.59400
64146,38.88300,-94.57189
64147,38.85178,-94.55465
64149,38.86546,-94.47161
64150,39.17218,-94.63250
64151,39.21536,-94.63008
64152,39.21907,-94.72472
64153,39.27458,-94.72664
64154,39.27927,-94.63717
64155,39.27309,-94.57965
64156,39.27367,-94.51776
64157,39.27475,-94.47240
64158,39.23438,-94.48292
64161,39.15859,-94.45091
64163,39.34449,-94.68823
64164,39.32935,-94.62707
64165,39.32144,-94.57628
64166,39.32207,-94.52304
64167,39.31909,-94.48204
64192,38.96046,-94.52203
64401,39.63339,-94.71546
64402,40.25717,-94.32733
64420,40.48534,-94.28868
64421,39.91233,-94.93591
64422,39.88654,-94.49907
64423,40.19287,-94.85166
64424,40.26189,-94.03607
64426,40.52171,-93.85952
64427,40.11136,-94.83316
64428,40.43661,-95.09389
64429,39.73674,-94.22581
64430,39.83899,-94.56554
64431,40.52819,-94.99626
64432,40.26359,-94.66857
64433,40.23884,-94.68090
64434,40.26185,-94.73350
64436,39.85773,-94.69186
64437,40.12239,-95.34749
64438,40.15858,-94.41377
64439,39.52441,-94.75345
64440,39.57720,-94.92539
64441,40.39292,-94.27130
64442,40.48988,-94.01147
64443,39.74289,-94.65316
64444,39.48542,-94.64803
64445,40.54024,-95.14911
64446,40.31709,-95.41405
64448,39.59675,-94.82277
64449,40.04120,-94.97848
64451,40.00154,-95.19367
64453,40.34502,-94.48016
64454,39.59650,-94.59252
64455,40.18066,-95.00506
64456,40.49313,-94.39109
64457,40.16271,-94.68236
64458,40.51496,-94.14520
64459,39.92873,-94.64502
64461,40.51435,-94.80728
64463,40.06260,-94.48259
64465,39.55039,-94.28848
64466,40.16622,-95.10627
64467,40.40166,-94.16295
64468,40.34355,-94.88103
64469,39.91868,-94.36501
64470,40.16014,-95.22919
64471,40.25320,-94.19288
64473,39.97926,-95.07621
64474,39.75443,-94.37966
64475,40.43534,-94.62355
64476,40.45296,-94.83061
64477,39.57546,-94.45286
64479,40.33399,-94.64700
64480,40.05412,-94.70548
64481,40.35395,-93.88773
64482,40.46497,-95.54638
64483,40.03887,-94.83913
64484,39.56120,-95.01715
64485,39.94964,-94.81789
64486,40.53036,-94.62440
64487,40.30094,-95.09591
64489,40.23419,-94.54823
64490,39.73121,-94.51471
64491,40.44604,-95.35805
64492,39.48186,-94.54442
64493,39.63505,-94.31819
64494,39.99066,-94.60965
64496,40.48116,-95.64593
64497,39.92954,-94.21987
64498,40.53960,-95.32193
64499,40.39386,-94.43979
64501,39.76544,-94.84443
64503,39.74891,-94.84405
64504,39.69125,-94.90592
64505,39.84674,-94.82388
64506,39.78992,-94.80331
64507,39.72851,-94.76354
64601,39.80538,-93.57910
64620,39.89453,-94.08995
64622,39.49255,-93.54272
64623,39.46980,-93.33326
64624,39.56236,-93.78447
64625,39.74404,-93.80288
64628,39.79617,-93.04152
64630,40.03767,-93.15689
64631,39.82425,-92.86609
64632,40.46899,-93.76679
64633,39.35686,-93.48449
64635,39.95280,-93.43386
64636,40.11010,-93.98046
64637,39.55808,-93.91509
64638,39.61764,-93.62014
64639,39.39173,-93.22276
64640,39.89821,-93.93597
64641,40.17589,-93.39956
64642,40.17079,-93.83645
64643,39.61304,-93.36916
64644,39.73544,-93.97518
64645,40.30007,-93.32232
64646,40.09895,-93.30898
64647,40.03114,-93.98472
64648,39.98906,-93.80275
64649,39.77335,-94.08639
64650,39.63566,-94.07151
64651,39.76680,-93.18567
64652,40.02151,-93.41819
64653,39.89726,-93.21209
64654,39.84034,-93.77316
64655,40.44653,-93.25749
64656,39.67691,-93.69279
64657,40.12705,-94.22760
64658,39.66296,-92.91730
64659,39.78473,-93.29832
64660,39.56443,-93.09874
64661,40.53606,-93.51748
64664,39.74970,-93.65129
64667,40.38574,-93.33127
64668,39.35507,-93.70441
64670,40.04759,-94.14153
64671,39.53188,-94.05078
64672,40.53893,-93.24974
64673,40.37431,-93.58690
64674,39.96263,-93.13773
64676,39.63846,-93.05847
64679,40.23723,-93.58081
64681,39.64551,-93.23049
64682,39.54949,-93.49516
64683,40.07843,-93.60105
64686,39.74870,-93.62382
64688,39.81713,-93.37506
64689,39.87256,-94.15013
64701,38.62452,-94.32925
64720,38.40429,-94.34339
64722,38.27807,-94.54251
64723,38.36164,-94.55959
64724,38.15321,-94.00664
64725,38.49066,-94.37265
64726,38.52715,-93.92194
64728,37.70305,-94.52382
64730,38.25926,-94.30028
64733,38.58455,-93.82749
64734,38.65473,-94.55933
64735,38.36781,-93.74365
64738,37.90166,-93.65169
64739,38.51128,-94.09662
64740,38.22751,-93.70295
64741,37.81823,-94.56234
64742,38.50809,-94.54120
64743,38.66845,-94.23229
64744,37.84820,-93.97893
64745,38.17189,-94.49723
64746,38.60215,-94.49672
64747,38.57885,-94.18203
64748,37.36047,-94.08767
64750,37.94090,-94.10170
64752,38.06502,-94.56347
64755,37.33742,-94.30869
64756,37.61903,-94.01517
64759,37.52122,-94.25704
64761,38.60802,-93.67564
64762,37.54666,-94.50148
64763,38.14355,-93.70194
64765,37.99589,-94.44380
64767,37.73736,-94.20145
64769,37.48069,-94.56831
64770,38.28145,-93.98951
64771,37.75118,-94.46905
64772,37.83257,-94.33470
64776,38.04951,-93.66298
64778,37.91937,-94.47919
64779,38.09202,-94.39621
64780,38.05920,-94.04696
64781,37.98318,-93.81059
64783,38.00525,-94.10942
64784,37.66465,-94.23417
64788,38.42391,-94.01955
64790,37.91935,-94.22217
64801,37.10690,-94.49765
64804,37.02169,-94.51090
64830,37.23139,-94.41037
64831,36.65913,-94.45676
64832,37.34021,-94.57360
64833,37.19381,-94.12984
64834,37.18787,-94.57361
64835,37.14844,-94.43748
64836,37.18926,-94.27926
64840,37.01657,-94.33606
64841,37.07835,-94.41675
64842,36.78901,-94.10599
64843,36.73390,-94.44393
64844,36.91623,-94.23856
64847,36.59398,-94.44100
64848,37.17178,-93.98963
64849,37.25490,-94.44488
64850,36.86053,-94.40167
64854,36.54599,-94.45588
64855,37.29548,-94.48532
64856,36.56636,-94.26920
64857,37.24585,-94.43859
64858,36.90086,-94.53053
64859,37.16276,-94.13799
64861,36.69535,-94.15407
64862,37.10066,-94.11952
64863,36.55937,-94.58334
64865,36.84265,-94.58131
64866,36.86958,-94.15642
64867,36.72447,-94.23472
64870,37.18292,-94.47777
64873,37.01340,-94.04571
64874,36.75847,-94.05431
65001,38.29023,-92.01027
65010,38.79327,-92.23726
65011,38.38878,-92.71178
65013,38.28305,-91.76783
65014,38.31618,-91.63114
65016,38.56113,-91.93573
65017,38.09231,-92.49450
65018,38.62094,-92.56516
65020,38.00624,-92.78064
65023,38.65390,-92.39630
65024,38.61925,-91.75636
65025,38.67595,-92.69002
65026,38.32436,-92.56479
65032,38.34763,-92.38309
65034,38.55968,-92.81811
65035,38.36382,-91.94696
65037,38.24342,-92.84915
65039,38.71108,-92.29664
65040,38.34827,-92.28459
65041,38.63302,-91.48976
65043,38.62301,-92.10229
65046,38.78649,-92.48842
65047,38.15089,-92.57845
65048,38.37312,-92.04060
65049,38.19996,-92.67452
65050,38.54744,-92.68846
65051,38.46916,-91.79717
65052,38.08349,-92.61734
65053,38.52703,-92.37899
65054,38.48396,-91.94692
65058,38.24957,-92.12790
65059,38.71329,-91.86992
65061,38.59950,-91.63551
65062,38.50121,-91.65973
65063,38.72592,-92.08751
65064,38.40284,-92.47142
65065,38.13766,-92.66105
65066,38.34948,-91.48485
65067,38.77904,-91.70679
65068,38.82575,-92.61476
65069,38.75301,-91.58979
65072,38.26677,-92.72935
65074,38.48430,-92.46814
65075,38.23733,-92.25062
65076,38.37949,-92.19406
65077,38.76962,-91.81850
65078,38.38114,-93.03598
65079,38.14967,-92.74984
65080,38.63626,-91.97893
65081,38.64443,-92.78227
65082,38.21931,-92.42142
65083,38.14090,-92.44646
65084,38.43407,-92.85639
65085,38.40574,-92.08378
65101,38.49743,-92.13320
65109,38.57307,-92.27873
65201,38.90095,-92.23842
65202,39.02037,-92.29654
65203,38.88432,-92.39857
65215,38.95317,-92.32085
65230,39.29055,-92.70259
65231,39.01654,-91.89778
65232,39.16069,-91.75600
65233,38.91710,-92.72808
65236,39.44054,-93.06596
65237,38.76757,-92.79458
65239,39.53352,-92.43204
65240,39.22064,-92.12556
65243,39.26843,-92.35442
65244,39.48480,-92.65949
65246,39.37890,-92.99662
65247,39.63508,-92.47087
65248,39.13861,-92.66013
65250,39.03010,-92.84010
65251,38.84151,-91.97726
65254,39.21159,-92.84613
65255,39.10242,-92.21842
65256,39.12158,-92.45555
65257,39.28709,-92.53381
65258,39.52024,-92.13520
65259,39.47532,-92.56365
65260,39.58063,-92.38586
65261,39.47521,-92.93343
65262,38.96014,-91.95531
65263,39.45989,-92.21871
65264,39.08831,-91.68564
65265,39.20337,-91.88537
65270,39.41364,-92.39495
65274,39.01548,-92.68551
65275,39.45307,-91.99496
65276,38.85275,-92.95791
65278,39.34160,-92.41070
65279,39.00139,-92.52849
65280,39.24287,-91.73698
65281,39.47191,-92.80161
65282,39.38787,-91.82295
65283,39.50927,-91.82752
65284,39.20623,-92.29331
65285,39.27173,-91.99984
65286,39.50775,-93.22028
65287,38.88630,-92.53014
65301,38.69822,-93.22658
65305,38.73312,-93.55316
65320,39.07000,-92.94725
65321,39.08572,-93.46825
65322,38.98209,-92.95199
65323,38.44390,-93.61751
65324,38.12702,-93.02976
65325,38.43955,-93.18880
65326,38.16584,-93.13917
65327,38.97397,-93.49531
65329,38.62104,-92.96670
65330,39.21773,-92.95286
65332,38.62436,-93.41468
65333,38.90077,-93.31994
65334,38.84531,-93.22686
65335,38.50471,-93.34210
65336,38.79271,-93.57535
65337,38.79449,-93.43138
65338,38.36355,-93.27991
65339,39.19592,-93.37474
65340,39.08848,-93.17593
65344,39.31379,-93.19227
65345,38.53789,-93.12690
65347,38.99120,-93.03998
65348,38.71727,-92.97111
65349,39.23047,-93.04545
65350,38.64597,-93.09067
65351,38.99452,-93.38138
65354,38.65576,-92.87351
65355,38.21953,-93.36696
65360,38.51641,-93.51755
65401,37.89925,-91.76854
65436,37.62380,-91.96361
65438,36.93134,-91.50110
65439,37.65697,-91.06429
65440,37.61993,-91.17273
65441,38.09643,-91.15902
65443,38.13171,-92.09461
65444,37.37778,-92.05385
65446,37.77781,-91.28134
65449,37.85203,-91.49467
65452,37.96714,-92.26634
65453,38.10649,-91.43981
65456,37.78461,-91.18978
65457,37.80791,-92.05759
65459,38.02972,-92.09673
65461,37.67536,-92.04248
65462,37.68337,-91.84876
65463,37.85321,-92.78385
65464,37.18658,-91.89978
65466,37.20546,-91.34840
65468,37.24993,-91.79022
65470,37.54739,-92.40178
65473,37.70643,-92.15449
65479,37.34203,-91.63614
65483,37.29897,-91.95509
65484,37.35622,-92.22701
65486,38.10829,-92.32806
65501,37.46213,-91.56624
65529,37.92189,-91.99164
65534,37.69028,-92.28428
65535,38.07000,-91.27415
65536,37.68763,-92.64448
65541,37.64661,-91.77272
65542,37.49571,-91.88374
65543,37.45394,-92.29023
65548,37.01298,-91.71264
65550,37.82365,-91.95550
65552,37.53419,-92.16442
65555,37.36758,-91.76702
65556,37.83615,-92.40888
65557,37.50981,-92.10097
65559,38.02492,-91.61002
65560,37.59661,-91.50387
65564,37.22993,-91.97353
65565,37.89648,-91.23928
65566,37.72073,-91.12664
65567,37.86107,-92.53387
65570,37.45263,-92.09480
65571,37.18625,-91.62303
65580,38.11651,-91.78990
65582,38.20415,-91.92643
65583,37.82843,-92.25763
65584,37.82889,-92.13122
65586,37.84959,-91.43166
65588,36.98193,-91.27290
65589,37.24547,-91.83824
65590,37.60615,-92.95129
65591,37.93845,-92.64075
65601,37.53986,-93.58800
65603,37.55677,-93.86523
65604,37.26991,-93.59847
65605,36.77172,-93.65475
65606,36.69725,-91.35940
65608,36.89867,-92.67771
65609,36.54228,-92.15154
65610,37.03075,-93.53095
65611,36.54982,-93.37213
65612,37.21380,-93.53881
65613,37.63690,-93.39643
65614,36.75401,-92.91040
65616,36.66937,-93.24882
65617,37.43761,-93.33466
65618,36.73305,-92.35958
65619,37.12172,-93.39469
65620,37.02678,-92.94563
65622,37.63302,-93.10360
65623,36.74881,-93.90642
65624,36.73043,-93.56738
65625,36.67407,-93.81650
65626,36.59494,-92.13086
65627,36.56696,-93.03287
65629,36.89154,-93.00052
65630,36.83045,-93.21388
65631,37.00070,-93.42400
65632,37.49791,-92.80993
65633,36.89478,-93.53475
65634,38.01540,-93.19462
65635,37.53174,-93.71714
65637,36.75641,-92.18023
65638,36.83313,-92.33027
65640,37.69847,-93.56685
65641,36.54400,-93.77105
65644,37.51080,-93.03798
65646,37.33345,-93.70325
65647,36.69296,-94.00706
65648,37.40878,-93.16651
65649,37.61727,-93.62322
65650,37.81399,-93.44193
65652,37.13309,-92.95000
65653,36.84087,-93.14030
65654,37.02220,-93.90964
65655,36.59590,-92.42555
65656,36.79377,-93.46783
65657,36.83829,-93.00759
65658,36.54015,-93.63796
65660,37.33421,-92.27390
65661,37.46769,-93.82520
65662,37.44673,-92.57045
65663,37.62170,-93.24738
65664,37.19805,-93.61518
65667,37.30846,-92.51405
65668,37.93067,-93.28816
65669,36.90838,-93.29394
65672,36.56035,-93.21949
65674,37.78579,-93.60728
65676,36.57217,-92.61594
65679,36.57423,-93.09492
65680,36.65316,-93.00346
65681,36.55056,-93.45816
65682,37.41188,-93.96171
65685,37.75181,-93.16725
65686,36.62686,-93.44378
65689,37.14442,-92.09287
65690,36.58909,-91.27935
65692,36.62948,-91.63065
65702,37.07073,-92.49355
65704,37.12762,-92.58611
65705,36.98836,-93.62141
65706,37.32282,-92.89861
65707,37.23367,-93.84332
65708,36.90289,-93.91154
65710,37.48555,-93.42109
65711,37.17638,-92.27568
65712,37.11067,-93.80029
65713,37.40464,-92.74695
65714,37.04097,-93.32074
65715,36.73137,-92.57400
65717,37.06044,-92.41605
65720,36.94056,-92.95004
65721,36.98282,-93.20923
65722,37.58291,-92.80546
65723,36.95862,-94.04032
65724,37.84562,-93.31228
65725,37.43507,-93.28421
65727,37.75509,-93.29485
65728,36.87138,-93.34556
65729,36.51396,-92.59274
65730,36.62369,-94.17729
65731,36.65346,-93.12592
65732,37.94169,-93.16155
65733,36.52712,-92.84942
65734,36.79521,-93.94182
65735,38.03992,-93.45873
65737,36.71111,-93.35934
65738,37.13928,-93.50640
65739,36.51096,-93.27412
65740,36.71357,-93.16348
65742,37.12534,-93.08898
65744,36.62279,-92.89755
65745,36.53071,-93.97064
65746,37.14619,-92.77819
65747,36.60086,-93.58008
65752,37.32771,-93.83089
65753,37.00419,-93.04330
65754,36.83844,-93.28222
65755,36.82911,-92.62300
65756,37.09804,-93.97391
65757,37.28285,-93.09884
65759,36.75345,-93.06150
65760,36.62454,-92.29223
65761,36.57645,-92.72498
65762,36.68489,-92.65129
65764,37.81452,-92.94867
65766,36.53605,-92.26865
65767,37.85225,-93.15594
65768,36.91944,-92.27003
65769,36.91910,-93.79940
65770,37.42263,-93.54823
65771,36.77246,-93.20641
65772,36.59795,-94.02493
65773,36.76259,-92.50251
65774,37.93027,-93.48934
65775,36.70105,-91.85634
65777,36.52575,-91.99779
65778,36.53045,-91.27102
65779,37.97757,-93.37886
65781,37.35554,-93.41757
65783,37.71457,-92.93332
65784,36.67989,-92.31391
65785,37.70847,-93.82505
65786,37.96447,-92.96294
65787,38.07059,-92.88335
65788,36.80669,-91.69495
65789,36.86287,-91.87371
65790,36.70294,-92.10957
65791,36.57916,-91.49723
65793,36.99156,-91.97199
65802,37.20745,-93.35461
65803,37.28316,-93.28991
65804,37.15050,-93.25192
65806,37.20559,-93.29911
65807,37.16752,-93.32481
65809,37.17242,-93.19637
65810,37.11972,-93.30972
66002,39.53881,-95.13765
66006,38.80427,-95.23267
66007,39.15592,-94.94293
66008,39.71818,-95.17639
66010,38.08822,-94.97917
66012,39.06663,-94.92058
66013,38.73067,-94.69555
66014,38.22884,-94.98710
66015,38.07485,-95.41320
66016,39.47517,-95.23175
66017,39.70372,-95.27396
66018,38.96386,-94.96715
66019,38.94544,-95.00328
66020,39.33937,-95.11609
66021,38.76628,-95.01500
66023,39.51227,-95.39238
66024,39.73732,-94.88037
66025,38.89190,-95.08334
66026,38.39587,-94.86631
66027,39.36843,-94.91127
66030,38.81512,-94.94026
66031,38.83196,-94.89008
66032,38.28678,-95.27821
66033,38.36328,-95.12217
66035,39.87096,-95.25363
66039,38.10441,-95.16486
66040,38.35448,-94.74839
66041,39.60030,-95.30797
66042,38.42276,-95.07988
66043,39.25241,-94.87962
66044,39.02329,-95.20891
66045,38.95884,-95.24775
66046,38.90452,-95.20975
66047,38.89305,-95.34616
66048,39.28233,-94.99599
66049,38.97925,-95.34569
66050,39.01183,-95.44252
66052,39.00835,-95.04558
66053,38.58108,-94.66806
66054,39.20622,-95.19833
66056,38.15145,-94.84428
66058,39.54106,-95.52038
66060,39.41816,-95.33223
66061,38.89375,-94.87997
66062,38.83549,-94.77869
66064,38.48071,-94.98894
66066,39.20300,-95.33059
66067,38.62126,-95.27628
66070,39.20569,-95.45092
66071,38.57308,-94.86456
66072,38.30943,-94.96396
66073,39.08242,-95.36834
66075,38.20050,-94.69342
66076,38.63246,-95.44301
66078,38.48454,-95.25801
66079,38.54227,-95.10794
66080,38.40803,-95.25968
66083,38.73230,-94.83014
66085,38.79877,-94.65668
66086,39.11664,-95.07973
66087,39.80208,-95.12212
66088,39.33933,-95.46120
66090,39.78795,-94.97337
66091,38.17828,-95.31253
66092,38.70150,-95.09795
66093,38.20781,-95.49414
66094,39.95129,-95.34244
66095,38.44109,-95.43886
66097,39.32860,-95.24608
66101,39.11898,-94.62598
66102,39.10896,-94.69254
66103,39.06033,-94.62678
66104,39.15016,-94.68953
66105,39.08701,-94.63893
66106,39.06945,-94.70261
66109,39.16535,-94.82934
66111,39.08403,-94.78989
66112,39.11452,-94.77359
66115,39.14826,-94.60508
66118,39.10540,-94.61414
66202,39.02315,-94.66947
66203,39.02043,-94.70585
66204,38.99038,-94.67821
66205,39.03122,-94.63076
66206,38.96072,-94.62028
66207,38.95564,-94.64325
66208,38.99753,-94.62837
66209,38.89960,-94.63836
66210,38.92219,-94.70459
66211,38.92512,-94.63562
66212,38.95556,-94.67987
66213,38.89886,-94.70822
66214,38.96019,-94.71197
66215,38.95770,-94.74427
66216,39.01356,-94.74156
66217,39.00952,-94.78229
66218,39.02069,-94.81880
66219,38.94835,-94.77660
66220,38.95969,-94.81901
66221,38.86368,-94.70845
66223,38.86348,-94.66848
66224,38.86354,-94.62680
66226,39.03031,-94.85941
66227,38.97267,-94.87484
66401,38.93237,-96.30965
66402,38.91400,-95.84327
66403,39.89357,-96.28589
66404,39.87815,-96.17334
66406,39.89411,-96.42073
66407,39.22852,-96.19880
66408,39.95945,-95.96999
66409,38.92419,-95.55964
66411,39.64546,-96.62846
66412,39.90780,-96.77742
66413,38.76888,-95.88072
66414,38.83026,-95.68866
66415,39.68828,-96.14746
66416,39.52571,-95.86324
66417,39.65656,-96.04486
66418,39.27950,-95.93359
66419,39.36068,-95.59888
66422,39.33629,-96.08552
66423,38.80129,-96.23275
66424,39.67469,-95.40406
66425,39.81614,-95.73839
66427,39.66128,-96.43883
66428,39.67612,-95.93136
66429,39.09377,-95.53419
66431,38.80681,-96.00433
66432,39.48976,-96.06672
66434,39.86304,-95.55480
66436,39.46771,-95.69200
66438,39.85448,-96.49286
66439,39.65633,-95.54009
66440,39.26818,-95.67682
66441,38.97352,-96.80309
66442,39.09167,-96.79014
66449,39.39014,-96.85647
66451,38.61473,-95.67231
66501,39.05381,-96.23745
66502,39.15630,-96.52127
66503,39.26505,-96.69526
66506,39.19584,-96.58158
66507,39.04522,-96.06814
66508,39.85585,-96.63077
66509,39.34164,-95.77666
66510,38.49963,-95.61020
66512,39.19917,-95.54511
66514,39.12623,-96.87560
66515,39.93625,-95.70374
66516,39.62795,-95.72073
66517,39.11270,-96.70629
66518,39.96561,-96.55076
66520,39.41890,-96.61766
66521,39.48022,-96.21900
66522,39.86855,-95.94200
66523,38.61079,-95.84002
66524,38.79094,-95.50608
66526,39.06461,-96.16262
66527,39.74539,-95.67371
66528,38.60287,-95.53780
66531,39.31100,-96.82153
66532,39.82143,-95.37794
66533,39.16319,-95.94750
66534,39.88436,-95.83714
66535,39.26703,-96.43370
66536,39.22509,-96.08029
66537,38.75124,-95.71962
66538,39.85056,-96.04469
66539,39.14197,-95.84039
66540,39.49052,-95.97627
66541,39.97474,-96.36693
66542,39.01074,-95.54477
66543,38.63957,-95.59941
66544,39.69205,-96.28005
66546,38.89546,-95.72104
66547,39.23156,-96.29561
66548,39.67085,-96.76272
66549,39.42768,-96.41547
66550,39.65544,-95.82067
66552,39.58768,-95.62986
66554,39.49481,-96.79053
66603,39.05805,-95.67614
66604,39.03902,-95.72619
66605,39.01191,-95.63477
66606,39.06144,-95.71995
66607,39.04258,-95.63636
66608,39.07961,-95.66323
66609,38.97822,-95.66074
66610,38.97673,-95.84457
66611,39.01876,-95.69639
66612,39.04042,-95.68047
66614,39.01037,-95.85248
66615,39.05083,-95.89787
66616,39.06982,-95.62304
66617,39.13483,-95.62324
66618,39.13951,-95.74827
66619,38.94763,-95.68806
66621,39.03332,-95.70154
66622,39.02590,-95.72227
66701,37.82366,-94.76501
66710,37.55160,-95.62450
66711,37.63710,-94.68500
66712,37.56488,-94.71452
66713,37.04049,-94.78529
66714,37.63660,-95.69862
66716,37.94802,-95.03678
66717,37.69586,-95.69690
66720,37.64833,-95.45720
66724,37.34698,-94.85672
66725,37.15658,-94.89532
66728,37.17128,-94.70407
66732,37.79919,-95.18700
66733,37.59676,-95.25482
66734,37.61809,-94.83018
66735,37.52316,-94.70856
66736,37.55148,-95.86110
66738,38.01375,-94.72342
66739,37.12578,-94.65526
66740,37.47955,-95.36419
66741,37.71914,-94.65601
66743,37.50400,-94.89369
66746,37.66798,-94.95298
66748,37.79573,-95.44176
66749,37.93595,-95.40694
66751,37.94373,-95.28978
66753,37.36205,-95.01105
66754,38.00486,-94.88563
66755,37.92886,-95.17928
66756,37.54327,-94.65812
66757,37.41711,-95.69549
66758,38.01593,-95.58691
66760,37.34832,-94.62435
66761,37.91827,-95.56920
66762,37.39388,-94.71048
66763,37.46324,-94.69776
66767,38.07357,-94.70306
66769,37.85653,-94.88996
66770,37.08073,-94.71534
66771,37.48756,-95.14599
66772,37.75452,-95.20628
66773,37.27224,-94.80655
66775,37.70193,-95.14877
66776,37.46288,-95.48939
66777,37.80789,-95.97241
66778,37.00050,-94.84086
66779,37.82565,-94.99197
66780,37.62173,-95.05693
66781,37.28858,-94.73349
66782,37.28504,-94.92630
66783,37.87497,-95.73701
66801,38.41417,-96.21842
66830,38.60242,-96.08742
66833,38.69559,-96.19501
66834,38.86203,-96.43744
66835,38.54325,-96.25815
66838,38.55544,-96.80067
66839,38.21740,-95.74813
66840,38.06366,-96.87330
66842,38.01000,-96.65150
66843,38.22248,-96.74049
66845,38.29873,-96.50839
66846,38.64747,-96.47043
66849,38.87749,-96.58962
66850,38.45201,-96.76680
66851,38.21786,-96.91864
66852,38.06437,-95.89560
66853,38.00189,-96.23530
66854,38.25081,-95.97955
66856,38.39781,-95.81179
66857,38.09382,-95.63171
66858,38.48044,-96.93254
66859,38.55968,-96.95836
66860,38.12728,-96.16563
66861,38.36767,-97.00850
66862,38.15500,-96.55613
66863,37.83287,-96.08178
66864,38.35489,-95.98149
66865,38.22350,-96.29320
66866,38.17304,-97.10744
66868,38.54477,-95.97942
66869,38.46881,-96.51516
66870,37.93970,-96.03211
66871,38.36264,-95.61022
66872,38.79075,-96.76875
66873,38.61882,-96.67960
66901,39.56003,-97.63895
66930,39.70668,-97.47948
66932,39.77949,-98.93089
66933,39.67542,-96.87232
66935,39.84060,-97.63169
66936,39.92119,-98.31611
66937,39.58852,-97.27166
66938,39.57446,-97.41399
66939,39.85286,-97.90429
66940,39.80776,-97.44890
66941,39.83558,-98.43885
66942,39.80528,-98.00071
66943,39.67181,-96.96628
66944,39.83969,-97.30306
66945,39.88701,-96.87839
66946,39.96641,-97.00461
66948,39.59825,-97.85235
66949,39.64357,-98.18631
66951,39.84410,-99.01656
66952,39.83581,-98.60479
66953,39.69019,-97.10662
66955,39.96787,-97.29774
66956,39.79431,-98.22765
66958,39.88945,-97.17719
66959,39.92296,-97.52968
66960,39.93676,-97.43475
66962,39.59932,-97.11433
66963,39.63630,-97.99874
66964,39.94121,-97.80492
66966,39.77533,-97.76630
66967,39.81972,-98.79423
66968,39.82474,-97.06589
66970,39.94814,-98.03437
67001,37.75700,-97.63544
67002,37.70082,-97.10692
67003,37.09913,-98.07378
67004,37.27875,-97.75295
67005,37.06518,-96.99566
67008,37.48679,-96.77944
67009,37.22529,-98.26879
67010,37.66312,-96.96528
67012,37.67422,-96.54443
67013,37.38187,-97.26822
67016,37.88680,-97.51476
67017,37.82629,-97.11163
67018,37.07127,-97.85370
67019,37.30657,-96.77759
67020,38.00793,-97.67591
67021,37.77850,-98.91531
67022,37.07693,-97.62685
67023,37.34606,-96.59228
67024,37.11075,-96.48633
67025,37.64236,-97.78496
67026,37.51105,-97.49198
67028,37.45877,-98.93639
67029,37.17143,-99.27996
67030,37.78562,-97.54681
67031,37.39930,-97.63952
67035,37.64949,-98.38747
67036,37.29757,-97.87667
67037,37.57183,-97.21724
67038,37.10179,-96.72384
67039,37.52767,-96.97429
67041,38.05398,-97.12995
67042,37.85726,-96.78072
67045,37.86615,-96.34528
67047,37.63185,-96.07294
67049,37.17744,-97.84636
67050,37.67452,-97.67745
67051,37.08930,-97.19657
67052,37.65771,-97.57559
67053,38.24674,-97.34641
67054,37.57504,-99.31607
67055,37.79013,-97.19753
67056,38.02195,-97.52542
67057,37.07054,-98.78008
67058,37.31792,-98.06135
67059,37.63694,-99.09727
67060,37.54297,-97.36370
67061,37.09280,-98.38178
67062,38.14519,-97.43710
67063,38.34074,-97.23375
67065,37.46493,-98.51620
67066,37.77000,-98.76690
67067,37.79476,-97.26646
67068,37.61729,-98.10582
67070,37.07908,-98.52599
67071,37.26160,-98.89061
67072,37.54526,-96.60690
67073,38.38352,-97.32687
67074,37.67073,-96.72386
67101,37.78528,-97.46418
67103,37.26631,-97.56060
67104,37.26508,-98.66443
67105,37.23336,-97.67578
67106,37.46712,-97.75728
67107,38.19421,-97.54766
67108,37.81634,-97.69068
67109,37.56128,-99.48582
67110,37.46588,-97.22661
67111,37.61501,-97.93784
67112,37.46720,-98.41935
67114,38.07576,-97.28905
67117,38.07421,-97.34624
67118,37.48166,-97.85421
67119,37.23885,-97.19518
67120,37.46809,-97.37377
67122,37.61900,-96.42812
67123,37.94832,-96.99629
67124,37.63444,-98.77364
67127,37.16482,-99.48711
67131,37.42697,-96.95545
67132,37.85088,-96.58469
67133,37.56996,-97.10743
67134,37.49033,-98.67503
67135,37.91796,-97.46002
67137,37.63384,-96.22197
67138,37.27639,-98.41584
67140,37.07930,-97.35650
67142,37.45258,-98.11362
67143,37.34182,-98.96340
67144,37.81917,-97.00330
67146,37.38448,-97.10462
67147,37.86138,-97.31290
67149,37.53973,-97.62594
67150,37.00741,-98.22246
67151,38.14215,-97.25706
67152,37.26056,-97.42766
67154,37.97839,-97.12522
67155,37.27495,-99.13756
67156,37.25563,-96.96149
67159,37.42766,-98.30942
67202,37.68698,-97.33492
67203,37.69889,-97.36464
67204,37.76250,-97.35855
67205,37.74947,-97.42357
67206,37.70373,-97.22450
67207,37.66558,-97.22720
67208,37.70385,-97.27927
67209,37.65145,-97.42819
67210,37.63026,-97.24650
67211,37.66688,-97.31745
67212,37.70240,-97.43890
67213,37.66747,-97.36413
67214,37.70718,-97.31775
67215,37.61549,-97.42040
67216,37.61124,-97.31262
67217,37.61777,-97.36206
67218,37.66851,-97.28042
67219,37.77148,-97.31871
67220,37.75116,-97.27836
67223,37.74244,-97.49557
67226,37.77325,-97.21299
67227,37.62819,-97.49968
67228,37.77028,-97.16986
67230,37.68755,-97.17381
67232,37.62925,-97.16318
67235,37.68899,-97.50005
67260,37.71932,-97.29338
67301,37.20823,-95.75608
67330,37.15805,-95.30915
67332,37.04337,-95.23657
67333,37.04539,-95.88245
67334,37.02390,-96.17714
67335,37.27458,-95.52675
67336,37.09560,-95.06430
67337,37.05367,-95.59820
67340,37.05962,-95.71326
67341,37.34437,-95.42836
67342,37.05953,-95.35730
67344,37.28747,-95.95390
67345,37.37768,-96.19934
67346,37.32381,-96.43095
67347,37.15440,-95.95155
67349,37.49440,-96.29792
67351,37.14356,-95.56894
67352,37.40719,-96.02283
67353,37.30838,-96.31719
67354,37.20944,-95.40918
67355,37.04675,-96.01075
67356,37.17626,-95.14577
67357,37.34593,-95.26162
67360,37.03802,-96.10656
67361,37.13764,-96.21761
67363,37.34278,-95.72479
67364,37.06041,-95.81042
67401,38.83183,-97.65455
67410,38.95648,-97.21909
67416,38.67306,-97.58212
67417,39.44458,-97.54519
67418,39.17489,-98.04645
67420,39.40093,-98.08547
67422,39.02104,-97.58520
67423,38.95124,-97.97532
67425,38.78202,-97.90799
67427,38.49846,-98.39935
67428,38.36963,-97.41786
67430,39.53109,-98.42491
67431,38.95105,-97.01242
67432,39.32934,-97.19339
67436,39.26971,-97.73581
67437,39.51029,-98.55597
67438,38.49592,-97.28341
67439,38.74914,-98.22050
67441,38.87859,-97.10283
67442,38.65590,-97.77208
67443,38.38061,-97.52577
67444,38.54486,-98.13626
67445,39.37138,-97.82415
67446,39.47377,-98.30549
67447,39.48561,-96.97206
67448,38.65549,-97.41273
67449,38.67664,-96.89394
67450,38.61502,-98.45137
67451,38.70317,-97.12158
67452,39.24129,-98.36836
67454,38.69884,-98.11210
67455,39.02048,-98.16541
67456,38.60068,-97.67539
67457,38.39363,-97.99284
67458,39.17075,-97.30440
67459,38.60079,-98.34048
67460,38.38255,-97.69945
67464,38.55862,-97.89730
67466,39.32782,-97.47236
67467,39.14236,-97.69582
67468,39.45936,-97.25749
67470,38.92272,-97.50763
67473,39.37866,-98.74057
67474,39.57662,-98.71694
67475,38.58966,-97.05515
67478,39.38606,-97.93883
67480,38.96581,-97.40050
67481,39.00579,-98.38226
67482,39.02689,-97.25971
67483,38.55674,-97.20352
67484,38.99575,-97.85050
67485,39.28340,-98.50191
67487,39.17906,-97.07122
67490,38.78854,-98.43966
67491,38.38335,-97.90188
67492,38.80928,-96.96278
67501,37.97749,-97.92645
67502,38.12671,-97.92981
67505,38.03135,-97.94580
67510,38.00636,-98.20632
67511,38.43250,-99.04726
67512,38.22457,-98.33516
67513,38.44511,-99.53830
67514,37.86195,-98.20238
67515,38.62464,-100.06866
67516,38.39296,-99.68678
67518,38.41459,-100.16711
67519,37.93035,-99.09108
67520,38.58968,-99.18771
67521,38.62817,-99.71290
67522,38.12220,-97.74761
67523,38.19926,-99.54418
67524,38.36942,-98.37862
67525,38.57253,-98.56303
67526,38.31369,-98.50156
67529,38.07624,-99.25441
67530,38.35292,-98.79812
67543,37.87804,-97.79926
67544,38.58679,-98.75920
67545,38.16592,-98.61076
67546,38.23627,-97.81871
67547,37.93057,-99.45587
67548,38.58978,-99.34500
67550,38.18541,-99.12445
67552,37.86613,-99.22843
67553,38.67906,-99.30449
67554,38.37221,-98.19521
67556,38.61649,-99.52357
67557,37.93460,-98.95846
67559,38.38587,-99.45450
67560,38.39934,-99.93921
67561,38.10902,-98.09685
67563,37.84402,-99.55638
67564,38.53110,-98.93095
67565,38.60059,-99.04406
67566,37.93317,-98.09740
67567,38.27212,-98.97909
67568,38.00631,-98.31660
67570,37.78741,-97.96418
67572,38.68947,-99.91701
67573,38.26470,-98.42356
67574,38.22588,-99.38491
67575,38.41194,-99.25764
67576,38.03598,-98.79522
67578,37.99142,-98.57416
67579,38.18858,-98.23560
67581,37.97754,-98.40875
67583,37.79931,-98.47494
67584,38.68197,-100.16374
67601,38.87683,-99.34955
67621,39.82117,-99.13268
67622,39.89587,-99.73507
67623,39.44447,-98.95426
67625,39.38900,-99.68560
67626,38.88157,-98.71695
67628,39.62738,-99.00162
67629,39.69995,-100.19935
67631,39.00914,-100.08139
67632,39.34360,-99.58070
67634,38.81900,-98.60883
67635,39.59022,-100.43358
67637,38.93838,-99.60533
67638,39.61420,-98.85460
67639,39.63618,-99.30794
67640,38.91413,-99.04911
67642,39.35908,-99.84449
67643,39.67721,-100.30403
67644,39.64431,-99.14838
67645,39.59021,-99.87374
67646,39.63845,-99.57745
67647,39.93455,-99.54488
67648,39.08725,-98.58037
67649,39.12696,-98.68000
67650,39.37267,-100.10267
67651,39.21286,-99.05263
67653,39.90670,-100.20805
67654,39.82396,-99.94913
67656,38.99024,-99.75594
67657,39.20229,-99.61678
67658,39.10322,-98.94717
67659,39.32280,-100.00536
67660,38.71825,-99.15655
67661,39.82088,-99.31897
67663,39.21279,-99.35425
67664,39.81808,-99.58311
67665,38.84909,-98.88253
67667,38.71309,-99.33249
67669,39.45823,-99.34415
67671,38.84716,-99.13467
67672,39.00841,-99.91201
67673,39.15220,-98.81866
67674,38.86386,-99.06872
67675,39.44618,-99.09026
67701,39.39515,-101.06148
67730,39.80897,-101.11125
67731,39.76593,-101.53732
67732,39.42379,-101.34263
67733,39.31936,-101.51271
67734,39.52352,-100.89599
67735,39.34479,-101.75322
67736,38.85108,-100.47947
67737,39.12948,-100.47809
67738,38.98228,-100.63941
67739,39.87845,-100.81281
67740,39.37497,-100.36849
67741,39.40273,-101.99466
67743,39.37276,-101.24717
67744,39.84399,-100.93984
67745,39.80759,-101.34539
67747,39.04201,-101.06508
67748,39.03979,-100.85985
67749,39.83486,-100.56252
67751,39.12565,-100.34577
67752,38.99497,-100.25137
67753,39.43261,-100.74790
67756,39.79720,-101.83674
67757,39.55291,-100.61725
67758,38.85663,-101.76450
67761,38.96919,-101.53192
67762,38.90586,-101.97529
67764,38.92638,-101.20999
67801,37.72360,-100.05719
67831,37.18562,-99.79598
67834,37.51905,-99.63331
67835,37.96677,-100.32594
67836,38.02056,-102.00823
67837,37.55482,-100.67514
67838,38.08411,-101.12774
67839,38.47050,-100.44162
67840,37.05735,-100.04373
67841,37.63465,-100.24250
67842,37.56114,-99.76971
67843,37.73027,-99.93696
67844,37.38587,-100.19459
67846,38.03416,-100.76807
67849,38.15124,-99.70857
67850,38.58673,-100.61416
67851,38.06842,-101.02126
67853,37.88558,-100.52817
67854,38.10186,-100.01846
67855,37.55178,-101.68523
67857,37.98069,-101.55523
67859,37.23514,-100.77013
67860,38.00838,-101.30704
67861,38.47044,-101.38299
67862,37.56860,-101.91311
67863,38.57311,-101.21651
67864,37.17652,-100.31727
67865,37.43551,-99.96837
67867,37.57025,-100.46373
67868,37.82112,-100.70879
67869,37.23618,-100.56649
67870,37.52218,-101.00350
67871,38.51156,-100.88869
67876,37.86284,-99.74346
67877,37.55492,-100.84393
67878,38.02806,-101.82826
67879,38.48041,-101.80601
67880,37.58227,-101.32359
67882,37.80418,-99.87989
67901,37.09772,-100.91325
67950,37.04686,-101.86788
67951,37.16191,-101.34804
67952,37.29688,-101.15107
67953,37.25068,-101.89096
67954,37.20887,-101.64131
68001,41.33114,-96.96003
68002,41.49902,-96.33772
68003,41.08119,-96.38276
68004,42.00974,-96.62305
68005,41.14269,-95.89297
68007,41.36681,-96.19061
68008,41.54683,-96.16260
68010,41.25379,-96.13503
68014,41.28202,-96.96200
68015,41.38558,-96.64342
68016,41.04145,-96.10539
68017,41.05368,-96.65776
68018,41.30210,-96.61519
68019,41.78102,-96.37535
68020,41.97118,-96.26417
68022,41.28038,-96.25069
68023,41.44698,-96.01752
68025,41.43724,-96.48788
68028,41.10518,-96.25831
68029,41.65700,-96.27354
68030,42.31960,-96.46194
68031,41.64059,-96.52517
68033,41.12514,-96.51081
68034,41.45956,-96.22527
68036,41.38737,-96.95234
68037,40.98351,-96.13005
68038,41.94711,-96.45276
68039,42.11829,-96.34629
68040,41.28374,-96.73511
68041,41.24142,-96.49339
68042,41.09781,-96.43677
68044,41.55167,-96.44226
68045,41.82555,-96.49247
68046,41.12182,-96.05277
68047,42.11119,-96.73309
68048,40.98408,-95.94201
68050,41.30005,-96.84232
68055,42.05416,-96.47219
68057,41.66187,-96.72353
68058,41.00645,-96.24346
68059,41.06445,-96.15875
68061,41.79319,-96.20783
68062,42.19884,-96.67751
68063,41.73532,-96.49708
68064,41.35575,-96.35771
68065,41.06890,-96.83947
68066,41.18671,-96.62799
68067,42.16044,-96.48251
68068,41.39789,-96.20850
68069,41.24106,-96.31594
68070,41.19668,-96.80095
68071,42.23610,-96.47140
68072,41.60918,-96.50479
68073,41.25614,-96.41542
68102,41.26169,-95.93386
68104,41.29543,-96.00229
68105,41.24074,-95.96366
68106,41.23879,-96.00227
68107,41.21012,-95.95420
68108,41.23755,-95.93010
68110,41.30242,-95.89276
68111,41.29546,-95.96492
68112,41.37435,-95.95812
68113,41.11788,-95.90655
68114,41.26322,-96.04959
68116,41.29933,-96.16729
68117,41.20756,-96.00032
68118,41.26322,-96.17807
68122,41.37250,-96.04920
68123,41.10182,-95.94350
68124,41.23547,-96.05133
68127,41.20561,-96.04976
68128,41.18207,-96.06531
68130,41.23421,-96.19527
68131,41.26456,-95.96447
68132,41.26247,-96.00266
68133,41.11264,-95.99714
68134,41.29929,-96.05041
68135,41.20587,-96.19332
68136,41.16894,-96.18628
68137,41.20582,-96.11860
68138,41.15670,-96.13131
68142,41.37115,-96.10708
68144,41.23498,-96.11845
68147,41.17445,-95.95892
68152,41.36742,-95.99662
68154,41.26552,-96.11498
68157,41.17874,-95.99377
68164,41.29702,-96.10587
68178,41.26570,-95.94766
68301,40.45867,-96.53246
68303,40.26585,-97.42937
68304,40.87884,-96.39787
68305,40.37025,-95.86495
68307,40.78887,-96.13100
68309,40.05567,-96.56715
68310,40.24982,-96.74949
68313,40.78370,-97.27134
68314,41.01126,-97.03593
68315,40.25262,-97.54412
68316,41.02457,-97.62640
68317,40.67172,-96.50727
68318,40.15099,-96.63839
68319,40.93776,-97.75971
68320,40.48714,-95.93900
68321,40.38915,-95.68826
68322,40.34248,-97.54959
68323,40.14265,-96.38224
68324,40.56005,-96.29216
68325,40.02410,-97.75310
68326,40.28377,-97.68411
68327,40.02411,-97.62400
68328,40.48544,-96.83509
68329,40.49792,-96.16924
68331,40.47289,-96.71481
68332,40.31511,-96.40025
68333,40.62235,-96.94935
68335,40.27137,-97.79350
68336,40.96585,-96.69092
68337,40.09841,-95.83189
68338,40.31391,-97.26495
68339,40.73205,-96.87010
68340,40.12534,-97.75528
68341,40.38111,-96.92026
68342,40.09717,-96.94632
68343,40.61823,-97.13210
68344,40.56674,-96.39985
68345,40.04070,-96.02492
68346,40.65770,-96.02519
68347,40.80457,-96.42584
68348,40.31032,-96.13291
68349,40.83163,-96.29690
68350,40.04147,-97.06956
68351,40.66135,-97.43462
68352,40.14240,-97.22924
68354,40.63895,-97.57811
68355,40.10900,-95.56788
68357,40.31292,-96.54776
68358,40.53133,-96.60827
68359,40.63129,-97.28483
68360,40.95056,-96.95641
68361,40.51215,-97.59881
68362,40.15225,-97.44145
68364,40.83267,-97.21879
68365,40.60458,-97.71840
68366,40.97411,-96.43494
68367,41.03952,-97.39684
68368,40.56064,-96.82174
68370,40.13964,-97.54764
68371,40.77138,-97.79014
68372,40.60931,-96.60394
68375,40.03319,-97.45615
68376,40.17436,-95.94533
68377,40.21701,-97.01933
68378,40.38600,-96.01838
68379,40.51989,-95.86737
68380,40.24187,-96.38367
68381,40.07677,-96.48079
68382,40.59730,-96.02406
68401,40.73860,-97.59113
68402,40.90779,-96.85716
68403,40.92090,-96.16802
68404,40.61405,-96.75338
68405,40.76205,-97.07350
68406,40.50009,-97.38564
68407,40.91670,-96.26696
68409,40.90771,-95.95418
68410,40.63582,-95.88377
68413,40.84612,-96.02632
68414,40.30810,-95.66584
68415,40.06963,-96.82122
68416,40.41039,-97.45971
68417,40.73302,-96.09450
68418,40.68777,-96.40338
68419,40.59981,-96.51117
68420,40.09297,-96.20945
68421,40.49398,-95.74355
68422,40.38873,-96.69471
68423,40.80748,-96.95745
68424,40.29919,-97.01626
68428,40.96442,-96.79312
68430,40.66863,-96.66332
68431,40.06756,-95.43818
68433,40.05305,-95.73821
68434,40.90959,-97.11695
68436,40.43026,-97.73826
68437,40.23095,-95.64557
68438,40.62661,-96.74461
68439,40.99595,-97.20667
68440,40.06171,-97.00166
68441,40.22706,-96.24184
68442,40.23859,-95.77321
68443,40.44746,-96.35008
68444,40.41138,-97.57708
68445,40.38923,-97.07916
68446,40.65340,-96.17540
68447,40.20889,-96.07264
68448,40.55945,-96.02446
68450,40.36354,-96.22975
68452,40.39444,-97.85229
68453,40.41655,-97.32579
68454,40.69182,-96.28848
68455,40.81969,-95.89741
68456,40.90905,-97.32086
68457,40.15319,-95.69936
68458,40.22750,-96.50909
68460,40.89074,-97.43514
68461,40.76233,-96.51143
68462,40.95213,-96.51966
68463,40.87580,-96.12903
68464,40.42866,-97.20703
68465,40.48634,-97.02223
68466,40.06685,-96.64283
68467,40.86636,-97.59564
68502,40.78581,-96.69800
68503,40.82458,-96.67402
68504,40.85448,-96.66018
68505,40.82484,-96.61926
68506,40.78283,-96.63927
68507,40.85888,-96.61485
68508,40.81806,-96.70550
68510,40.80624,-96.63570
68512,40.73880,-96.70751
68514,40.92198,-96.65314
68516,40.73528,-96.64279
68517,40.93625,-96.61502
68520,40.80000,-96.55228
68521,40.86821,-96.70556
68522,40.78716,-96.76422
68523,40.73498,-96.75826
68524,40.90699,-96.78737
68526,40.72997,-96.58207
68527,40.84711,-96.52422
68528,40.82079,-96.83007
68531,40.90148,-96.72324
68532,40.79206,-96.84264
68601,41.45416,-97.39869
68620,41.74479,-98.07670
68621,41.49216,-96.63949
68622,41.93479,-98.62272
68623,41.44147,-98.15197
68624,41.34561,-97.22936
68626,41.16950,-96.99201
68627,41.55899,-98.17432
68628,41.22762,-97.83692
68629,41.71965,-97.13262
68631,41.69187,-97.34287
68632,41.24610,-97.13159
68633,41.70620,-96.89640
68634,41.38990,-97.49307
68635,41.08342,-97.01591
68636,42.00922,-98.15261
68637,41.81546,-98.64416
68638,41.37176,-97.98492
68640,41.46037,-97.78588
68641,41.73567,-97.01526
68642,41.68921,-97.51393
68643,41.70598,-97.26333
68644,41.70426,-97.67002
68647,41.51877,-97.62834
68648,41.40072,-96.80033
68649,41.50505,-96.78536
68651,41.22822,-97.57013
68652,41.86167,-98.04452
68653,41.55824,-97.48595
68654,41.06703,-97.77914
68655,41.65556,-98.24251
68658,41.19776,-97.28100
68659,41.54594,-96.93541
68660,41.57282,-97.86957
68661,41.49251,-97.08862
68662,41.21070,-97.41756
68663,41.31917,-97.68514
68664,41.70401,-96.78654
68665,41.76988,-98.39225
68666,41.11060,-97.61121
68667,41.10979,-97.30473
68669,41.07923,-97.23690
68701,42.01982,-97.44256
68710,42.44186,-96.85927
68711,42.19497,-99.03901
68713,42.54015,-98.95957
68714,42.43067,-99.49355
68715,41.96389,-97.60990
68716,41.92704,-96.82266
68717,42.38335,-97.22245
68718,42.66993,-97.69209
68719,42.95446,-98.56015
68720,42.34500,-98.01466
68722,42.92994,-98.86902
68723,42.28275,-97.20824
68724,42.63801,-97.89401
68725,42.19741,-98.77790
68726,42.18466,-98.21011
68727,42.51530,-97.20248
68728,42.37513,-96.94712
68729,42.47187,-97.90507
68730,42.76726,-97.53463
68731,42.40458,-96.47293
68732,42.49383,-96.97873
68733,42.28513,-96.72514
68734,42.45851,-98.80396
68735,42.13952,-98.46604
68736,42.73537,-97.36781
68739,42.62600,-97.26995
68740,42.15235,-97.29617
68741,42.34302,-96.59448
68742,42.35242,-98.52941
68743,42.45742,-96.62446
68745,42.45620,-97.08388
68746,42.80964,-98.43744
68747,42.39115,-97.49613
68748,41.83700,-97.47462
68749,42.45309,-97.47535
68751,42.69045,-96.98092
68752,42.02878,-97.72373
68753,42.88316,-99.41333
68755,42.92651,-99.13002
68756,42.18357,-97.98029
68757,42.65328,-96.92793
68758,41.79243,-97.78595
68759,42.70414,-99.31054
68760,42.70884,-97.87498
68761,42.05032,-97.96199
68763,42.50104,-98.60821
68764,42.40488,-98.23167
68765,42.34230,-97.61371
68766,42.43323,-98.40306
68767,42.19923,-97.55368
68768,41.99118,-97.06843
68769,42.32516,-97.81133
68770,42.56162,-96.76483
68771,42.39562,-97.35999
68773,42.36221,-98.11923
68774,42.81222,-97.27489
68776,42.46742,-96.44705
68777,42.86073,-98.68787
68778,42.85301,-99.79848
68779,41.95582,-97.19898
68780,42.63296,-99.12819
68781,42.02575,-97.86378
68783,42.61847,-98.15923
68784,42.25717,-96.89137
68785,42.42653,-96.72410
68786,42.50156,-97.55744
68787,42.21383,-97.03095
68788,41.83963,-96.72128
68789,42.54352,-97.97032
68790,42.15667,-97.18182
68791,41.98842,-96.98438
68792,42.74292,-97.10821
68801,40.94764,-98.29208
68803,40.95616,-98.41457
68810,40.85527,-98.46368
68812,40.88778,-99.28384
68813,41.69928,-99.85699
68814,41.31649,-99.41294
68815,41.41828,-99.14399
68816,41.17738,-98.13295
68817,41.26748,-98.79382
68818,40.81785,-98.00588
68820,41.11290,-98.70142
68821,42.00749,-99.76270
68822,41.38092,-99.63172
68823,41.95656,-99.15596
68824,40.99413,-98.59772
68825,41.26406,-99.96806
68826,41.16359,-98.01640
68827,41.04266,-98.18145
68828,41.54967,-99.23734
68831,41.10868,-98.55470
68832,40.76331,-98.36919
68833,41.83022,-100.15201
68834,41.03163,-99.65889
68835,41.33190,-98.61724
68836,40.70981,-99.37399
68837,41.65980,-99.07661
68838,41.21216,-98.66236
68840,40.75967,-98.87754
68841,40.75883,-98.17118
68842,41.56755,-98.50054
68843,40.90525,-97.89077
68844,41.05376,-99.06339
68845,40.72079,-99.16474
68846,41.06825,-97.89519
68847,40.76003,-99.01708
68849,40.70070,-99.10942
68850,40.82641,-99.73978
68852,41.16130,-99.12463
68853,41.29428,-98.99183
68854,41.00992,-98.00243
68855,41.16934,-99.32545
68856,41.54416,-99.76850
68858,40.96585,-99.37754
68859,41.47452,-98.82546
68860,41.13398,-99.79582
68861,40.70241,-99.25885
68862,41.59996,-98.93646
68863,40.76630,-99.53214
68864,41.26363,-98.23524
68865,40.89655,-98.17866
68866,40.97695,-99.12441
68869,40.99614,-98.88420
68870,40.85399,-99.16709
68871,41.14092,-98.85275
68872,41.09486,-98.33400
68873,41.24007,-98.45388
68874,41.64412,-99.41893
68875,41.56313,-98.67052
68876,40.81843,-98.75524
68878,40.98233,-99.51789
68879,41.90318,-99.50985
68881,41.43843,-99.35189
68882,41.43570,-98.39107
68883,40.80814,-98.59724
68901,40.59161,-98.37273
68920,40.15454,-99.33991
68922,40.33520,-99.89642
68923,40.35911,-99.46832
68924,40.49556,-99.11900
68925,40.42876,-98.43011
68926,40.10598,-99.84029
68927,40.49997,-99.63392
68928,40.28435,-98.60684
68929,40.15088,-99.04998
68930,40.28477,-98.41557
68932,40.31529,-98.72274
68933,40.51784,-98.02300
68934,40.34080,-98.13509
68935,40.37836,-97.96200
68936,40.32845,-99.77142
68937,40.59096,-99.88188
68938,40.41560,-98.11714
68939,40.10129,-98.96892
68940,40.55002,-99.24402
68941,40.45721,-98.27809
68942,40.09678,-98.30217
68943,40.05737,-97.90725
68944,40.64360,-98.09479
68945,40.56823,-98.77782
68946,40.11164,-99.98579
68947,40.28010,-99.04766
68948,40.31826,-100.02148
68949,40.42706,-99.38895
68950,40.46178,-98.66944
68952,40.07628,-98.66256
68954,40.62295,-98.23437
68955,40.59556,-98.54278
68956,40.63632,-98.69102
68957,40.27395,-98.24636
68958,40.51881,-99.49736
68959,40.48360,-98.91712
68960,40.09665,-99.13625
68961,40.20900,-98.04380
68964,40.23810,-97.91188
68966,40.15991,-99.46727
68967,40.25404,-99.62440
68969,40.30387,-99.28340
68970,40.11032,-98.50957
68971,40.11063,-99.24793
68972,40.11886,-98.81098
68973,40.45478,-98.56483
68974,40.12586,-97.86765
68975,40.61881,-97.94862
68976,40.59032,-99.72778
68977,40.06984,-99.63087
68978,40.06666,-98.09750
68979,40.58968,-97.85148
68980,40.67661,-98.25070
68981,40.27873,-98.89615
68982,40.33230,-99.18015
69001,40.24671,-100.64394
69020,40.19725,-100.30090
69021,40.14161,-101.54034
69022,40.37976,-100.19195
69023,40.47941,-101.94008
69024,40.23273,-100.84705
69025,40.62087,-100.50948
69026,40.04677,-100.42967
69027,40.42768,-101.54280
69028,40.63593,-100.05427
69029,40.70897,-100.25297
69030,40.21172,-101.91986
69032,40.57066,-101.01440
69033,40.55938,-101.67601
69034,40.25077,-100.43369
69036,40.04868,-100.27435
69037,40.18498,-101.40574
69038,40.58732,-100.74586
69039,40.69628,-100.39169
69040,40.35031,-101.12517
69041,40.19512,-101.76548
69042,40.47669,-100.40515
69043,40.12871,-101.25520
69044,40.13014,-101.01649
69045,40.46539,-101.36918
69046,40.07641,-100.08653
69101,41.14189,-100.80060
69120,41.39701,-100.21811
69121,41.51360,-101.68879
69122,41.13125,-102.10241
69123,41.01144,-100.37185
69125,41.62583,-102.82516
69127,41.14276,-101.93211
69128,41.22667,-103.92882
69129,41.11330,-102.40903
69130,40.89412,-99.95297
69131,41.40739,-102.97352
69132,40.79340,-100.95787
69133,41.18842,-103.46031
69134,40.83530,-101.37625
69135,42.29508,-100.21985
69138,40.99582,-100.17655
69140,40.85030,-101.77348
69141,41.30652,-102.95500
69142,41.91394,-100.30487
69143,41.21158,-101.04210
69144,41.27210,-101.53736
69145,41.24602,-103.66770
69146,41.31246,-101.77339
69147,41.57409,-102.09521
69148,41.59037,-102.59826
69149,41.22174,-102.67715
69150,40.84770,-101.54306
69151,41.09020,-100.49525
69152,42.16577,-101.21453
69153,41.10136,-101.67569
69154,41.43057,-102.35178
69155,41.18836,-101.38943
69156,41.31085,-103.33189
69157,42.06219,-100.15336
69161,42.15651,-100.78131
69162,41.12919,-103.01649
69163,41.56964,-100.54164
69165,41.26486,-101.20726
69166,42.03091,-100.61832
69167,41.59623,-101.00603
69168,40.79896,-101.98651
69169,40.82194,-101.16087
69170,40.79581,-100.74427
69171,40.89004,-100.07071
69201,42.73980,-100.56706
69210,42.35956,-99.92392
69211,42.83202,-101.30320
69212,42.93293,-100.80144
69214,42.59855,-100.09966
69216,42.97781,-100.98359
69217,42.56478,-99.66680
69218,42.78925,-101.67484
69219,42.57751,-101.20340
69220,42.86560,-100.13036
69221,42.58249,-100.30094
69301,42.12297,-102.88128
69331,41.89760,-102.99105
69333,42.05095,-101.96663
69334,41.82181,-103.29016
69335,42.07480,-102.10985
69336,41.62855,-103.16696
69337,42.82717,-103.01290
69339,42.60434,-103.41294
69340,42.21487,-102.20786
69341,41.72093,-103.63281
69343,42.70240,-102.03316
69345,41.58958,-103.74462
69346,42.62523,-103.79298
69347,42.60658,-102.68437
69348,42.26811,-103.34958
69350,41.96125,-101.76494
69351,42.02879,-102.42186
69352,41.80399,-103.97355
69353,41.74723,-103.41651
69354,42.36919,-103.60363
69355,41.78128,-103.50547
69356,41.89607,-103.44961
69357,42.07638,-103.81221
69358,42.06627,-103.96833
69360,42.69694,-102.46705
69361,41.92284,-103.62290
69365,42.98500,-102.50492
69366,42.18282,-101.58596
69367,42.81182,-103.33040
70001,29.98372,-90.16724
70002,30.01250,-90.16251
70003,30.00116,-90.20972
70005,29.99942,-90.13407
70006,30.01403,-90.19134
70030,29.81920,-90.43971
70031,29.94349,-90.29556
70032,29.95852,-89.99751
70036,29.71403,-90.12150
70037,29.82739,-90.02499
70038,29.34922,-89.43881
70039,29.88738,-90.38876
70040,29.74021,-89.92260
70041,29.33954,-89.48155
70043,29.94841,-89.96268
70047,29.96895,-90.36731
70049,30.03054,-90.57130
70050,29.37958,-89.59026
70051,30.08599,-90.64772
70052,30.05507,-90.69501
70053,29.91342,-90.05320
70056,29.88744,-90.02730
70057,29.96220,-90.46420
70058,29.86887,-90.06487
70062,29.99166,-90.25812
70065,30.02667,-90.25345
70067,29.71088,-90.09678
70068,30.15635,-90.43678
70070,29.82984,-90.31063
70071,30.05162,-90.70591
70072,29.83565,-90.11030
70075,29.93353,-89.92195
70076,30.06167,-90.64961
70079,30.00341,-90.41021
70080,29.88400,-90.43370
70082,29.56371,-89.74960
70083,29.46308,-89.89475
70084,30.07565,-90.56748
70085,29.83671,-89.73744
70086,30.03619,-90.86541
70087,29.97603,-90.31502
70090,29.96925,-90.70114
70091,29.25775,-89.34991
70092,29.89894,-89.89526
70094,29.91578,-90.20761
70112,29.95701,-90.07694
70113,29.94302,-90.08307
70114,29.93745,-90.03232
70115,29.92393,-90.10248
70116,29.96744,-90.06478
70117,29.96816,-90.02996
70118,29.94471,-90.12567
70119,29.97514,-90.08694
70121,29.96037,-90.16399
70122,30.01340,-90.06335
70123,29.94999,-90.20556
70124,30.00738,-90.10392
70125,29.95207,-90.10331
70126,30.01820,-90.02072
70127,30.02362,-89.97790
70128,30.05085,-89.95604
70129,30.08085,-89.81337
70130,29.93735,-90.06965
70131,29.90633,-89.95834
70139,29.95023,-90.07099
70163,29.95006,-90.07544
70301,29.80833,-90.75027
70339,29.90463,-91.18472
70340,29.66974,-91.10429
70341,30.03252,-91.06746
70342,29.69315,-91.23834
70343,29.54840,-90.55724
70344,29.17688,-90.51506
70345,29.54842,-90.25902
70346,30.15289,-91.01187
70352,29.68442,-90.94019
70353,29.35814,-90.70012
70354,29.44317,-90.28394
70355,29.71720,-90.46895
70356,29.63157,-90.97088
70357,29.24535,-90.22207
70358,29.21473,-90.02755
70359,29.69403,-90.77651
70360,29.57867,-90.80540
70363,29.50295,-90.70999
70364,29.62771,-90.68190
70372,29.78305,-90.98907
70373,29.59759,-90.31147
70374,29.60451,-90.50199
70375,29.69113,-90.53443
70377,29.34728,-90.50265
70380,29.75436,-91.13378
70390,29.89728,-91.03106
70391,29.99080,-91.06082
70392,29.73124,-91.31832
70393,29.99136,-91.00727
70394,29.69268,-90.61612
70395,29.69744,-90.86173
70397,29.39684,-90.79128
70401,30.53355,-90.45544
70402,30.51616,-90.47013
70403,30.48556,-90.48769
70420,30.48469,-89.95303
70422,30.73483,-90.48084
70426,30.92650,-89.85861
70427,30.74420,-89.91208
70431,30.61675,-89.96736
70433,30.46272,-90.14050
70435,30.55699,-90.10664
70436,30.79304,-90.52158
70437,30.61945,-90.20939
70438,30.84622,-90.11132
70441,30.85997,-90.74907
70442,30.69314,-90.33403
70443,30.63267,-90.53458
70444,30.89701,-90.48937
70445,30.37535,-89.91029
70446,30.63017,-90.34971
70447,30.42266,-90.20585
70448,30.36218,-90.03945
70449,30.27396,-90.67015
70450,30.92874,-90.26675
70451,30.54842,-90.48088
70452,30.42085,-89.79921
70453,30.70069,-90.76489
70454,30.36285,-90.35859
70455,30.52986,-90.32398
70456,30.78706,-90.50462
70458,30.26207,-89.79411
70460,30.29796,-89.84069
70461,30.23424,-89.71537
70462,30.37628,-90.58074
70463,30.65807,-89.90382
70464,30.55119,-89.91901
70465,30.85626,-90.52393
70466,30.56871,-90.50076
70471,30.40429,-90.06131
70501,30.24183,-91.99104
70503,30.17249,-92.06023
70506,30.19549,-92.08133
70507,30.27832,-92.02804
70508,30.15524,-92.02823
70510,29.89461,-92.19317
70512,30.41573,-91.92050
70513,29.89998,-91.90327
70514,29.84978,-91.54694
70515,30.45247,-92.57774
70516,30.37090,-92.30358
70517,30.29825,-91.83357
70518,30.13477,-91.92742
70519,30.08027,-91.89733
70520,30.32962,-92.03335
70523,29.87178,-91.44001
70524,30.55695,-92.31128
70525,30.41362,-92.22196
70526,30.21007,-92.37996
70528,29.93951,-91.98499
70529,30.20228,-92.16158
70531,30.23395,-92.51748
70532,30.45274,-92.69702
70533,29.89014,-92.04646
70534,30.21704,-92.43818
70535,30.46326,-92.42016
70537,30.25163,-92.57020
70538,29.80555,-91.49835
70541,30.42673,-92.04756
70542,30.00968,-92.58477
70543,30.33540,-92.50114
70544,29.90412,-91.66209
70546,30.26637,-92.67355
70548,29.81296,-92.40515
70549,30.06915,-92.80470
70550,30.51859,-92.18766
70552,30.06751,-91.67280
70554,30.61818,-92.48435
70555,30.08140,-92.14585
70556,30.19568,-92.55713
70558,30.10053,-92.07576
70559,30.12879,-92.50267
70560,29.92194,-91.87867
70563,30.01663,-91.71005
70570,30.53366,-92.10496
70575,29.94892,-92.15810
70576,30.78097,-92.41825
70577,30.55169,-91.94098
70578,30.23192,-92.26154
70580,30.67524,-92.42833
70581,30.25087,-92.73143
70582,30.16155,-91.78387
70583,30.26142,-92.12401
70584,30.38914,-92.09743
70585,30.87834,-92.40768
70586,30.74651,-92.32814
70589,30.68032,-92.00320
70591,30.25774,-92.83280
70592,30.08062,-92.01238
70601,30.22679,-93.21544
70605,30.12928,-93.27353
70607,30.03845,-93.19009
70611,30.34812,-93.20360
70615,30.25541,-93.12651
70630,30.02583,-93.01679
70631,29.85337,-93.56829
70632,29.83695,-93.05777
70633,30.42600,-93.39129
70634,30.79277,-93.23763
70637,30.69765,-92.96346
70638,30.84950,-92.79723
70639,30.97827,-93.49114
70640,30.37190,-92.90458
70643,29.82056,-92.81155
70644,30.79235,-92.94560
70645,29.92800,-93.47388
70646,30.08899,-92.91858
70647,30.25463,-93.02394
70648,30.50507,-92.88936
70650,30.23734,-92.92319
70651,30.57200,-92.96087
70652,30.60846,-93.26744
70653,30.66715,-93.56209
70654,30.66415,-92.88438
70655,30.66149,-92.73160
70656,30.95998,-92.96684
70657,30.50345,-93.15969
70658,30.52781,-93.04341
70659,30.92193,-93.28428
70660,30.55610,-93.44469
70661,30.35364,-93.65366
70662,30.79455,-92.99018
70663,30.29027,-93.37170
70665,30.12188,-93.45122
70668,30.18791,-93.59831
70669,30.24235,-93.27232
70706,30.60724,-90.90736
70710,30.35290,-91.26221
70711,30.52451,-90.59201
70712,30.96957,-91.59670
70714,30.58719,-91.12763
70715,30.76271,-91.67653
70719,30.36317,-91.29955
70721,30.22339,-91.07950
70722,30.85479,-90.94594
70723,30.05960,-90.84024
70725,30.12809,-90.95943
70726,30.42550,-90.88541
70729,30.58769,-91.34486
70730,30.80992,-91.09465
70732,30.61887,-91.60842
70733,30.29946,-90.81309
70734,30.20656,-90.99700
70736,30.63232,-91.33842
70737,30.22238,-90.92220
70739,30.60107,-90.96534
70740,30.31006,-91.43976
70743,30.03137,-90.77545
70744,30.55349,-90.67422
70747,30.87367,-91.67623
70748,30.81773,-91.19399
70749,30.64823,-91.39124
70750,30.50438,-91.77639
70752,30.58668,-91.40659
70753,30.94218,-91.73235
70754,30.40741,-90.75046
70755,30.59331,-91.53003
70756,30.54682,-91.61415
70757,30.48938,-91.51949
70759,30.69738,-91.57945
70760,30.70722,-91.44879
70761,30.97495,-91.03828
70762,30.57834,-91.46465
70763,30.04486,-90.74188
70764,30.21687,-91.28278
70767,30.48113,-91.33071
70769,30.30743,-90.94064
70770,30.64374,-90.99693
70772,30.43696,-91.46865
70773,30.61037,-91.36321
70774,30.21455,-90.76190
70775,30.85825,-91.36900
70776,30.26584,-91.08614
70777,30.73968,-91.07711
70778,30.15776,-90.86268
70780,30.29874,-91.18529
70782,30.95192,-91.51180
70783,30.68550,-91.40378
70785,30.55710,-90.81924
70787,30.96163,-91.44071
70788,30.14049,-91.17284
70789,30.94058,-91.08296
70791,30.65198,-91.15444
70801,30.44965,-91.18598
70802,30.44447,-91.17769
70803,30.41430,-91.17764
70805,30.48892,-91.15826
70806,30.44876,-91.12475
70807,30.54372,-91.21968
70808,30.40415,-91.13914
70809,30.39381,-91.07109
70810,30.34542,-91.09429
70811,30.53768,-91.13491
70812,30.50073,-91.11044
70814,30.48517,-91.06800
70815,30.45546,-91.06626
70816,30.43188,-91.02177
70817,30.37511,-90.98042
70818,30.54253,-91.04988
70819,30.47229,-91.00758
70820,30.36541,-91.20267
70836,30.39125,-91.09034
71001,32.59156,-92.88929
71003,32.62955,-93.03082
71004,32.74880,-93.85981
71006,32.72267,-93.63038
71007,32.36253,-94.00675
71008,32.34712,-92.96865
71016,32.22444,-93.11631
71018,32.82372,-93.42671
71019,32.04875,-93.31697
71021,32.96771,-93.44654
71023,32.47621,-93.41030
71024,32.49811,-93.20170
71027,32.25338,-93.64002
71028,32.48972,-93.08364
71029,32.83720,-93.84103
71030,32.19597,-93.78490
71031,32.00297,-92.90424
71032,32.09486,-93.79537
71033,32.41211,-94.01117
71034,32.18149,-93.31137
71037,32.47508,-93.48762
71038,32.95154,-93.06287
71039,32.43029,-93.28970
71040,32.76725,-93.01442
71043,32.88601,-93.88784
71044,32.95418,-93.88246
71045,32.33174,-93.18461
71046,32.16306,-93.94882
71047,32.28952,-93.91494
71048,32.83852,-92.84559
71049,32.00921,-93.96655
71051,32.31945,-93.47795
71052,32.00372,-93.66333
71055,32.67688,-93.29331
71060,32.65404,-93.98061
71061,32.77803,-93.95388
71063,31.91151,-93.51499
71064,32.91319,-93.67959
71065,31.80320,-93.50268
71067,32.60022,-93.50464
71068,32.27673,-93.30345
71069,32.96787,-93.98796
71070,32.10077,-93.00730
71071,32.92189,-93.45676
71072,32.93711,-93.31127
71073,32.51414,-93.31149
71075,32.99730,-93.50620
71078,32.25653,-93.78189
71079,32.95697,-92.80844
71082,32.83279,-93.96467
71101,32.50637,-93.74722
71103,32.49194,-93.77209
71104,32.48378,-93.73165
71105,32.45725,-93.70980
71106,32.38553,-93.73655
71107,32.59661,-93.85869
71108,32.44317,-93.78783
71109,32.46791,-93.81387
71110,32.50487,-93.59615
71111,32.57334,-93.69718
71112,32.45303,-93.62083
71115,32.26880,-93.57956
71118,32.39368,-93.80406
71119,32.49067,-93.92546
71129,32.38606,-93.91380
71201,32.53293,-92.10591
71202,32.39991,-92.05655
71203,32.58199,-92.01857
71209,32.52902,-92.06959
71219,32.32571,-91.69322
71220,32.86454,-91.90854
71222,32.82624,-92.65689
71223,32.88891,-91.65481
71225,32.51227,-92.33861
71226,32.25075,-92.43798
71227,32.53520,-92.47156
71229,32.63192,-91.89681
71232,32.40530,-91.46609
71233,32.32518,-90.93210
71234,32.64523,-92.33053
71235,32.69002,-92.67380
71237,32.59716,-91.49480
71238,32.36306,-92.37524
71241,32.77937,-92.35204
71243,31.95173,-91.81609
71245,32.53410,-92.72617
71247,32.27365,-92.72201
71250,32.95499,-91.58319
71251,32.22063,-92.67689
71253,32.99120,-91.30945
71254,32.79648,-91.25338
71256,32.94967,-92.72110
71259,32.25927,-91.84866
71260,32.90792,-92.23496
71261,32.77240,-91.69834
71263,32.87185,-91.42584
71264,32.60128,-91.77253
71266,32.69429,-91.50407
71268,32.34607,-92.73702
71269,32.44064,-91.79378
71270,32.48986,-92.64387
71272,32.52687,-92.64934
71275,32.51190,-92.81683
71276,32.57027,-91.14782
71277,32.94334,-92.55097
71279,32.48736,-91.85712
71280,32.71770,-92.10120
71282,32.35898,-91.18106
71286,32.65921,-91.19899
71291,32.56519,-92.17321
71292,32.39668,-92.21476
71295,32.14729,-91.70726
71301,31.27416,-92.46711
71302,31.19702,-92.37022
71303,31.28132,-92.54734
71316,31.24185,-91.74140
71322,30.87113,-92.17554
71323,31.26774,-92.21170
71325,30.99920,-92.32215
71326,31.77708,-91.60393
71327,30.99198,-92.00138
71328,31.35510,-92.17552
71331,31.25636,-92.11304
71333,30.90999,-92.07187
71334,31.66344,-91.55835
71336,32.02712,-91.59159
71339,31.01382,-91.93229
71340,31.75981,-91.80805
71341,31.06543,-92.16806
71342,31.60516,-92.14073
71343,31.52081,-91.89917
71345,30.72836,-91.97545
71346,31.11825,-92.37493
71350,31.06769,-92.07418
71351,31.18425,-91.96083
71353,30.77293,-91.78900
71354,31.40446,-91.75005
71355,31.05840,-91.84122
71356,30.81570,-92.04094
71357,32.11899,-91.29930
71358,30.69188,-91.87010
71360,31.32429,-92.35417
71362,30.89912,-91.96106
71366,31.93722,-91.33706
71367,30.88158,-92.29805
71368,31.87971,-91.68188
71369,30.93002,-91.87706
71371,31.68168,-92.25529
71373,31.31343,-91.60895
71375,31.87372,-91.48735
71377,31.61060,-91.78627
71378,31.94236,-91.70866
71401,31.79747,-91.94592
71403,31.21327,-93.43273
71404,31.74701,-92.75160
71405,31.40950,-92.40173
71406,31.73310,-93.50458
71407,31.51101,-92.48592
71409,31.31075,-92.68922
71410,31.96481,-92.77146
71411,31.90545,-93.09053
71414,31.82792,-93.02392
71416,31.54043,-92.89695
71417,31.50820,-92.64965
71418,32.15395,-92.06677
71419,31.81853,-93.71073
71422,32.07529,-92.66570
71423,31.60823,-92.56839
71424,31.20380,-92.69614
71425,31.88509,-91.87069
71426,31.49894,-93.45990
71427,31.39413,-92.89576
71429,31.40917,-93.43464
71430,31.04498,-92.49530
71432,31.74958,-92.46771
71433,31.00118,-92.63921
71435,32.03174,-92.16635
71438,31.12324,-92.82402
71439,31.33682,-93.39572
71441,31.95155,-92.15343
71446,31.16671,-93.18691
71447,31.43901,-92.81257
71449,31.54513,-93.51149
71450,31.77765,-93.41528
71452,31.58264,-92.94504
71454,31.69142,-92.85838
71455,31.40345,-92.98950
71456,31.64208,-92.97847
71457,31.74170,-93.10649
71459,31.04932,-93.22389
71461,31.11784,-93.29029
71462,31.65677,-93.72134
71463,30.81005,-92.60987
71465,31.87683,-92.17914
71466,31.21515,-92.74863
71467,31.56333,-92.38710
71468,31.48085,-93.14890
71469,31.69447,-93.27063
71472,31.16885,-92.78716
71473,32.06038,-92.43609
71474,31.27462,-93.01305
71479,31.84886,-92.36798
71480,31.86339,-92.29098
71483,31.89238,-92.65788
71485,31.15675,-92.54233
71486,31.65058,-93.61881
71601,34.17938,-91.89248
71602,34.26623,-92.14537
71603,34.12107,-92.08813
71630,33.63356,-91.22359
71631,33.57999,-92.26494
71635,33.13105,-91.99652
71638,33.52094,-91.48467
71639,33.90157,-91.52019
71640,33.10125,-91.27827
71642,33.38739,-91.88748
71643,34.01689,-91.57650
71644,34.09831,-91.70471
71646,33.23543,-91.78755
71647,33.36436,-92.11404
71651,33.32692,-92.29577
71652,33.93264,-92.33304
71653,33.32690,-91.24429
71654,33.62111,-91.37108
71655,33.63623,-91.74715
71658,33.31597,-91.56206
71659,34.14357,-91.77588
71660,33.76064,-92.19826
71661,33.15103,-91.55024
71662,33.84345,-91.50683
71663,33.22644,-91.42948
71665,33.93026,-92.10953
71666,33.76109,-91.28223
71667,33.92446,-91.83712
71670,33.71599,-91.39092
71671,33.60201,-92.09602
71674,33.83700,-91.17521
71675,33.59175,-91.93819
71676,33.05215,-91.56758
71677,33.76191,-91.48064
71701,33.58646,-92.81969
71711,33.63758,-92.72026
71720,33.78621,-92.65468
71722,33.72179,-93.17468
71724,33.32778,-92.53567
71725,34.04963,-92.55794
71726,33.67234,-92.98606
71730,33.19903,-92.62708
71740,33.07687,-93.16735
71742,33.85267,-92.44889
71743,33.88933,-93.09779
71744,33.49680,-92.48016
71745,33.50082,-92.39610
71747,33.06073,-92.20288
71749,33.07188,-92.81858
71751,33.41148,-92.76026
71752,33.39142,-93.19177
71753,33.22568,-93.18467
71758,33.30929,-92.91495
71759,33.32098,-92.64417
71762,33.34292,-92.76836
71763,33.91646,-92.80534
71764,33.43188,-93.04895
71765,33.14188,-92.33179
71766,33.72513,-92.50665
71770,33.38809,-93.31743
71772,33.83275,-93.12617
71801,33.64585,-93.59889
71820,33.79941,-94.27258
71822,33.66312,-94.15640
71823,33.82911,-94.12332
71825,33.87787,-93.55644
71826,33.09254,-93.72322
71827,33.42519,-93.39651
71832,34.03692,-94.35114
71833,34.14193,-94.04125
71834,33.11484,-93.95785
71835,33.64401,-93.42918
71836,33.71499,-94.39765
71837,33.25490,-93.84531
71838,33.65191,-93.81226
71839,33.33487,-93.72904
71841,34.16200,-94.33952
71842,33.90288,-94.28527
71845,33.31559,-93.64396
71846,33.94375,-94.12777
71847,33.92627,-93.63679
71851,33.85666,-93.94252
71852,33.99768,-93.85555
71853,33.59380,-93.93803
71854,33.45141,-93.88183
71855,33.86515,-93.75133
71857,33.80148,-93.33765
71858,33.58512,-93.26375
71859,33.74442,-93.91019
71860,33.29022,-93.48966
71861,33.10069,-93.49992
71862,33.77965,-93.72805
71865,33.74116,-94.14993
71866,33.87750,-94.40648
71901,34.52645,-92.97407
71909,34.64077,-93.00112
71913,34.44918,-93.09417
71921,34.24365,-93.39091
71922,34.02324,-93.41340
71923,34.08509,-93.04527
71929,34.30374,-93.15956
71933,34.43931,-93.34284
71935,34.39497,-93.75132
71937,34.39937,-94.39030
71940,34.02311,-93.52065
71941,34.24721,-92.94877
71943,34.34029,-93.60726
71944,34.24282,-94.33277
71945,34.48515,-94.33956
71949,34.69908,-93.22080
71950,34.25616,-93.71806
71952,34.27651,-93.82143
71953,34.60802,-94.19719
71956,34.59864,-93.15344
71957,34.56502,-93.57470
71958,34.12335,-93.66461
71959,34.24317,-93.93159
71960,34.49034,-93.71137
71961,34.60032,-93.83836
71962,34.03619,-93.32274
71964,34.42413,-93.24073
71965,34.67048,-93.74657
71968,34.52417,-93.29049
71969,34.66924,-93.62921
71970,34.66893,-93.48915
71971,34.30385,-94.03436
71972,34.38289,-94.27686
71973,34.30188,-94.31904
71998,34.12638,-93.05529
71999,34.12746,-93.05907
72001,35.05832,-92.88586
72002,34.66079,-92.52751
72003,34.38253,-91.39026
72004,34.28279,-91.77931
72005,35.53719,-91.07043
72006,35.24387,-91.35958
72007,35.00190,-91.98318
72010,35.32019,-91.53762
72011,34.50062,-92.46589
72012,35.09481,-91.90757
72013,35.45534,-92.36847
72014,35.43260,-91.11130
72015,34.48598,-92.58508
72016,34.97082,-92.63288
72017,34.90025,-91.41643
72019,34.63803,-92.68526
72020,35.47247,-91.46920
72021,34.84554,-91.21748
72022,34.60746,-92.48854
72023,34.96434,-92.06364
72024,34.76085,-91.74192
72025,35.05233,-92.99938
72026,34.50517,-91.29507
72027,35.37382,-92.57287
72029,34.70712,-91.23857
72030,35.42709,-92.67591
72031,35.63366,-92.53165
72032,35.06556,-92.36277
72034,35.04992,-92.48605
72035,35.07878,-92.45740
72036,35.01112,-91.27310
72037,34.53725,-91.87486
72038,34.44237,-91.23691
72039,35.35609,-92.39735
72040,34.96967,-91.53280
72041,34.72178,-91.46736
72042,34.26058,-91.32446
72044,35.66003,-92.16498
72045,35.12984,-92.03229
72046,34.55846,-91.95085
72047,35.22379,-92.21070
72048,34.22898,-91.14525
72051,35.78490,-92.31714
72055,34.09869,-91.35419
72057,34.14094,-92.31037
72058,35.24587,-92.37424
72059,35.13960,-91.31500
72060,35.07371,-91.59901
72061,35.32187,-92.29908
72063,35.31807,-92.79012
72064,34.79159,-91.60870
72065,34.53462,-92.28638
72067,35.56337,-92.15544
72068,35.19030,-91.71076
72069,34.53214,-91.13784
72070,35.00812,-92.70695
72072,34.52133,-91.74643
72073,34.38114,-91.66908
72074,35.08538,-91.09793
72076,34.91209,-92.13767
72079,34.39216,-92.17842
72080,35.43800,-92.83451
72081,35.38162,-91.67010
72082,35.23283,-91.67357
72083,34.59352,-92.00872
72084,34.14406,-92.66734
72085,35.36391,-91.82912
72086,34.80700,-91.90763
72087,34.59673,-92.82619
72088,35.59519,-92.26783
72099,34.89928,-92.14146
72101,35.24535,-91.16153
72102,35.14715,-91.83002
72103,34.59051,-92.39006
72104,34.34204,-92.82180
72106,34.97393,-92.52579
72107,35.14174,-92.53605
72108,34.68779,-91.06602
72110,35.15653,-92.78136
72111,35.23855,-92.13130
72112,35.58092,-91.22971
72113,34.85957,-92.39760
72114,34.76490,-92.26035
72116,34.80026,-92.24532
72117,34.76919,-92.14466
72118,34.84047,-92.32604
72119,34.83399,-92.29219
72120,34.90223,-92.24082
72121,35.45535,-91.78611
72122,34.77789,-92.80835
72123,35.25873,-91.23540
72125,35.06621,-92.79063
72126,34.94276,-92.91621
72127,35.17311,-92.60605
72128,34.31307,-92.62144
72129,34.32578,-92.54265
72130,35.66140,-92.05644
72131,35.41605,-92.18954
72132,34.44631,-92.20484
72134,34.61777,-91.35061
72135,34.88125,-92.55141
72136,35.23953,-92.00044
72137,35.33627,-92.04218
72139,35.36101,-91.50776
72140,34.36245,-91.16719
72141,35.51331,-92.67219
72142,34.69728,-92.04384
72143,35.23298,-91.73647
72149,35.24909,-91.72621
72150,34.31335,-92.39407
72152,34.35611,-91.97933
72153,35.64612,-92.32626
72156,35.28104,-92.68503
72157,35.27150,-92.55671
72160,34.42774,-91.52870
72165,35.57545,-91.45796
72166,34.06910,-91.22187
72167,34.41792,-92.64747
72168,34.44006,-91.97179
72169,35.39650,-91.22660
72170,34.58599,-91.41751
72173,35.10010,-92.21114
72175,34.33671,-91.76404
72176,35.00236,-91.83524
72179,35.50362,-91.85548
72181,35.16240,-92.44516
72201,34.74690,-92.28005
72202,34.73034,-92.23419
72204,34.71757,-92.35833
72205,34.75033,-92.35121
72206,34.63285,-92.23499
72207,34.77353,-92.34650
72209,34.67638,-92.34507
72210,34.71390,-92.50845
72211,34.75056,-92.41762
72212,34.78589,-92.41503
72223,34.78876,-92.51126
72227,34.77685,-92.37330
72301,35.14469,-90.18924
72311,34.72383,-90.89148
72315,35.90267,-89.90337
72320,34.82433,-90.52473
72321,35.81595,-89.94465
72322,35.06490,-90.82207
72324,35.39042,-90.78657
72325,35.32237,-90.24603
72326,35.11626,-90.90785
72327,35.23287,-90.33365
72328,33.98350,-91.09518
72329,35.61457,-89.98807
72330,35.58779,-90.21031
72331,35.28103,-90.46630
72332,35.10195,-90.30884
72333,34.30201,-90.86664
72335,34.99439,-90.74605
72338,35.39971,-90.15480
72339,35.42197,-90.26809
72340,34.93932,-91.02783
72341,34.87839,-90.76909
72342,34.44896,-90.68449
72346,35.08233,-90.48449
72347,35.37774,-91.01443
72348,34.94176,-90.41789
72350,35.49978,-90.12918
72351,35.67372,-90.09640
72353,34.30051,-91.00728
72354,35.61847,-90.31914
72355,34.47420,-90.79770
72358,35.79209,-89.89243
72359,35.02636,-90.72213
72360,34.75030,-90.78077
72364,35.21754,-90.18922
72365,35.52087,-90.45003
72366,34.51811,-90.96086
72367,34.19733,-90.94390
72368,34.81040,-91.02337
72370,35.71448,-90.02772
72372,34.96759,-90.95056
72373,35.30868,-90.59423
72374,34.56634,-90.83350
72376,35.08628,-90.29978
72377,35.69355,-90.33510
72379,34.05480,-91.04094
72383,34.49104,-91.03961
72384,35.37579,-90.21949
72386,35.46183,-90.36940
72389,34.37134,-90.91208
72390,34.55108,-90.67924
72392,34.96560,-91.10061
72394,35.06003,-90.61402
72395,35.59309,-90.08125
72396,35.23009,-90.82252
72401,35.88634,-90.65679
72404,35.77390,-90.77883
72410,35.94748,-91.09765
72411,35.74509,-90.57551
72412,36.12416,-90.69437
72413,36.30183,-90.82222
72414,35.82482,-90.37399
72415,36.12667,-91.17501
72416,35.96399,-90.79572
72417,35.91569,-90.53222
72419,35.74977,-90.35355
72421,35.78532,-90.97195
72422,36.42456,-90.51949
72424,36.39052,-90.73634
72425,36.21525,-90.73924
72426,35.86821,-90.04164
72427,35.86705,-90.93565
72428,35.73926,-90.22430
72429,35.50608,-90.92840
72430,36.33452,-90.17127
72431,35.63257,-91.07941
72432,35.55262,-90.72017
72433,36.02574,-91.04764
72434,36.21754,-91.15635
72435,36.31576,-90.57910
72436,36.23973,-90.47999
72437,35.84800,-90.45853
72438,35.94662,-90.22108
72440,36.00557,-91.22705
72441,36.43695,-90.38531
72442,35.81857,-90.18669
72443,36.17577,-90.41141
72444,36.42865,-90.85279
72445,35.97651,-91.02661
72447,35.90879,-90.32836
72449,36.17749,-90.81964
72450,36.07955,-90.51644
72453,36.29451,-90.70821
72454,36.40678,-90.20266
72455,36.31965,-91.02917
72456,36.44725,-90.33836
72457,36.08895,-91.06818
72458,36.07260,-91.15855
72459,36.29332,-91.29662
72460,36.34982,-91.16930
72461,36.26615,-90.28524
72462,36.38923,-90.75932
72464,36.45784,-90.14404
72466,36.05379,-91.33073
72467,35.84104,-90.67560
72469,35.95182,-91.28907
72470,36.47468,-90.69228
72471,35.82787,-91.11015
72472,35.59677,-90.53137
72473,35.73828,-91.17132
72476,36.05118,-90.92021
72478,36.44788,-91.05898
72479,35.63366,-90.90547
72482,36.27728,-91.36123
72501,35.79118,-91.65340
72512,36.22042,-91.74631
72513,36.22628,-91.65831
72515,36.27635,-92.05647
72517,36.13231,-91.97328
72519,36.13412,-92.18031
72520,36.39090,-91.72019
72521,35.94967,-91.54112
72522,35.81089,-91.47043
72523,35.62779,-91.84466
72524,35.84022,-91.31144
72526,35.88360,-91.77894
72527,35.73986,-91.68498
72528,36.22746,-92.13833
72529,36.29149,-91.56443
72530,35.60467,-91.94473
72531,36.31300,-92.14447
72532,36.10396,-91.60060
72533,35.97644,-92.25216
72534,35.60104,-91.74439
72536,36.14387,-91.76817
72537,36.44898,-92.23406
72538,36.44557,-92.10029
72539,36.33214,-91.71113
72540,35.91944,-91.91005
72542,36.30040,-91.46597
72543,35.45054,-91.98729
72544,36.40365,-92.18968
72546,35.57893,-91.94104
72550,35.71014,-91.78387
72553,35.70027,-91.48085
72554,36.43870,-91.56221
72555,35.78144,-91.87526
72556,36.01388,-91.97001
72560,35.85095,-92.09413
72561,35.94906,-91.80773
72562,35.73547,-91.40112
72564,35.59588,-91.45661
72565,36.21720,-91.91231
72566,36.21666,-92.07809
72567,35.81457,-91.92595
72568,35.56937,-91.62496
72569,36.14618,-91.39927
72571,35.64168,-91.55120
72572,35.89915,-91.29106
72573,36.07617,-91.79736
72576,36.34851,-91.85606
72577,36.02715,-91.71393
72578,36.45322,-91.88636
72579,35.83858,-91.44979
72581,35.55096,-91.98924
72583,36.41478,-91.99412
72584,36.14099,-91.84371
72585,36.18322,-92.00814
72587,36.22537,-91.81673
72601,36.23804,-93.08596
72611,36.24408,-93.33064
72616,36.32929,-93.55302
72617,36.02000,-92.38693
72619,36.37357,-92.59150
72623,36.44751,-92.32014
72624,36.05772,-93.38178
72626,36.32218,-92.55153
72628,35.83987,-93.28176
72629,35.73850,-92.56679
72630,36.48274,-92.91078
72631,36.46327,-93.71374
72632,36.37330,-93.74385
72633,36.12888,-92.87277
72634,36.19988,-92.51335
72635,36.31836,-92.51384
72636,35.98970,-92.71622
72638,36.32276,-93.40454
72639,36.01532,-92.48023
72640,36.00279,-93.05943
72641,35.98655,-93.24374
72642,36.37054,-92.54431
72644,36.43312,-92.99276
72645,35.80413,-92.57539
72648,36.08781,-93.16205
72650,35.88432,-92.70144
72651,36.38840,-92.48236
72653,36.34238,-92.38543
72655,35.90072,-93.01652
72658,36.15971,-92.32717
72660,36.47865,-93.37787
72661,36.43037,-92.59727
72662,36.43104,-93.18082
72663,35.93776,-92.32776
72666,35.94226,-93.26538
72668,36.44510,-92.78336
72669,36.06473,-92.87616
72670,35.98175,-93.38792
72672,36.28789,-92.84431
72675,36.00022,-92.80022
72677,36.25137,-92.68703
72679,35.73008,-92.83215
72680,35.88403,-92.32652
72682,36.13754,-92.74140
72683,35.92313,-93.10277
72685,36.06412,-92.98553
72686,35.78029,-92.84353
72687,36.26220,-92.70635
72701,35.99239,-94.08558
72703,36.11805,-94.04354
72704,36.10565,-94.29650
72712,36.34681,-94.25651
72714,36.46735,-94.22215
72715,36.46715,-94.30491
72717,35.83509,-94.40842
72718,36.26843,-94.21950
72719,36.36716,-94.29509
72721,35.79843,-93.82572
72722,36.34375,-94.46991
72727,35.92375,-93.92768
72729,35.77156,-94.45620
72730,36.03048,-94.26868
72732,36.43245,-93.95944
72734,36.27025,-94.45106
72736,36.41379,-94.46501
72738,36.15577,-93.88685
72739,36.42675,-94.32880
72740,36.10465,-93.65539
72742,35.96380,-93.50124
72744,35.96260,-94.43556
72745,36.24652,-94.10261
72747,36.36872,-94.58286
72749,35.86842,-94.43760
72751,36.46062,-94.11783
72752,35.81759,-93.59034
72753,35.93389,-94.33107
72756,36.32298,-93.97593
72758,36.29966,-94.13721
72760,35.84052,-93.70226
72761,36.16526,-94.45606
72762,36.18165,-94.23068
72764,36.17568,-94.06022
72768,36.47832,-94.49859
72769,36.03580,-94.50010
72773,36.02225,-93.83597
72774,35.94831,-94.14722
72776,35.92149,-93.64964
72801,35.27912,-93.14086
72802,35.31894,-93.08159
72821,35.43494,-93.71737
72823,35.25122,-92.90557
72824,35.13300,-93.41211
72826,35.11944,-93.70889
72827,34.87171,-93.62565
72828,34.93072,-93.53500
72830,35.50917,-93.51562
72832,35.41474,-93.67052
72833,35.02170,-93.47259
72834,35.16882,-93.18382
72835,35.27781,-93.34630
72837,35.50367,-93.10942
72838,34.91075,-93.67905
72839,35.62971,-93.24429
72840,35.45809,-93.61543
72841,34.83733,-93.80057
72842,35.08236,-93.61749
72843,35.59993,-92.93752
72845,35.36165,-93.37788
72846,35.48390,-93.32680
72847,35.37753,-93.27345
72851,35.25543,-93.43811
72852,35.66877,-93.55376
72853,35.01686,-93.20238
72854,35.71817,-93.42319
72855,35.25897,-93.68386
72856,35.79027,-93.08952
72857,34.86219,-93.32409
72858,35.24024,-93.04440
72860,34.96577,-93.44586
72863,35.36940,-93.51125
72865,35.31152,-93.57573
72901,35.36619,-94.41646
72903,35.35098,-94.36125
72904,35.41334,-94.38235
72908,35.30900,-94.40740
72916,35.26072,-94.39018
72921,35.47710,-94.19621
72923,35.31647,-94.30793
72926,34.73449,-94.03131
72927,35.08008,-93.93978
72928,35.29134,-93.93065
72930,35.42928,-93.95926
72932,35.60417,-94.37726
72933,35.32864,-94.01302
72934,35.68680,-94.28433
72935,35.49134,-94.12644
72936,35.18972,-94.21847
72937,35.13473,-94.39146
72938,35.00413,-94.37783
72940,35.12207,-94.25929
72941,35.36791,-94.15631
72943,35.18014,-93.78695
72944,35.02407,-94.23458
72945,35.08741,-94.34732
72946,35.66954,-94.13499
72947,35.57205,-94.02837
72948,35.70266,-94.39293
72949,35.58430,-93.80515
72950,34.77604,-93.88801
72951,35.32663,-93.87490
72952,35.56878,-94.30041
72955,35.61463,-94.43768
72956,35.46535,-94.35055
72958,34.90382,-94.13704
72959,35.78676,-94.06478
73002,34.93923,-97.72832
73003,35.66891,-97.49738
73004,35.15230,-97.84412
73005,35.05131,-98.24014
73006,34.90622,-98.40022
73007,35.68536,-97.32746
73008,35.51389,-97.64799
73009,35.28634,-98.37283
73010,35.11132,-97.67921
73011,34.84784,-97.74658
73012,35.66034,-97.58951
73013,35.61742,-97.48251
73014,35.58753,-98.14519
73015,35.08363,-98.59444
73016,35.80209,-97.68745
73017,34.92544,-98.09544
73018,35.05145,-97.94050
73019,35.20606,-97.44358
73020,35.45881,-97.26280
73021,35.34511,-98.66374
73024,35.35854,-98.79783
73025,35.73431,-97.57595
73026,35.24046,-97.27573
73027,35.97818,-97.25198
73028,35.97796,-97.63150
73029,34.90540,-98.20627
73030,34.46614,-97.16454
73032,34.39837,-97.04775
73033,35.31438,-98.54663
73034,35.70333,-97.43359
73036,35.50939,-97.95977
73038,35.12452,-98.45133
73040,35.64556,-98.37523
73041,35.04229,-98.87611
73042,35.22285,-98.24700
73043,35.73424,-98.40366
73044,35.85956,-97.42253
73045,35.51427,-97.15040
73047,35.45680,-98.31515
73048,35.49658,-98.54627
73049,35.58721,-97.31395
73050,35.93870,-97.26381
73051,35.03183,-97.24644
73052,34.83333,-97.59618
73053,35.35591,-98.41214
73054,35.67155,-97.19031
73055,34.64382,-97.91072
73056,36.17694,-97.62621
73057,34.83103,-97.42864
73058,35.81557,-97.22010
73059,35.31171,-98.04639
73061,36.35513,-97.00556
73062,35.03932,-98.75270
73063,36.05271,-97.42501
73064,35.36876,-97.74656
73065,35.25243,-97.61148
73066,35.50017,-97.32738
73067,34.91108,-97.90710
73068,35.13865,-97.29164
73069,35.25252,-97.46440
73071,35.23832,-97.41195
73072,35.21157,-97.50102
73073,36.15176,-97.41561
73074,34.83343,-97.27418
73075,34.74885,-97.23241
73077,36.30613,-97.26638
73078,35.67484,-97.75351
73079,35.21093,-98.01200
73080,34.99490,-97.47987
73082,34.77620,-97.90211
73084,35.52585,-97.34436
73086,34.47301,-96.97084
73089,35.26862,-97.79286
73090,35.39890,-97.94841
73092,35.12389,-98.10002
73093,35.10980,-97.48670
73095,34.89856,-97.29614
73096,35.51405,-98.74099
73097,35.40049,-97.64479
73098,34.62831,-97.16176
73099,35.52737,-97.78251
73102,35.47075,-97.51900
73103,35.48907,-97.51891
73104,35.47523,-97.50392
73105,35.52003,-97.50125
73106,35.48197,-97.53681
73107,35.48160,-97.57560
73108,35.45002,-97.56769
73109,35.43306,-97.52455
73110,35.46120,-97.39765
73111,35.51950,-97.47742
73112,35.51817,-97.57542
73114,35.57813,-97.51763
73115,35.44234,-97.44153
73116,35.54670,-97.56459
73117,35.47486,-97.46250
73118,35.51797,-97.52872
73119,35.42201,-97.56613
73120,35.58132,-97.57367
73121,35.52052,-97.43953
73122,35.52048,-97.61344
73127,35.47742,-97.65319
73128,35.45846,-97.66227
73129,35.43148,-97.48428
73130,35.45865,-97.34559
73131,35.57646,-97.46929
73132,35.55340,-97.63332
73134,35.61422,-97.56831
73135,35.40027,-97.43308
73139,35.38638,-97.52569
73141,35.51996,-97.39447
73142,35.61643,-97.64544
73145,35.41909,-97.39404
73149,35.38940,-97.48932
73150,35.40124,-97.32988
73151,35.57169,-97.41654
73159,35.38786,-97.57883
73160,35.33244,-97.47522
73162,35.58201,-97.64093
73165,35.35876,-97.37304
73169,35.38277,-97.64260
73170,35.32529,-97.55220
73173,35.34081,-97.62749
73179,35.42839,-97.64084
73401,34.20329,-97.11552
73425,34.45511,-97.55844
73430,33.89832,-97.36138
73432,34.25124,-96.41390
73433,34.62817,-97.40672
73434,34.61843,-97.57894
73437,34.36794,-97.41238
73438,34.28156,-97.50321
73439,33.93790,-96.74411
73440,33.96172,-96.88938
73441,33.90446,-97.43058
73442,34.32701,-97.66459
73443,34.16196,-97.29773
73444,34.47509,-97.36137
73446,34.08985,-96.77773
73447,34.24725,-96.85345
73448,33.94831,-97.10614
73449,34.00869,-96.54412
73450,34.26343,-96.53323
73453,34.04098,-97.23226
73455,34.22998,-96.76035
73456,34.13013,-97.63935
73458,34.35210,-97.25632
73459,33.78103,-97.13046
73460,34.27581,-96.65126
73461,34.36238,-96.44593
73463,34.10764,-97.43533
73481,34.43928,-97.52202
73487,34.48434,-97.44895
73491,34.47339,-97.63793
73501,34.55794,-98.29097
73503,34.68297,-98.49182
73505,34.57263,-98.47910
73507,34.79572,-98.62909
73520,34.26301,-97.98987
73521,34.64131,-99.31594
73526,34.79164,-99.27597
73527,34.57823,-98.62229
73528,34.39838,-98.63342
73529,34.35066,-97.94473
73530,34.25518,-99.02234
73531,34.19464,-98.53692
73532,34.64321,-99.58588
73533,34.50496,-97.86667
73537,34.48669,-99.66424
73538,34.67399,-98.23771
73539,34.45725,-99.28074
73540,34.46709,-98.56089
73541,34.78873,-98.18072
73542,34.40179,-98.94820
73543,34.46948,-98.37303
73544,34.68254,-99.74568
73546,34.22294,-98.72348
73547,34.99306,-99.41409
73548,34.27905,-98.09985
73549,34.64481,-99.15283
73550,34.68961,-99.90032
73551,34.35405,-98.88895
73552,34.64244,-98.76195
73553,34.32664,-98.72208
73554,34.89324,-99.61686
73555,34.50151,-98.96592
73556,34.73008,-99.38405
73557,34.73199,-98.48897
73559,34.73139,-98.96370
73560,34.53936,-99.44678
73562,34.18101,-98.40924
73564,34.84845,-98.99966
73565,34.01991,-97.89397
73566,34.61597,-98.93111
73567,34.74592,-98.14411
73568,34.25209,-98.21304
73569,33.93613,-97.78201
73570,34.51463,-99.11477
73571,34.93129,-99.90032
73572,34.35742,-98.34130
73573,34.16564,-97.93864
73601,35.48958,-98.96348
73620,35.62233,-99.02513
73622,35.38616,-98.99665
73624,35.34164,-99.17785
73625,35.67671,-99.19050
73626,35.42146,-99.27894
73627,35.19701,-99.45270
73628,35.63046,-99.69984
73632,35.26956,-98.93204
73638,35.84037,-99.78471
73639,35.73909,-98.96062
73641,35.27121,-99.17371
73642,35.82273,-99.90994
73644,35.41959,-99.43779
73645,35.19748,-99.89640
73646,35.82957,-98.60961
73647,35.43551,-99.15128
73650,35.64594,-99.40295
73651,35.01450,-99.07550
73654,35.87097,-99.36745
73655,34.98235,-99.26368
73658,35.94921,-98.74197
73659,35.86282,-98.91727
73660,35.61765,-99.91733
73661,35.16720,-99.00935
73662,35.29836,-99.68432
73663,36.10294,-98.89497
73664,35.18600,-99.24742
73666,35.47298,-99.92016
73667,36.00590,-99.03990
73669,35.73071,-98.74483
73673,35.05441,-99.56752
73701,36.42674,-97.79199
73703,36.42705,-97.96933
73705,36.33824,-97.90263
73716,36.49945,-98.52484
73717,36.84838,-98.76439
73718,36.22479,-98.16680
73719,36.95678,-98.28844
73720,36.20113,-97.87275
73722,36.84808,-98.21556
73724,36.05215,-98.66372
73726,36.58778,-98.49711
73727,36.49952,-98.04175
73728,36.74745,-98.37259
73729,36.42243,-98.47661
73730,36.32079,-97.53928
73731,36.64499,-98.60344
73733,36.25466,-97.68794
73734,35.97839,-97.86302
73735,36.28036,-98.06287
73736,36.34024,-97.68173
73737,36.29943,-98.64049
73738,36.45101,-97.55200
73739,36.51433,-98.14375
73741,36.55745,-98.25673
73742,36.09506,-97.93465
73743,36.57727,-98.01277
73744,35.94788,-98.30619
73746,36.68512,-98.65771
73747,36.22789,-98.33184
73749,36.71682,-98.15493
73750,35.85269,-97.95221
73753,36.55525,-97.86374
73754,36.39819,-98.09615
73755,36.13825,-98.56478
73756,35.97950,-98.13006
73757,36.28689,-97.45819
73758,36.95025,-98.08105
73759,36.86010,-97.72042
73760,36.37100,-98.16906
73761,36.68291,-98.04345
73762,35.71319,-97.96444
73763,36.09370,-98.32580
73764,35.85473,-98.20170
73766,36.65559,-97.82573
73768,36.35475,-98.29256
73771,36.87580,-97.97313
73772,35.86325,-98.43030
73773,36.26573,-97.92048
73801,36.48543,-99.41275
73832,36.04939,-99.68905
73834,36.84652,-99.54030
73835,35.96855,-99.21859
73838,36.23787,-98.89549
73840,36.35616,-99.61485
73841,36.55888,-99.62413
73842,36.81834,-99.19857
73843,36.39853,-99.81429
73844,36.87096,-100.14221
73848,36.66089,-100.01246
73851,36.59140,-99.80656
73852,36.47926,-99.12010
73853,36.24156,-99.14736
73855,36.91788,-99.86774
73857,36.27081,-99.33273
73858,36.17917,-99.92153
73859,36.12650,-99.29966
73860,36.54253,-98.84286
73901,36.74005,-101.01722
73931,36.60870,-100.79798
73932,36.70692,-100.49247
73933,36.74086,-102.57974
73937,36.55490,-102.79591
73938,36.93237,-100.57876
73939,36.77678,-101.78990
73942,36.73849,-101.50640
73944,36.59463,-101.10705
73945,36.82690,-101.23292
73946,36.93548,-102.80408
73947,36.82767,-102.14910
73949,36.58114,-101.91546
73950,36.85479,-100.89497
73951,36.94287,-101.05392
74001,36.49335,-96.08286
74002,36.55722,-96.14301
74003,36.72827,-96.06757
74006,36.71252,-95.89505
74008,35.92450,-95.87771
74010,35.81461,-96.36408
74011,35.98181,-95.80919
74012,36.05142,-95.80573
74014,36.05462,-95.67976
74015,36.18047,-95.70278
74016,36.54516,-95.45126
74017,36.39093,-95.58769
74019,36.28477,-95.60319
74020,36.24619,-96.42075
74021,36.38382,-95.84202
74022,36.94430,-95.98774
74023,35.95894,-96.75138
74026,35.71174,-96.76198
74027,36.78860,-95.58601
74028,35.78626,-96.52001
74029,36.82288,-95.88991
74030,35.98610,-96.55877
74032,36.20693,-96.89878
74033,35.94590,-96.00752
74034,36.22642,-96.57898
74035,36.42138,-96.38823
74036,36.15819,-95.50660
74037,35.99855,-95.97989
74038,36.15689,-96.55921
74039,35.90172,-96.23656
74041,35.94176,-96.05617
74042,36.85861,-95.57794
74044,36.09673,-96.38261
74045,36.22113,-96.70816
74046,35.75095,-96.55917
74047,35.85328,-96.01085
74048,36.69537,-95.65880
74050,36.07282,-96.06458
74051,36.61401,-95.95577
74052,36.08482,-96.57997
74053,36.43048,-95.73194
74054,36.28199,-96.35313
74055,36.27673,-95.81892
74056,36.79531,-96.33086
74058,36.36263,-96.75859
74059,35.97173,-97.06759
74060,36.27197,-96.24621
74061,36.53312,-95.89263
74062,36.03772,-96.90095
74063,36.15077,-96.19959
74066,35.99428,-96.15081
74068,35.90726,-96.57789
74070,36.40079,-96.08799
74071,35.77785,-96.27756
74072,36.95152,-95.53441
74073,36.29301,-96.02606
74074,36.07895,-97.07401
74075,36.16911,-97.08337
74078,36.12409,-97.07047
74079,35.74637,-96.65530
74080,36.54211,-95.74901
74081,36.18052,-96.45151
74082,36.45044,-95.88148
74083,36.87921,-95.75338
74084,36.52885,-96.36151
74085,36.11079,-96.72261
74103,36.15560,-95.99456
74104,36.14647,-95.95400
74105,36.09744,-95.96109
74106,36.19194,-95.98515
74107,36.11488,-96.03237
74108,36.14019,-95.78954
74110,36.18828,-95.95308
74112,36.14704,-95.90233
74114,36.12694,-95.94670
74115,36.19931,-95.90889
74116,36.18876,-95.84257
74117,36.24604,-95.90162
74119,36.14208,-95.98918
74120,36.15073,-95.97737
74126,36.24194,-96.02584
74127,36.17313,-96.04642
74128,36.14668,-95.85242
74129,36.12585,-95.87158
74130,36.24145,-95.95656
74131,36.05359,-96.06513
74132,36.04878,-96.01673
74133,36.03928,-95.87746
74134,36.10981,-95.79719
74135,36.09730,-95.92332
74136,36.06240,-95.94146
74137,36.02243,-95.93057
74145,36.09714,-95.89048
74146,36.09921,-95.85554
74301,36.67773,-95.22473
74330,36.43711,-95.27237
74331,36.63942,-94.94041
74332,36.51697,-95.22863
74333,36.79391,-95.08214
74337,36.14074,-95.33694
74338,36.25712,-94.73177
74339,36.93395,-94.87971
74340,36.47523,-95.02310
74342,36.42930,-94.93385
74343,36.73625,-94.82092
74344,36.59548,-94.74066
74346,36.43943,-94.75414
74347,36.21052,-94.81221
74349,36.51763,-95.03736
74350,36.46437,-95.05211
74352,36.14191,-95.18040
74354,36.88614,-94.88251
74358,36.91786,-94.88066
74359,36.17357,-94.79220
74360,36.96352,-94.83606
74361,36.30277,-95.30684
74363,36.95248,-94.71491
74364,36.19632,-94.94852
74365,36.29371,-95.07134
74366,36.39040,-95.04616
74367,36.41609,-95.11289
74368,36.20755,-94.84854
74369,36.92462,-95.20200
74370,36.74978,-94.68036
74401,35.72308,-95.46766
74403,35.67052,-95.30694
74421,35.76271,-96.04202
74422,35.62258,-95.70455
74423,35.67277,-95.19173
74425,35.17089,-95.64148
74426,35.45170,-95.53031
74427,35.67708,-94.88690
74428,35.56937,-95.63777
74429,35.95545,-95.62760
74430,35.12689,-95.66122
74431,35.47090,-95.94171
74432,35.28442,-95.65932
74434,35.80955,-95.21087
74435,35.57662,-95.09384
74436,35.79741,-95.69698
74437,35.44785,-95.93579
74438,35.54451,-95.75879
74441,35.97685,-95.14501
74442,35.13161,-95.83342
74445,35.63147,-95.82860
74446,35.84901,-95.31572
74447,35.64022,-96.00177
74450,35.59988,-95.47818
74451,35.73526,-94.96414
74452,36.12018,-95.06808
74454,35.85413,-95.51613
74455,35.36122,-95.26146
74456,35.71124,-95.99699
74457,36.00597,-94.84144
74458,35.88359,-95.59175
74459,35.53446,-95.49219
74460,35.50785,-95.95652
74462,35.29092,-95.16424
74463,35.75953,-95.55028
74464,35.92797,-94.98245
74467,35.96749,-95.39292
74468,35.61217,-95.56809
74469,35.49511,-95.30833
74470,35.47672,-95.16688
74471,35.83420,-94.87188
74472,35.24989,-95.26841
74477,36.00388,-95.26659
74501,34.98420,-95.78672
74521,34.65451,-95.08817
74522,34.90359,-95.69296
74523,34.22705,-95.61094
74525,34.33604,-96.06810
74528,34.72012,-95.72396
74530,34.43637,-96.49465
74531,34.88542,-96.25193
74533,34.20801,-96.19701
74534,34.61523,-96.36774
74535,34.48412,-96.44488
74536,34.58281,-95.42299
74538,34.58214,-96.25896
74540,34.57104,-95.70813
74543,34.37055,-95.43763
74546,34.85871,-95.57963
74547,34.81008,-95.61382
74549,34.56247,-94.89418
74552,35.12072,-95.24272
74553,34.71336,-95.92533
74554,34.92119,-95.71071
74555,34.24916,-95.96454
74556,34.46426,-96.17964
74557,34.38728,-95.69821
74558,34.50478,-95.16593
74560,34.64875,-95.76013
74561,35.13029,-95.41520
74562,34.29600,-95.28552
74563,34.96995,-95.07263
74565,34.80219,-95.84524
74567,34.42630,-95.39280
74569,34.47729,-95.92458
74570,34.86280,-96.10097
74571,34.71727,-94.97874
74572,34.64440,-96.42845
74574,34.68905,-95.29038
74576,34.65676,-96.03704
74577,34.67484,-94.80802
74578,34.90615,-95.34166
74601,36.70216,-97.14886
74604,36.70193,-96.98236
74630,36.51211,-97.43351
74631,36.79299,-97.30520
74632,36.93886,-97.33820
74633,36.71021,-96.77663
74636,36.81780,-97.52227
74637,36.56763,-96.66162
74640,36.55164,-97.65136
74641,36.80766,-96.89043
74643,36.65504,-97.57512
74644,36.55286,-97.09827
74646,36.83244,-97.44161
74647,36.91810,-96.99456
74650,36.48761,-96.75031
74651,36.46842,-97.17326
74652,36.85914,-96.64405
74653,36.64934,-97.35051
74701,34.00682,-96.37892
74720,33.83146,-96.37167
74722,34.37958,-94.89828
74723,33.99294,-96.01716
74724,34.34628,-94.86133
74726,33.94124,-96.17434
74727,34.01874,-95.85876
74728,34.15031,-94.80281
74729,34.14681,-96.25407
74730,33.91229,-96.43110
74731,33.87434,-96.56120
74733,33.82235,-96.48188
74734,34.10225,-94.54251
74735,34.09692,-95.24745
74736,33.93217,-94.99682
74738,33.89569,-95.44339
74740,33.76739,-94.59715
74741,33.79248,-96.32833
74743,34.00843,-95.49447
74745,33.85910,-94.81635
74747,33.77661,-96.35733
74748,34.15098,-96.39892
74750,33.96519,-95.02064
74753,33.90792,-96.53657
74754,34.19794,-95.13437
74755,34.13468,-95.11477
74756,34.08451,-95.37401
74759,34.05630,-95.71957
74760,34.16315,-95.35577
74761,34.00509,-95.20087
74764,34.04695,-95.09556
74766,34.14388,-94.98017
74801,35.31513,-96.96967
74804,35.39146,-96.92147
74820,34.78867,-96.71518
74824,35.88851,-96.87129
74825,34.81784,-96.40997
74826,35.02103,-96.88714
74827,34.93975,-96.34338
74829,35.51701,-96.47233
74830,35.14388,-96.66497
74831,34.90812,-97.05995
74832,35.82877,-97.00678
74833,35.57080,-96.41219
74834,35.70135,-96.88460
74836,34.46670,-96.70553
74837,35.36299,-96.44934
74839,35.24138,-96.03245
74840,35.25292,-96.79875
74842,34.62559,-96.61371
74843,34.65702,-96.72862
74844,34.86789,-96.56845
74845,35.24932,-95.88835
74848,35.07888,-96.36157
74849,34.97839,-96.73552
74850,35.10969,-96.10715
74851,35.42624,-97.08195
74852,35.12394,-97.00887
74854,35.10854,-96.74910
74855,35.51904,-96.89855
74856,34.42175,-96.80748
74857,35.33680,-97.19679
74859,35.45648,-96.32162
74860,35.53190,-96.56982
74864,35.49559,-96.71004
74865,34.60213,-96.80361
74867,34.97030,-96.56348
74868,35.27853,-96.64461
74869,35.60118,-96.76004
74871,34.60511,-96.54406
74872,34.77170,-96.98802
74873,35.22078,-96.96964
74875,35.87705,-96.96959
74878,35.00477,-97.06983
74880,35.37744,-96.11978
74881,35.71436,-97.07962
74883,35.21968,-96.22556
74884,35.19056,-96.51547
74901,35.36707,-94.44179
74902,35.24285,-94.49034
74930,35.18348,-94.77632
74931,35.69885,-94.74024
74932,35.14560,-94.53538
74935,34.94976,-94.89639
74936,35.37687,-94.72446
74937,34.81752,-94.58745
74939,34.72980,-94.63247
74940,34.95364,-94.62243
74941,35.28775,-94.88391
74942,34.90055,-94.97894
74943,35.07201,-95.07997
74944,35.13937,-94.98992
74945,35.59948,-94.80942
74946,35.39245,-94.45471
74948,35.46800,-94.56893
74949,34.66097,-94.75214
74951,35.17006,-94.65755
74953,35.04344,-94.61042
74954,35.42502,-94.50257
74955,35.49642,-94.74810
74956,35.10971,-94.76909
74957,34.52379,-94.65514
74959,35.27091,-94.62331
74960,35.81043,-94.65055
74962,35.54402,-94.94081
74963,34.40024,-94.57975
74964,36.11195,-94.65880
74965,35.99654,-94.63109
74966,34.91764,-94.86514
75001,32.96005,-96.83852
75002,33.08985,-96.60860
75006,32.96214,-96.89858
75007,33.00526,-96.89674
75009,33.33890,-96.75298
75010,33.04996,-96.87301
75013,33.11433,-96.69396
75019,32.96342,-96.98466
75020,33.77078,-96.60406
75021,33.72711,-96.47077
75022,33.03489,-97.12491
75023,33.05679,-96.73086
75024,33.07542,-96.80269
75025,33.09009,-96.74001
75028,33.03271,-97.06007
75032,32.85711,-96.43121
75034,33.14943,-96.86097
75035,33.15739,-96.77867
75038,32.87478,-96.99686
75039,32.88561,-96.94265
75040,32.92890,-96.61978
75041,32.88020,-96.65156
75042,32.91170,-96.67484
75043,32.85745,-96.57580
75044,32.96461,-96.64969
75048,32.96901,-96.57952
75050,32.77307,-97.00523
75051,32.72944,-96.99647
75052,32.66468,-97.02948
75054,32.59121,-97.03943
75056,33.07018,-96.91776
75057,33.05072,-96.97462
75058,33.45077,-96.74224
75060,32.79648,-96.95481
75061,32.82591,-96.96692
75062,32.84737,-96.95787
75063,32.92003,-96.98416
75065,33.11034,-97.00545
75067,33.01375,-97.00017
75068,33.17265,-96.95170
75069,33.17824,-96.59022
75070,33.17170,-96.69509
75071,33.24582,-96.63072
75074,33.03156,-96.67316
75075,33.02127,-96.74156
75076,33.80069,-96.72601
75077,33.08118,-97.06092
75078,33.24133,-96.81239
75080,32.97606,-96.74208
75081,32.94892,-96.70972
75082,32.99157,-96.66295
75087,32.94218,-96.45252
75088,32.89782,-96.55035
75089,32.93659,-96.55157
75090,33.60413,-96.55040
75092,33.65207,-96.70026
75093,33.03422,-96.81161
75094,33.02179,-96.61548
75098,33.01214,-96.53494
75101,32.27003,-96.70249
75102,32.05794,-96.63255
75103,32.51693,-95.88355
75104,32.58481,-96.97231
75105,32.26301,-96.38766
75109,32.04278,-96.34375
75110,32.08461,-96.52777
75114,32.61057,-96.44426
75115,32.59943,-96.86407
75116,32.66066,-96.91188
75117,32.71501,-95.85446
75119,32.32695,-96.58954
75124,32.32603,-95.97406
75125,32.53675,-96.62171
75126,32.74260,-96.45288
75127,32.69029,-95.78993
75132,32.94575,-96.37388
75134,32.61766,-96.77806
75135,33.06634,-96.22144
75137,32.64321,-96.91647
75140,32.63548,-95.68640
75141,32.63733,-96.69761
75142,32.56816,-96.25021
75143,32.36458,-96.24499
75144,32.10839,-96.20795
75146,32.56631,-96.74864
75147,32.43668,-96.07956
75148,32.12465,-96.02579
75149,32.77337,-96.61881
75150,32.81740,-96.63042
75152,32.43987,-96.67805
75153,32.15826,-96.32963
75154,32.52426,-96.80907
75155,32.22911,-96.47551
75156,32.27792,-96.10529
75157,32.46418,-96.43933
75158,32.46259,-96.40234
75159,32.60373,-96.54428
75160,32.75841,-96.30132
75161,32.73880,-96.16386
75163,32.16678,-96.11853
75164,33.06597,-96.30874
75165,32.37335,-96.78709
75166,33.01274,-96.45377
75167,32.36083,-96.91552
75169,32.70327,-95.99467
75172,32.60518,-96.67432
75173,33.06174,-96.39583
75180,32.71661,-96.62009
75181,32.72389,-96.55595
75182,32.80053,-96.54758
75189,32.94205,-96.31167
75201,32.78776,-96.79943
75202,32.77926,-96.80477
75203,32.74682,-96.80268
75204,32.80213,-96.78885
75205,32.83589,-96.79551
75206,32.83128,-96.77119
75207,32.78680,-96.81997
75208,32.75314,-96.83961
75209,32.84831,-96.82547
75210,32.77063,-96.74636
75211,32.73683,-96.90751
75212,32.78125,-96.87883
75214,32.82849,-96.74597
75215,32.75060,-96.75685
75216,32.71132,-96.78122
75217,32.71031,-96.67855
75218,32.84199,-96.70257
75219,32.81182,-96.81290
75220,32.86853,-96.87612
75223,32.79224,-96.74400
75224,32.71140,-96.83859
75225,32.86489,-96.79036
75226,32.78283,-96.77644
75227,32.76681,-96.68690
75228,32.82492,-96.67944
75229,32.89330,-96.86434
75230,32.90268,-96.79339
75231,32.87349,-96.74756
75232,32.66086,-96.84095
75233,32.70391,-96.87189
75234,32.92319,-96.89172
75235,32.83261,-96.84908
75236,32.67643,-96.93681
75237,32.66562,-96.87306
75238,32.87850,-96.70782
75240,32.93034,-96.78750
75241,32.66545,-96.75946
75243,32.91263,-96.73664
75244,32.92537,-96.83633
75246,32.79250,-96.77276
75247,32.81374,-96.88367
75248,32.96970,-96.79733
75249,32.63605,-96.96457
75251,32.91903,-96.77218
75252,32.99737,-96.78821
75253,32.67443,-96.60923
75254,32.94412,-96.80009
75270,32.78120,-96.80223
75287,32.99931,-96.84169
75390,32.81416,-96.84065
75401,33.18900,-96.10883
75402,33.06787,-96.08797
75407,33.15579,-96.48041
75409,33.35550,-96.51631
75410,32.79020,-95.63198
75411,33.85796,-95.64937
75412,33.80187,-95.15197
75413,33.44144,-96.17916
75414,33.62364,-96.42787
75415,33.46221,-95.75747
75416,33.68261,-95.34085
75417,33.43966,-95.14037
75418,33.57192,-96.17096
75420,33.05280,-95.72123
75421,33.66136,-95.73125
75422,33.14152,-95.93424
75423,33.28469,-96.20022
75424,33.32171,-96.37851
75426,33.66306,-94.99726
75428,33.27470,-95.91756
75431,33.01419,-95.46094
75432,33.39760,-95.68177
75433,33.09810,-95.80323
75435,33.48265,-95.32009
75436,33.71287,-95.24073
75437,33.26123,-95.47242
75438,33.61557,-96.07216
75439,33.55352,-96.28290
75440,32.88115,-95.74776
75441,33.42766,-95.64291
75442,33.17422,-96.35600
75446,33.61509,-95.90009
75447,33.77675,-96.10937
75448,33.31627,-95.78897
75449,33.42087,-95.94571
75450,33.40225,-95.48320
75451,32.96577,-95.12706
75452,33.40223,-96.23857
75453,32.99766,-95.93268
75454,33.28561,-96.56600
75455,33.21681,-94.97514
75457,33.16860,-95.21515
75459,33.53262,-96.67149
75460,33.65550,-95.60519
75462,33.62434,-95.49174
75468,33.50738,-95.40360
75469,33.42141,-95.81060
75470,33.57787,-95.81012
75471,33.05681,-95.37352
75472,32.88442,-95.86960
75473,33.81558,-95.48801
75474,32.92401,-96.10943
75475,33.47489,-96.23825
75476,33.70831,-96.24065
75477,33.52991,-95.73807
75478,33.17653,-95.35860
75479,33.61823,-96.33307
75480,33.02459,-95.19713
75481,33.32003,-95.37350
75482,33.16797,-95.60822
75486,33.74524,-95.74433
75487,33.33485,-95.16150
75488,33.77877,-95.99678
75489,33.51925,-96.48432
75490,33.43803,-96.30828
75491,33.48632,-96.39593
75492,33.58437,-95.99354
75493,33.14601,-95.10795
75494,32.91719,-95.25986
75495,33.43919,-96.54684
75496,33.34964,-96.05791
75497,32.92473,-95.56815
75501,33.37183,-94.13981
75503,33.51184,-94.14225
75550,33.49822,-94.89084
75551,33.11933,-94.22049
75554,33.55351,-94.78026
75555,32.93917,-94.14232
75556,33.15479,-94.06241
75558,33.24196,-94.85785
75559,33.50369,-94.62736
75560,33.18503,-94.36393
75561,33.51676,-94.28156
75562,32.92540,-94.24845
75563,33.00270,-94.38345
75565,32.93899,-94.07459
75566,33.14817,-94.49175
75567,33.31099,-94.31171
75568,33.19321,-94.58728
75569,33.44182,-94.12859
75570,33.45936,-94.43904
75571,33.20702,-94.77363
75572,33.22589,-94.12770
75573,33.34814,-94.22904
75574,33.32500,-94.55066
75601,32.50859,-94.72384
75602,32.44960,-94.66605
75603,32.40305,-94.71118
75604,32.50916,-94.82425
75605,32.58224,-94.72553
75630,32.86756,-94.54949
75631,32.24932,-94.45322
75633,32.13850,-94.27416
75638,33.02047,-94.72970
75639,32.29382,-94.16968
75640,32.70842,-94.68318
75641,32.37841,-94.57578
75642,32.37154,-94.17660
75643,32.01937,-94.36191
75644,32.79121,-94.99985
75645,32.68869,-94.87184
75647,32.51463,-94.95329
75650,32.51328,-94.54885
75651,32.66441,-94.53819
75652,32.23941,-94.72833
75654,32.07777,-94.83013
75656,33.01130,-94.57216
75657,32.79497,-94.31031
75661,32.63132,-94.17126
75662,32.38446,-94.87017
75667,31.98817,-94.84427
75668,32.90707,-94.67864
75669,32.03880,-94.57588
75670,32.56986,-94.41866
75672,32.46830,-94.29908
75681,31.92545,-94.70403
75682,32.25034,-94.93654
75683,32.82682,-94.73722
75684,32.27702,-94.93716
75686,32.96513,-94.95192
75691,32.31192,-94.55175
75692,32.47084,-94.11804
75693,32.53378,-94.86066
75701,32.32194,-95.30222
75702,32.36243,-95.31526
75703,32.23511,-95.32076
75704,32.41320,-95.44426
75705,32.36384,-95.08629
75706,32.46955,-95.30788
75707,32.30171,-95.17798
75708,32.41841,-95.21307
75709,32.30431,-95.39094
75750,32.26754,-95.07771
75751,32.09435,-95.90605
75752,32.25194,-95.79986
75754,32.42667,-95.66788
75755,32.64169,-95.07562
75756,32.30203,-95.60089
75757,32.11036,-95.34810
75758,32.27144,-95.52144
75759,32.03594,-95.41880
75760,31.79625,-94.85434
75762,32.21834,-95.41344
75763,32.04275,-95.52339
75764,31.89543,-95.14372
75765,32.64204,-95.23486
75766,31.94468,-95.25678
75770,32.15856,-95.64371
75771,32.53790,-95.43572
75773,32.68145,-95.44770
75778,32.30093,-95.70984
75779,31.86323,-95.48461
75780,31.99102,-95.09185
75783,32.81646,-95.42477
75784,31.87214,-94.97415
75785,31.77543,-95.19655
75788,31.82594,-94.92587
75789,32.10951,-95.09419
75790,32.53517,-95.64398
75791,32.22168,-95.22068
75792,32.47610,-95.10067
75801,31.73446,-95.53120
75803,31.88178,-95.67949
75831,31.47367,-96.00937
75832,31.93202,-95.98074
75833,31.26863,-95.84391
75835,31.28489,-95.49062
75838,31.47890,-96.22976
75839,31.60669,-95.58334
75840,31.78256,-96.09362
75844,31.51380,-95.43762
75845,31.08758,-95.07696
75846,31.32885,-96.15237
75847,31.35621,-95.15290
75848,31.76524,-96.32993
75849,31.41741,-95.48165
75850,31.13568,-95.93505
75851,31.09237,-95.49994
75852,30.95952,-95.71551
75853,31.94687,-95.81447
75855,31.55733,-95.86364
75856,31.18890,-95.25574
75858,31.39077,-95.12665
75859,31.89308,-96.23690
75860,31.61135,-96.23805
75861,31.85158,-95.88846
75862,30.96473,-95.32590
75901,31.30167,-94.64141
75904,31.34032,-94.82606
75925,31.61485,-95.06249
75926,31.24808,-94.96910
75928,30.67140,-93.71134
75929,31.24516,-94.17551
75930,31.32753,-94.03114
75931,31.11366,-94.02138
75932,31.05615,-93.61566
75933,30.55381,-93.81270
75934,30.89506,-94.75912
75935,31.73251,-94.19129
75936,30.95208,-94.57962
75937,31.46533,-94.36732
75938,30.94052,-94.35364
75939,31.01378,-94.79742
75941,31.18707,-94.75880
75942,30.81517,-94.43059
75943,31.65842,-94.89418
75944,31.35410,-94.38768
75946,31.81933,-94.52065
75948,31.30759,-93.78410
75949,31.22984,-94.50918
75951,30.93443,-94.05958
75954,31.90434,-94.04809
75956,30.67637,-93.98312
75959,31.51231,-93.86173
75960,30.91286,-94.86567
75961,31.55836,-94.50477
75962,31.61987,-94.64708
75964,31.63174,-94.74072
75965,31.72332,-94.62859
75966,30.82797,-93.71445
75968,31.25216,-93.95402
75969,31.44571,-94.88759
75972,31.48360,-94.13150
75973,31.71132,-93.94285
75974,31.95836,-94.23984
75975,31.89714,-94.41379
75976,31.52755,-94.92527
75977,31.06519,-93.78667
75978,31.50906,-94.52726
75979,30.74856,-94.38912
75980,31.13838,-94.37521
76001,32.63199,-97.15053
76002,32.62190,-97.09351
76006,32.78493,-97.09991
76008,32.69563,-97.63006
76009,32.41494,-97.20008
76010,32.72283,-97.08032
76011,32.75203,-97.08262
76012,32.75513,-97.13924
76013,32.71933,-97.15503
76014,32.69210,-97.08652
76015,32.69220,-97.13379
76016,32.68922,-97.18913
76017,32.66251,-97.16402
76018,32.66298,-97.09529
76020,32.90020,-97.56118
76021,32.85297,-97.13044
76022,32.83066,-97.14516
76023,33.04195,-97.59707
76028,32.53268,-97.30655
76031,32.34616,-97.32808
76033,32.27519,-97.51118
76034,32.89148,-97.14975
76035,32.56181,-97.63366
76036,32.58105,-97.41958
76039,32.86028,-97.08603
76040,32.81411,-97.09132
76041,32.23764,-96.84175
76043,32.20848,-97.79525
76044,32.42594,-97.53987
76048,32.42235,-97.81154
76049,32.45981,-97.70698
76050,32.28090,-97.16093
76051,32.92486,-97.06821
76052,32.98614,-97.37469
76053,32.81720,-97.18059
76054,32.85941,-97.17864
76055,32.16254,-97.15481
76058,32.47033,-97.42418
76059,32.39259,-97.32754
76060,32.63795,-97.21366
76061,32.50399,-97.18839
76063,32.57074,-97.14484
76064,32.30237,-97.03722
76065,32.46944,-96.99067
76066,32.70446,-97.99315
76067,32.79974,-98.12693
76070,32.26614,-97.65514
76071,33.00087,-97.44448
76073,33.09562,-97.72120
76077,32.27826,-97.69154
76078,33.09336,-97.46279
76082,32.97004,-97.73375
76084,32.42628,-97.09043
76085,32.86112,-97.69217
76086,32.75496,-97.79108
76087,32.68261,-97.78256
76088,32.85068,-97.90286
76092,32.95987,-97.14843
76093,32.21050,-97.39257
76102,32.75910,-97.32976
76103,32.74895,-97.27264
76104,32.72869,-97.31782
76105,32.72405,-97.26943
76106,32.81668,-97.35963
76107,32.74206,-97.38173
76108,32.78807,-97.52325
76109,32.70065,-97.38697
76110,32.70783,-97.33827
76111,32.77850,-97.30011
76112,32.74743,-97.21766
76114,32.77449,-97.40228
76115,32.67850,-97.33051
76116,32.72072,-97.44703
76117,32.80344,-97.26738
76118,32.80043,-97.19276
76119,32.69115,-97.26262
76120,32.77591,-97.18096
76123,32.61934,-97.39396
76126,32.63592,-97.51163
76127,32.77583,-97.43525
76129,32.70864,-97.36350
76131,32.88182,-97.34594
76132,32.66819,-97.41591
76133,32.65292,-97.37954
76134,32.63858,-97.33404
76135,32.83633,-97.46991
76137,32.85968,-97.29152
76140,32.61993,-97.27806
76148,32.86842,-97.25213
76155,32.82402,-97.04874
76164,32.78110,-97.35459
76177,32.97536,-97.31049
76179,32.90992,-97.43428
76180,32.84001,-97.22530
76182,32.88650,-97.20810
76201,33.22097,-97.14604
76205,33.19263,-97.12927
76207,33.22202,-97.17612
76208,33.20863,-97.05541
76209,33.23155,-97.10987
76210,33.14947,-97.09602
76225,33.37404,-97.66781
76226,33.11471,-97.17391
76227,33.27430,-96.98888
76228,33.61791,-98.06266
76230,33.52057,-97.95612
76233,33.53771,-96.90658
76234,33.27632,-97.51418
76238,33.47902,-97.35184
76239,33.50301,-97.52951
76240,33.66160,-97.17637
76244,32.92799,-97.28369
76245,33.83093,-96.83976
76247,33.10118,-97.34746
76248,32.92495,-97.23026
76249,33.27882,-97.30231
76250,33.63017,-97.23576
76251,33.63192,-97.68900
76252,33.68208,-97.38286
76253,33.61586,-97.31083
76255,33.82471,-97.73910
76258,33.37109,-96.93219
76259,33.19870,-97.31200
76261,33.79307,-97.96380
76262,33.00934,-97.22672
76263,33.46202,-97.45744
76264,33.73797,-96.83954
76265,33.75668,-97.53812
76266,33.37283,-97.21326
76268,33.62762,-96.76740
76270,33.45566,-97.75288
76271,33.46462,-96.89274
76272,33.45597,-97.12713
76273,33.74389,-96.93612
76301,33.90560,-98.47977
76302,33.86460,-98.49111
76305,34.00619,-98.38769
76306,33.94494,-98.52359
76308,33.85294,-98.54073
76309,33.89524,-98.54428
76310,33.79908,-98.50984
76311,33.96897,-98.50894
76351,33.55803,-98.69543
76354,34.10328,-98.62246
76357,34.08236,-98.18497
76360,33.96348,-98.96114
76363,33.47595,-99.55182
76364,34.03201,-98.99532
76365,33.75849,-98.20225
76366,33.72385,-98.78367
76367,33.97320,-98.72098
76370,33.52739,-98.88475
76371,33.48496,-99.64271
76372,33.25020,-98.92556
76373,34.13172,-99.10657
76374,33.35866,-98.74006
76377,34.00832,-98.25859
76379,33.66824,-98.48912
76380,33.62103,-99.24377
76384,34.16051,-99.34314
76388,33.32284,-99.64213
76389,33.51305,-98.45732
76401,32.28224,-98.19672
76402,32.21633,-98.21716
76424,32.80121,-98.88698
76426,33.16604,-97.84510
76427,33.15819,-98.37766
76429,32.75937,-98.66645
76430,32.79013,-99.24184
76431,33.33234,-97.86844
76432,31.84257,-98.80513
76433,32.31574,-98.02285
76435,32.24264,-98.85714
76436,31.86302,-98.22810
76437,32.40354,-99.03880
76442,31.89090,-98.61310
76443,32.13383,-99.21335
76444,32.12367,-98.57742
76445,32.30282,-98.55238
76446,32.07458,-98.34979
76448,32.39845,-98.79782
76449,32.90159,-98.31554
76450,33.05776,-98.62222
76452,31.74754,-98.36439
76453,32.58419,-98.33569
76454,32.21185,-98.73579
76455,31.81333,-98.38448
76457,31.94466,-98.02797
76458,33.21959,-98.18815
76459,33.27635,-98.38235
76460,33.30648,-98.50027
76462,32.52701,-98.00885
76463,32.45541,-98.41817
76464,32.55600,-99.16474
76466,32.43331,-98.73742
76469,32.34093,-99.19850
76470,32.49587,-98.66402
76471,32.11695,-98.98514
76472,32.60050,-98.17276
76474,31.97652,-98.79386
76475,32.67327,-98.48590
76476,32.36265,-97.92435
76481,32.99042,-98.74549
76483,33.19520,-99.26802
76484,32.76410,-98.27688
76486,33.01464,-98.05319
76487,32.97248,-97.90488
76490,32.94547,-98.01890
76491,33.03687,-99.04881
76501,31.07530,-97.25243
76502,31.10402,-97.41205
76504,31.13789,-97.37365
76508,31.07757,-97.36406
76511,30.80209,-97.42436
76513,31.05147,-97.50000
76518,30.85265,-97.14890
76519,31.02076,-97.12066
76520,30.89113,-96.90760
76522,31.21905,-97.96822
76523,30.78893,-97.29102
76524,31.26864,-97.20249
76525,31.49972,-98.13064
76527,30.84180,-97.80970
76528,31.41732,-97.75593
76530,30.71086,-97.41388
76531,31.68681,-98.18703
76534,30.88437,-97.37845
76537,30.81731,-97.60298
76538,31.62887,-97.92210
76539,31.09558,-98.02746
76541,31.11288,-97.72960
76542,31.01037,-97.74151
76543,31.14919,-97.63311
76544,31.14364,-97.76105
76548,31.05086,-97.64469
76549,31.01708,-97.83309
76550,31.10249,-98.25957
76554,30.96788,-97.37696
76556,30.70041,-96.83066
76557,31.28509,-97.39006
76559,31.07596,-97.60437
76561,31.40950,-97.53115
76565,31.64371,-98.35100
76566,31.55244,-98.04851
76567,30.64955,-97.00612
76569,30.94019,-97.22698
76570,31.08227,-96.95351
76571,30.92574,-97.59865
76573,30.81863,-97.50248
76574,30.57933,-97.38862
76577,30.62723,-97.17025
76578,30.53541,-97.23717
76579,31.19590,-97.26525
76596,31.47684,-97.72844
76597,31.48570,-97.70741
76598,31.47532,-97.73546
76599,31.46787,-97.73518
76621,31.88171,-97.08548
76622,31.81619,-97.24329
76623,32.21112,-96.75283
76624,31.66105,-96.95513
76626,32.12300,-96.72308
76627,32.10851,-97.39581
76628,32.03046,-96.94885
76629,31.14975,-96.65179
76630,31.34079,-97.21101
76631,31.97552,-96.97717
76632,31.30653,-97.06565
76633,31.69511,-97.32885
76634,31.81706,-97.54657
76635,31.71629,-96.66143
76636,32.17023,-97.29021
76637,31.76907,-97.80444
76638,31.55118,-97.44276
76639,31.86695,-96.65580
76640,31.69662,-97.07371
76641,32.03869,-96.80793
76642,31.50306,-96.52001
76643,31.45350,-97.19534
76645,32.02246,-97.13336
76648,31.84860,-96.80736
76649,32.00159,-97.88270
76650,31.98008,-96.86363
76651,32.17771,-96.85118
76652,32.11754,-97.57560
76653,31.29959,-96.60895
76654,31.73377,-97.00973
76655,31.40114,-97.18310
76656,31.18510,-97.04367
76657,31.44618,-97.38049
76660,31.92460,-96.90450
76661,31.31839,-96.84602
76664,31.56069,-96.80266
76665,31.91622,-97.71012
76666,32.04398,-96.91458
76667,31.65198,-96.46839
76670,32.13602,-96.98896
76671,31.98845,-97.53123
76673,31.75102,-96.89176
76676,31.86375,-96.95149
76678,31.66110,-96.76004
76679,31.92755,-96.57936
76680,31.20213,-96.81436
76681,31.89345,-96.43373
76682,31.45345,-96.91349
76685,31.35355,-97.01374
76686,31.76757,-96.55933
76687,31.37292,-96.49503
76689,31.66216,-97.50608
76690,32.08364,-97.73649
76691,31.76985,-97.09817
76692,31.95970,-97.33042
76693,31.78766,-96.39509
76701,31.55201,-97.13820
76704,31.57472,-97.12713
76705,31.62091,-97.09853
76706,31.47564,-97.08387
76707,31.55388,-97.15908
76708,31.62712,-97.21589
76710,31.53972,-97.19501
76711,31.51376,-97.15298
76712,31.52654,-97.26123
76798,31.54838,-97.11906
76801,31.74830,-99.03289
76802,31.74370,-98.91163
76820,30.76699,-99.05001
76821,31.73858,-99.93416
76823,31.70620,-99.15137
76824,30.93677,-98.46707
76825,31.10630,-99.39424
76827,31.51791,-99.13547
76828,32.00617,-99.29220
76831,30.67044,-98.91944
76832,30.98576,-98.73555
76834,31.88196,-99.48004
76836,31.44336,-99.54913
76837,31.22279,-99.89616
76841,30.91512,-100.10869
76842,30.93982,-99.07989
76844,31.43285,-98.52307
76845,31.53807,-99.48819
76848,30.84312,-99.57005
76849,30.47235,-99.82151
76852,31.35766,-99.45726
76853,31.26761,-98.37183
76854,30.69479,-99.58134
76856,30.69148,-99.27331
76857,31.93123,-98.92740
76858,31.17695,-99.61641
76859,30.88527,-99.85886
76861,31.59201,-100.19258
76862,31.41150,-99.68232
76864,31.55398,-98.73111
76865,31.85852,-100.16534
76866,31.46097,-99.93377
76869,30.91110,-98.99462
76870,31.62736,-98.54672
76871,31.28912,-98.99547
76872,31.33192,-99.16590
76873,31.51532,-99.38060
76874,30.45867,-100.06915
76875,31.60293,-99.99954
76877,31.15706,-98.76401
76878,31.65775,-99.29293
76882,31.81690,-99.70227
76884,31.73691,-99.56779
76885,30.85896,-98.86131
76887,31.01190,-99.15948
76888,31.60990,-99.64049
76890,31.68795,-98.77366
76901,31.61090,-100.55331
76903,31.48482,-100.43787
76904,31.27152,-100.40063
76905,31.50972,-100.32208
76908,31.43208,-100.40219
76930,31.27256,-101.17279
76932,31.26873,-101.54208
76933,31.85637,-100.28835
76934,31.60306,-100.66899
76935,31.08344,-100.42368
76936,30.88319,-100.59568
76937,31.38855,-100.15145
76939,31.26884,-100.56352
76940,31.43904,-100.14293
76941,31.27238,-100.88947
76943,30.53398,-101.30603
76945,31.88496,-100.61071
76949,32.04114,-100.69458
76950,30.44141,-100.56062
76951,31.80275,-101.05563
76953,31.72376,-100.33185
76955,31.28952,-100.15267
76957,31.37215,-100.30516
76958,31.59511,-100.79936
77002,29.75684,-95.36565
77003,29.74978,-95.34588
77004,29.72489,-95.36375
77005,29.71843,-95.42355
77006,29.74097,-95.39130
77007,29.77154,-95.41108
77008,29.79825,-95.41693
77009,29.79534,-95.36759
77010,29.75362,-95.35981
77011,29.74322,-95.30911
77012,29.71852,-95.27414
77013,29.79527,-95.23398
77014,29.98584,-95.46518
77015,29.76393,-95.17312
77016,29.86253,-95.29998
77017,29.68982,-95.25239
77018,29.82645,-95.42627
77019,29.75415,-95.40950
77020,29.77318,-95.31433
77021,29.69843,-95.35690
77022,29.83159,-95.37955
77023,29.72182,-95.31827
77024,29.77218,-95.51420
77025,29.68571,-95.43476
77026,29.80019,-95.32889
77027,29.74008,-95.44641
77028,29.82787,-95.28749
77029,29.75966,-95.25625
77030,29.70679,-95.40175
77031,29.65220,-95.54623
77032,29.98587,-95.34579
77033,29.66688,-95.33513
77034,29.61835,-95.19203
77035,29.65569,-95.47126
77036,29.70185,-95.53454
77037,29.89036,-95.39253
77038,29.91859,-95.44119
77039,29.91117,-95.34118
77040,29.87458,-95.52710
77041,29.85860,-95.58077
77042,29.74060,-95.56026
77043,29.81093,-95.58464
77044,29.90631,-95.18056
77045,29.64734,-95.43143
77046,29.73378,-95.43335
77047,29.61065,-95.38686
77048,29.61871,-95.32422
77049,29.83293,-95.14904
77050,29.90289,-95.26930
77051,29.65611,-95.37870
77053,29.58354,-95.46069
77054,29.68025,-95.40491
77055,29.79687,-95.49165
77056,29.74820,-95.46895
77057,29.74408,-95.48797
77058,29.56158,-95.09963
77059,29.61353,-95.11867
77060,29.93551,-95.39762
77061,29.64716,-95.27620
77062,29.57355,-95.13061
77063,29.73630,-95.52328
77064,29.91710,-95.53753
77065,29.92647,-95.60380
77066,29.95722,-95.50332
77067,29.95263,-95.44661
77068,30.00706,-95.48836
77069,29.98845,-95.53120
77070,29.97946,-95.57332
77071,29.65179,-95.51993
77072,29.69969,-95.58482
77073,30.00015,-95.40007
77074,29.68795,-95.51573
77075,29.62042,-95.26894
77076,29.86002,-95.38218
77077,29.75156,-95.61537
77078,29.85240,-95.25410
77079,29.77609,-95.60304
77080,29.81589,-95.52289
77081,29.71210,-95.48094
77082,29.72449,-95.64000
77083,29.69440,-95.64956
77084,29.82749,-95.65992
77085,29.62051,-95.48533
77086,29.91904,-95.49161
77087,29.68652,-95.30392
77088,29.88149,-95.45262
77089,29.58696,-95.22560
77090,30.00943,-95.43960
77091,29.85307,-95.43597
77092,29.83002,-95.47441
77093,29.86316,-95.34193
77094,29.76922,-95.68128
77095,29.90951,-95.65148
77096,29.67534,-95.47937
77098,29.73481,-95.41610
77099,29.67087,-95.58599
77201,29.76600,-95.36436
77301,30.31093,-95.43855
77302,30.22212,-95.34493
77303,30.37795,-95.37714
77304,30.32776,-95.51605
77306,30.28584,-95.31240
77316,30.30616,-95.68639
77318,30.43926,-95.52971
77320,30.80466,-95.55088
77326,30.50488,-94.81702
77327,30.31817,-94.91573
77328,30.39237,-95.19118
77331,30.63396,-95.16191
77334,30.78184,-95.37344
77335,30.57447,-94.91118
77336,30.06315,-95.09889
77338,30.00802,-95.28943
77339,30.04678,-95.22102
77340,30.64026,-95.53840
77342,30.74038,-95.55583
77345,30.05310,-95.15794
77346,29.99450,-95.17750
77350,30.82443,-94.83345
77351,30.71779,-94.81723
77354,30.21686,-95.64721
77355,30.15626,-95.74926
77356,30.46566,-95.72989
77357,30.15943,-95.18816
77358,30.55832,-95.43625
77359,30.75189,-95.30159
77360,30.84625,-95.11751
77362,30.16053,-95.66915
77363,30.31624,-95.84980
77364,30.77300,-95.21495
77365,30.11035,-95.26866
77367,30.85587,-95.39917
77368,30.44476,-94.81561
77369,30.42181,-94.73533
77371,30.48363,-94.99283
77372,30.24114,-95.16030
77373,30.06217,-95.38397
77374,30.39600,-94.62375
77375,30.09466,-95.58619
77376,30.44377,-94.66377
77377,30.06173,-95.68150
77378,30.47137,-95.36387
77379,30.03946,-95.53438
77380,30.13697,-95.46836
77381,30.17825,-95.50096
77382,30.19514,-95.54792
77384,30.23385,-95.49577
77385,30.18668,-95.42901
77386,30.10026,-95.35649
77388,30.05783,-95.47100
77389,30.12347,-95.51706
77396,29.95019,-95.25693
77401,29.70513,-95.46096
77406,29.64609,-95.79453
77407,29.67000,-95.70809
77412,29.55350,-96.41194
77414,28.90818,-95.86815
77415,28.93309,-95.73495
77417,29.46441,-95.96623
77418,29.98712,-96.25294
77419,28.84958,-96.25677
77420,29.25898,-95.93031
77422,28.96035,-95.55770
77423,29.85677,-95.97731
77426,30.12230,-96.25844
77428,28.60407,-96.19248
77429,29.99576,-95.66509
77430,29.25988,-95.66766
77432,29.06742,-96.18857
77433,29.94530,-95.74137
77434,29.52796,-96.30519
77435,29.51569,-96.12103
77436,29.41907,-96.23849
77437,29.21233,-96.28059
77440,28.89458,-96.14783
77441,29.66668,-95.91983
77442,29.42228,-96.50624
77443,29.34910,-96.19182
77444,29.28638,-95.77781
77445,30.10184,-96.05937
77446,30.08683,-95.99049
77447,30.04762,-95.83373
77448,29.41645,-96.08542
77449,29.83761,-95.73374
77450,29.74357,-95.74072
77451,29.43505,-96.00454
77453,29.21377,-95.99992
77454,29.52023,-96.19812
77455,29.13207,-96.42844
77456,29.04002,-96.06081
77457,28.73099,-95.88247
77458,28.95122,-96.23710
77459,29.52640,-95.53094
77460,29.39743,-96.38451
77461,29.38307,-95.80647
77464,29.59243,-95.95528
77465,28.76342,-96.23046
77466,29.79269,-96.01221
77467,29.20117,-96.10154
77468,29.13267,-95.94109
77469,29.48268,-95.68019
77470,29.53716,-96.54621
77471,29.54852,-95.86204
77473,29.79515,-96.10771
77474,29.78011,-96.18116
77475,29.48864,-96.65250
77476,29.69208,-95.95114
77477,29.62427,-95.56801
77478,29.62031,-95.60569
77479,29.56700,-95.63602
77480,29.08635,-95.76675
77481,29.47342,-95.55815
77482,29.09271,-95.90349
77483,28.78847,-95.83923
77484,30.07943,-95.93225
77485,29.63273,-96.05510
77486,29.16044,-95.69199
77488,29.30721,-96.09129
77489,29.60050,-95.51554
77493,29.85322,-95.83146
77494,29.74395,-95.83050
77498,29.64355,-95.65327
77502,29.67952,-95.19978
77503,29.70348,-95.15890
77504,29.64792,-95.18978
77505,29.64565,-95.14031
77506,29.71392,-95.19970
77507,29.62437,-95.06346
77510,29.36326,-95.08728
77511,29.38086,-95.24186
77514,29.70359,-94.60043
77515,29.17344,-95.45154
77517,29.36447,-95.13108
77518,29.50716,-94.98725
77519,30.21832,-94.57506
77520,29.73327,-94.99412
77521,29.80195,-94.97171
77523,29.78952,-94.85913
77530,29.78591,-95.11721
77531,29.04657,-95.39109
77532,29.93289,-95.05722
77533,30.08717,-94.59956
77534,29.23153,-95.31432
77535,30.05484,-94.92232
77536,29.69846,-95.12127
77538,29.97417,-94.52294
77539,29.45300,-95.02847
77541,29.01552,-95.28254
77545,29.53730,-95.47462
77546,29.51507,-95.19213
77547,29.73588,-95.23818
77550,29.31054,-94.77577
77551,29.27819,-94.83329
77554,29.25232,-94.92407
77560,29.87062,-94.60214
77561,30.16651,-94.73545
77562,29.83403,-95.05127
77563,29.30363,-95.03239
77564,30.18087,-94.66486
77565,29.53587,-95.02685
77566,29.05274,-95.47435
77568,29.36316,-94.98011
77571,29.68846,-95.05738
77573,29.50379,-95.08730
77575,30.07566,-94.73344
77577,29.28448,-95.28159
77578,29.48542,-95.36232
77580,29.86828,-94.86903
77581,29.56160,-95.27976
77583,29.38086,-95.46878
77584,29.54504,-95.35069
77585,30.29524,-94.52475
77586,29.58382,-95.03616
77587,29.66199,-95.22964
77590,29.39140,-94.92015
77591,29.39936,-94.99912
77597,29.83620,-94.70201
77598,29.53942,-95.13499
77611,30.01444,-93.82824
77612,30.39770,-93.92370
77613,30.05205,-94.36077
77614,30.29977,-93.77298
77615,30.32664,-94.05204
77616,30.56978,-94.18247
77617,29.50720,-94.51856
77619,29.94752,-93.91857
77622,29.86090,-94.30007
77623,29.56126,-94.41402
77624,30.68427,-94.29191
77625,30.37733,-94.37433
77627,29.98679,-94.00942
77629,29.97984,-94.40307
77630,30.06625,-93.87010
77632,30.20152,-93.80465
77640,29.88161,-93.94086
77642,29.95802,-93.89192
77650,29.42650,-94.68570
77651,29.98597,-93.95585
77655,29.71050,-93.93785
77656,30.41477,-94.17366
77657,30.22786,-94.19705
77659,30.17144,-94.43228
77660,30.64982,-94.14075
77661,29.75163,-94.42072
77662,30.17792,-94.01817
77663,30.51323,-94.39433
77664,30.60143,-94.41380
77665,29.81300,-94.41612
77701,30.07305,-94.10549
77702,30.08627,-94.12830
77703,30.13089,-94.11408
77705,29.89803,-94.16118
77706,30.10224,-94.17345
77707,30.05314,-94.16606
77708,30.14612,-94.16061
77713,30.07100,-94.25213
77801,30.63929,-96.36245
77802,30.66125,-96.32261
77803,30.68098,-96.38614
77807,30.67769,-96.48360
77808,30.79774,-96.31208
77830,30.53023,-96.01299
77831,30.71581,-95.90831
77833,30.21507,-96.41027
77835,30.19359,-96.58805
77836,30.54156,-96.67623
77837,31.00311,-96.68898
77840,30.60907,-96.32600
77845,30.56201,-96.27390
77853,30.35455,-96.84081
77855,31.13332,-96.13681
77856,31.07582,-96.42578
77857,30.78533,-96.70416
77859,30.87191,-96.52693
77861,30.72172,-96.10930
77864,30.95367,-95.90534
77865,31.23588,-96.22928
77867,30.74300,-96.54844
77868,30.36578,-96.04642
77871,31.06316,-96.12722
77872,30.87938,-96.13896
77873,30.56495,-95.80022
77876,30.59838,-95.87393
77878,30.47129,-96.43814
77879,30.39861,-96.49785
77880,30.28694,-96.18936
77901,28.80496,-96.98471
77904,28.93849,-97.02039
77905,28.73550,-97.04338
77950,28.29199,-96.89842
77951,28.63439,-96.90105
77954,29.09704,-97.28241
77957,29.04241,-96.68972
77960,28.67673,-97.19868
77961,28.85788,-96.35387
77962,29.02093,-96.48981
77963,28.65246,-97.40578
77964,29.37885,-96.83461
77968,28.90503,-96.82937
77969,28.77516,-96.65893
77970,28.84634,-96.43415
77971,28.83326,-96.52161
77973,28.54366,-96.97109
77974,28.89692,-97.32174
77975,29.55967,-97.08187
77976,28.95412,-97.12265
77977,28.69556,-96.79416
77978,28.66711,-96.57099
77979,28.60800,-96.61853
77982,28.44464,-96.49179
77983,28.44172,-96.57957
77984,29.45333,-97.19187
77987,29.34257,-97.07565
77988,28.83905,-96.88962
77990,28.48489,-96.92489
77991,28.79866,-96.61455
77993,28.85773,-97.42856
77994,29.17819,-97.47155
77995,29.20232,-97.07631
78001,28.29172,-99.21322
78002,29.28375,-98.73769
78003,29.70722,-99.09517
78004,29.90326,-98.55645
78005,28.94174,-98.85130
78006,29.85855,-98.70335
78007,28.51542,-98.37317
78008,28.70369,-98.26352
78009,29.35725,-98.88666
78010,29.91281,-99.03993
78011,28.79091,-98.71763
78012,28.76453,-98.48595
78013,29.97231,-98.90470
78014,28.37140,-99.13533
78015,29.74291,-98.65144
78016,29.17158,-98.96745
78017,28.71195,-99.17742
78019,28.04009,-99.40269
78021,28.49673,-98.82773
78022,28.25747,-98.14305
78023,29.57823,-98.74841
78024,30.04392,-99.51550
78025,30.08080,-99.28236
78026,28.82102,-98.61008
78027,29.96907,-98.53921
78028,30.03651,-99.16304
78029,30.15914,-99.34501
78039,29.31215,-98.83479
78040,27.51337,-99.50214
78041,27.54539,-99.46202
78043,27.55479,-99.26553
78044,27.75175,-99.12609
78045,27.83382,-99.68142
78046,27.36862,-99.34734
78050,29.07055,-98.48181
78052,29.20368,-98.77669
78055,29.83035,-99.33135
78056,29.53703,-98.93394
78057,29.03728,-99.00110
78058,30.09511,-99.62821
78059,29.19965,-98.84092
78060,28.44680,-98.10705
78061,28.88835,-99.14134
78063,29.68969,-98.91122
78064,28.93578,-98.42900
78065,29.07982,-98.64230
78066,29.50113,-98.85359
78067,27.12804,-99.33115
78069,29.18837,-98.67185
78070,29.89784,-98.40311
78071,28.47028,-98.22639
78072,28.31035,-98.57319
78073,29.24392,-98.62244
78075,28.62604,-98.37725
78076,26.93093,-99.16276
78101,29.35355,-98.23831
78102,28.40771,-97.71062
78104,28.52254,-97.76196
78107,28.56828,-97.57924
78108,29.57014,-98.21780
78109,29.48766,-98.29090
78112,29.18690,-98.39279
78113,28.86703,-98.24043
78114,29.11472,-98.20866
78116,29.10225,-97.74396
78117,28.93834,-97.92357
78118,28.80064,-98.06294
78119,28.73341,-97.89496
78121,29.35029,-98.10730
78122,29.42892,-97.73583
78123,29.60045,-98.04758
78124,29.55727,-98.14689
78125,28.54090,-97.95700
78130,29.69811,-98.07031
78132,29.75882,-98.19107
78133,29.89241,-98.23792
78140,29.33376,-97.76550
78141,28.91414,-97.63262
78142,28.53663,-97.81051
78143,29.25871,-97.85124
78144,28.95121,-97.89258
78145,28.64518,-97.99412
78146,28.60314,-97.83854
78147,29.07345,-98.08041
78148,29.54381,-98.29536
78150,29.52597,-98.27750
78151,28.86448,-97.70527
78152,29.43659,-98.20512
78154,29.54715,-98.26260
78155,29.54297,-97.93770
78159,29.23177,-97.59067
78160,29.25284,-97.92723
78161,29.29348,-98.05700
78162,28.58996,-97.77350
78163,29.76947,-98.45323
78164,28.98256,-97.52073
78201,29.46841,-98.52889
78202,29.42817,-98.46088
78203,29.41510,-98.45912
78204,29.40440,-98.50503
78205,29.42394,-98.48642
78207,29.42212,-98.52598
78208,29.43982,-98.45855
78209,29.48891,-98.45624
78210,29.39578,-98.46440
78211,29.34255,-98.57002
78212,29.46461,-98.49365
78213,29.51639,-98.52302
78214,29.32481,-98.47008
78215,29.44126,-98.48050
78216,29.53726,-98.48788
78217,29.53807,-98.41520
78218,29.49005,-98.39714
78219,29.44669,-98.38747
78220,29.41815,-98.39431
78221,29.29864,-98.48311
78222,29.35493,-98.37189
78223,29.31194,-98.39101
78224,29.29833,-98.53715
78225,29.38799,-98.52603
78226,29.38378,-98.56994
78227,29.40662,-98.63030
78228,29.46065,-98.57128
78229,29.50706,-98.56662
78230,29.54651,-98.55721
78231,29.57854,-98.54190
78232,29.58864,-98.47459
78233,29.55582,-98.36190
78234,29.46090,-98.43834
78235,29.34538,-98.44340
78236,29.39128,-98.61873
78237,29.42113,-98.57094
78238,29.47179,-98.61768
78239,29.51864,-98.36296
78240,29.52502,-98.60656
78242,29.35040,-98.60705
78243,29.37104,-98.59299
78244,29.47415,-98.34808
78245,29.40009,-98.73055
78247,29.58586,-98.40681
78248,29.59003,-98.52526
78249,29.56848,-98.61427
78250,29.50273,-98.66490
78251,29.46168,-98.67673
78252,29.34134,-98.70563
78253,29.46955,-98.79746
78254,29.53768,-98.73503
78255,29.64916,-98.66634
78256,29.62229,-98.62616
78257,29.66049,-98.58345
78258,29.63410,-98.49743
78259,29.62452,-98.42697
78260,29.69745,-98.48673
78261,29.68958,-98.40241
78263,29.36337,-98.30537
78264,29.19320,-98.49079
78266,29.65049,-98.33843
78330,27.74271,-97.91559
78332,27.72431,-98.13449
78335,27.87303,-97.09220
78336,27.92691,-97.17778
78338,26.91101,-97.77377
78339,27.80506,-97.79223
78340,28.12070,-97.19689
78341,27.63442,-98.49669
78342,27.65992,-98.07572
78343,27.61520,-97.75386
78344,27.47997,-98.86473
78349,27.37348,-98.28547
78351,27.67315,-97.75970
78352,27.96292,-97.67903
78353,26.88052,-98.21621
78355,27.19407,-98.20730
78357,27.83602,-98.62878
78358,28.06795,-97.04223
78359,27.92354,-97.28707
78361,27.05323,-98.74757
78362,27.85399,-97.19650
78363,27.44420,-97.86560
78368,28.10345,-97.80818
78369,27.36513,-98.99671
78370,27.94911,-97.59870
78371,27.61526,-98.94637
78372,27.98798,-98.06698
78373,27.77892,-97.11362
78374,27.89213,-97.38424
78375,27.39631,-98.17128
78376,27.42135,-98.51427
78377,28.32212,-97.16247
78379,27.30661,-97.78043
78380,27.79125,-97.74214
78382,28.11359,-97.04627
78383,28.08816,-97.95625
78384,27.84956,-98.38577
78385,27.13940,-97.90137
78387,28.12159,-97.55301
78389,28.24630,-97.65081
78390,27.99726,-97.32744
78391,28.17958,-97.70839
78393,28.18712,-97.38223
78401,27.79780,-97.39907
78402,27.81902,-97.39220
78404,27.76802,-97.39914
78405,27.77425,-97.43877
78406,27.77124,-97.51879
78407,27.81070,-97.44039
78408,27.79500,-97.44686
78409,27.80943,-97.52286
78410,27.83825,-97.59631
78411,27.72954,-97.38569
78412,27.70357,-97.34504
78413,27.68319,-97.40618
78414,27.66242,-97.37153
78415,27.65787,-97.47982
78416,27.75202,-97.43651
78417,27.73963,-97.46681
78418,27.64239,-97.26194
78419,27.69515,-97.26946
78501,26.21582,-98.23957
78503,26.16233,-98.24870
78504,26.27197,-98.23657
78516,26.14454,-98.12131
78520,25.96326,-97.55045
78521,25.94392,-97.31794
78526,25.99569,-97.45085
78535,26.25283,-97.74360
78536,26.64928,-98.45113
78537,26.16214,-98.05877
78538,26.37454,-97.98028
78539,26.28069,-98.18330
78541,26.45213,-98.27681
78542,26.45148,-98.09200
78543,26.29737,-97.99997
78545,26.58717,-99.11987
78548,26.27483,-98.65482
78549,26.45714,-98.03542
78550,26.25552,-97.66750
78552,26.19378,-97.75069
78557,26.11355,-98.24108
78558,26.30783,-98.03936
78559,26.14883,-97.83111
78560,26.24281,-98.49449
78561,26.47743,-97.92150
78562,26.29767,-97.90248
78563,26.65445,-98.25977
78564,26.67820,-99.10309
78565,26.25327,-98.56817
78566,26.14841,-97.37038
78567,26.05271,-97.74045
78569,26.36821,-97.74357
78570,26.17461,-97.91266
78572,26.22936,-98.37861
78573,26.29619,-98.29996
78574,26.31891,-98.37005
78575,26.02192,-97.52627
78576,26.32161,-98.47616
78577,26.15153,-98.18975
78578,26.03552,-97.30272
78579,26.08317,-97.96214
78580,26.48774,-97.73895
78582,26.53090,-98.74023
78583,26.26136,-97.48901
78584,26.57331,-98.96276
78585,26.52334,-99.11115
78586,26.10609,-97.62929
78588,26.73786,-98.39721
78589,26.16784,-98.15483
78590,26.50837,-97.64777
78591,26.58293,-98.52163
78592,26.06201,-97.84697
78593,26.27575,-97.82352
78594,26.34526,-97.79489
78595,26.29141,-98.54549
78596,26.15862,-97.98915
78597,26.28073,-97.28417
78598,26.56941,-97.44239
78602,30.12382,-97.32771
78605,30.77330,-98.04518
78606,30.08379,-98.47616
78607,30.82175,-98.47739
78608,30.93601,-97.93458
78609,30.76522,-98.45098
78610,30.07851,-97.83801
78611,30.80105,-98.28349
78612,30.09407,-97.49509
78613,30.50391,-97.82418
78614,29.41041,-97.58717
78615,30.46546,-97.38411
78616,29.94007,-97.56829
78617,30.14853,-97.59303
78618,30.46516,-99.15623
78619,30.11221,-98.03327
78620,30.22561,-98.13630
78621,30.33885,-97.36179
78622,29.75452,-97.77584
78623,29.97114,-98.22823
78624,30.28094,-98.87668
78626,30.65789,-97.61784
78628,30.66454,-97.77862
78629,29.47684,-97.44894
78631,30.33977,-99.30658
78632,29.69611,-97.47066
78633,30.74118,-97.75610
78634,30.56060,-97.54626
78635,30.20608,-98.56486
78636,30.31690,-98.42499
78638,29.65959,-97.78520
78639,30.67368,-98.44104
78640,29.99911,-97.82822
78641,30.56256,-97.90785
78642,30.69088,-97.94143
78643,30.68854,-98.68989
78644,29.87164,-97.67682
78645,30.45004,-97.97198
78648,29.69018,-97.63356
78650,30.30389,-97.21890
78652,30.13282,-97.87469
78653,30.33969,-97.52349
78654,30.58122,-98.20873
78655,29.81606,-97.83505
78656,29.90451,-97.80731
78657,30.53143,-98.37805
78659,30.20742,-97.12539
78660,30.43963,-97.59469
78661,29.72195,-97.75894
78662,29.92413,-97.42471
78663,30.40226,-98.35957
78664,30.50541,-97.64728
78665,30.54325,-97.64520
78666,29.88016,-97.96616
78669,30.43072,-98.11278
78670,29.77493,-97.81783
78671,30.21896,-98.62990
78672,30.85884,-98.46951
78675,30.43464,-98.70714
78676,30.03445,-98.14278
78677,29.34995,-97.58021
78681,30.53442,-97.72574
78701,30.27057,-97.74259
78702,30.26338,-97.71448
78703,30.29327,-97.76605
78704,30.24303,-97.76508
78705,30.29433,-97.73852
78712,30.28217,-97.73100
78717,30.48954,-97.75384
78719,30.19729,-97.66742
78721,30.26997,-97.68356
78722,30.28996,-97.71470
78723,30.30427,-97.68571
78724,30.29271,-97.61795
78725,30.23001,-97.60858
78726,30.42950,-97.84207
78727,30.42994,-97.71780
78728,30.45417,-97.69218
78729,30.45840,-97.75534
78730,30.37028,-97.83615
78731,30.34824,-97.76814
78732,30.37789,-97.89502
78733,30.32140,-97.88474
78734,30.37855,-97.95063
78735,30.26912,-97.86882
78736,30.26108,-97.95944
78737,30.18993,-97.95664
78738,30.32012,-97.95819
78739,30.17847,-97.88869
78741,30.23046,-97.71420
78742,30.24235,-97.65920
78744,30.17779,-97.72515
78745,30.20685,-97.79738
78746,30.29686,-97.80957
78747,30.12697,-97.73997
78748,30.16643,-97.82339
78749,30.21617,-97.85583
78750,30.41878,-97.80227
78751,30.31079,-97.72275
78752,30.33181,-97.70428
78753,30.38202,-97.67364
78754,30.35540,-97.64185
78756,30.32222,-97.74017
78757,30.35154,-97.73257
78758,30.38799,-97.70685
78759,30.40267,-97.76104
78801,29.36290,-99.89813
78802,29.15101,-100.01587
78827,28.42195,-99.73300
78828,29.86756,-100.01853
78829,28.88875,-99.56265
78830,28.52490,-99.50848
78832,29.39562,-100.43998
78833,29.67470,-100.07859
78834,28.45403,-99.91785
78836,28.30164,-99.70428
78837,29.83722,-101.21244
78838,29.53664,-99.74689
78839,28.71832,-99.82348
78840,29.72990,-100.88134
78843,29.35846,-100.77688
78850,29.28528,-99.32918
78851,30.02807,-101.97046
78852,28.72979,-100.31668
78860,28.47861,-100.27841
78861,29.43001,-99.14903
78870,29.30382,-99.63083
78871,30.00699,-101.65479
78872,28.92645,-99.86515
78873,29.81538,-99.72730
78877,28.95117,-100.59339
78879,29.64447,-99.68247
78880,29.98903,-100.28518
78881,29.38367,-99.52970
78883,29.67379,-99.31723
78884,29.60501,-99.45979
78885,29.80943,-99.54024
78886,29.13584,-99.16889
78931,30.02425,-96.45105
78932,30.16411,-96.71819
78933,29.79065,-96.35907
78934,29.69347,-96.55770
78935,29.69549,-96.42421
78938,29.80478,-96.68590
78940,29.94012,-96.65883
78941,29.72762,-97.15845
78942,30.16762,-96.92304
78943,29.70900,-96.61560
78944,30.02758,-96.49649
78945,29.91227,-96.88957
78946,30.18837,-96.77906
78947,30.42015,-97.03583
78948,30.32150,-96.97682
78949,29.83319,-97.08740
78950,29.90495,-96.48262
78951,29.58728,-96.82437
78953,29.84403,-97.35830
78954,30.04302,-96.69919
78956,29.68638,-96.93377
78957,30.01388,-97.18210
78959,29.70075,-97.30133
78962,29.65757,-96.73318
78963,29.91692,-97.02876
79001,35.33976,-102.79499
79003,35.58185,-100.06872
79005,36.38023,-100.50744
79007,35.70684,-101.39881
79009,34.53328,-102.87963
79010,35.45166,-102.14073
79011,35.63422,-100.23198
79012,35.26476,-102.12768
79013,36.03877,-102.00312
79014,35.90826,-100.28534
79015,34.93747,-101.91604
79016,34.98342,-101.91868
79018,35.74825,-102.21339
79019,35.00710,-101.39404
79021,33.98488,-102.02768
79022,36.09813,-102.60691
79024,36.43977,-100.36908
79025,34.94099,-102.20588
79027,34.40805,-102.41954
79029,35.90197,-102.02590
79031,34.27026,-102.44958
79032,34.28289,-101.94142
79033,36.33004,-100.98400
79034,36.35977,-100.15722
79035,34.69047,-102.78488
79036,35.61281,-101.54736
79039,35.25984,-101.09631
79040,36.31835,-101.55941
79041,34.04326,-101.93197
79042,34.74136,-101.91149
79043,34.36835,-102.13482
79044,35.86332,-102.36749
79045,34.91481,-102.55453
79046,36.16354,-100.12175
79051,36.48309,-102.25936
79052,34.36114,-101.74423
79053,34.40802,-102.57940
79054,35.37482,-100.82152
79056,36.22381,-100.21158
79057,35.24600,-100.64218
79058,35.57950,-101.85514
79059,35.83076,-100.76591
79061,35.52492,-100.44249
79062,36.03794,-101.50697
79063,34.53109,-102.09627
79064,34.19555,-102.11930
79065,35.54123,-100.90657
79068,35.34666,-101.44426
79070,36.26999,-100.79416
79072,34.16976,-101.73385
79078,35.72048,-101.58071
79079,35.20898,-100.24292
79080,35.74865,-101.21370
79081,36.24162,-101.21841
79082,34.22426,-102.28775
79083,35.88679,-101.51490
79084,36.27688,-101.99672
79085,34.74072,-102.51443
79086,36.04597,-101.78378
79087,36.28780,-102.91388
79088,34.58090,-101.69722
79091,34.89269,-102.12088
79092,35.31297,-102.44639
79093,36.28991,-101.03395
79094,34.84008,-101.50970
79095,34.90404,-100.20826
79096,35.43739,-100.19671
79097,35.43779,-101.18108
79098,35.15235,-102.21576
79101,35.20606,-101.83955
79102,35.19632,-101.86625
79103,35.17731,-101.79448
79104,35.20299,-101.78873
79105,35.69124,-101.82083
79106,35.20307,-101.89500
79107,35.23059,-101.80250
79108,35.30790,-101.69093
79109,35.16642,-101.88642
79110,35.14739,-101.87033
79111,35.22044,-101.70808
79118,35.10637,-101.73991
79119,35.10908,-102.01789
79121,35.17470,-101.92972
79124,35.26673,-101.95841
79201,34.43777,-100.28096
79220,33.75350,-100.79463
79225,34.25593,-99.51520
79226,34.90076,-100.99455
79227,33.89968,-99.76978
79229,33.66571,-100.67656
79230,34.70227,-100.06922
79231,33.90638,-101.07004
79233,34.52100,-100.52565
79234,34.23044,-100.93523
79235,33.96193,-101.24614
79236,33.71068,-100.38422
79237,34.91079,-100.65682
79239,34.65562,-100.76389
79240,34.88549,-100.78033
79241,34.17963,-101.38781
79243,33.77448,-100.99011
79244,34.04194,-100.85277
79245,34.85577,-100.51010
79247,34.32981,-99.40907
79248,33.99432,-100.28725
79250,33.87769,-101.59476
79251,34.94342,-100.45157
79252,34.30434,-99.81892
79255,34.34991,-101.05076
79256,33.90039,-100.74587
79257,34.45748,-101.28716
79258,34.22829,-101.28874
79259,34.39849,-100.47293
79261,34.44723,-100.80985
79311,33.85788,-101.88154
79312,34.01906,-102.41995
79313,33.80492,-102.16228
79314,33.58490,-103.01451
79316,33.13791,-102.32618
79322,33.63318,-101.17852
79323,32.94575,-102.86940
79324,33.89788,-102.68249
79325,34.42461,-102.94374
79326,34.07794,-102.21614
79329,33.71514,-101.67496
79330,33.04078,-101.22482
79331,32.69521,-102.00957
79336,33.60340,-102.39884
79339,33.88908,-102.33730
79342,32.90821,-102.33660
79343,33.65867,-101.53104
79344,33.84496,-102.93041
79345,33.33754,-102.33135
79346,33.64809,-102.82494
79347,34.17256,-102.78941
79350,33.73145,-101.82590
79351,32.92701,-101.76441
79353,33.78352,-102.58195
79355,33.18166,-102.87672
79356,33.28459,-101.34208
79357,33.61189,-101.40470
79358,33.44219,-102.19503
79359,32.97114,-102.58656
79360,32.68986,-102.72443
79363,33.70773,-102.04502
79364,33.45236,-101.64407
79366,33.53032,-101.68534
79367,33.62145,-102.19079
79369,33.95574,-102.14517
79370,33.50758,-100.90839
79371,33.95262,-102.96621
79372,33.43424,-102.48840
79373,33.18258,-101.82720
79376,33.23387,-102.67311
79377,32.92965,-102.13351
79378,33.05813,-102.47468
79379,33.51050,-102.64642
79380,33.73563,-102.33222
79381,33.31291,-101.77052
79382,33.45529,-102.01405
79401,33.58880,-101.85044
79403,33.64350,-101.77545
79404,33.52770,-101.79372
79406,33.58591,-101.87839
79407,33.56686,-102.07924
79410,33.57007,-101.89101
79411,33.57003,-101.85773
79412,33.54638,-101.85652
79413,33.54740,-101.88564
79414,33.54779,-101.92023
79415,33.70079,-101.89699
79416,33.60011,-101.98278
79423,33.43999,-101.85548
79424,33.46713,-101.94421
79501,32.74761,-99.90485
79502,33.18306,-100.24513
79503,32.86861,-99.69292
79504,32.33580,-99.35057
79505,33.57706,-99.80971
79506,32.10643,-100.31341
79508,32.27408,-99.82604
79510,32.26641,-99.51889
79511,32.41591,-101.25031
79512,32.30412,-100.92439
79517,32.87951,-101.24678
79518,33.34105,-100.71473
79519,32.04416,-99.70033
79520,32.85715,-100.12411
79521,33.12268,-99.65039
79525,32.63037,-99.83059
79526,32.63629,-100.71688
79527,32.59317,-101.05944
79528,33.18293,-100.89506
79529,33.43184,-99.85367
79530,32.11893,-99.74880
79532,32.40487,-100.71140
79533,32.85717,-99.55149
79534,32.76194,-100.21286
79535,32.22344,-100.47983
79536,32.47362,-100.03255
79537,32.29186,-100.21075
79538,31.97061,-99.68416
79539,33.36111,-99.87687
79540,33.16916,-100.04100
79541,32.14779,-99.81022
79543,32.71433,-100.40777
79544,33.30151,-99.85290
79545,32.41521,-100.57354
79546,32.89182,-100.49821
79547,33.19774,-99.90544
79548,33.04977,-99.91896
79549,32.88759,-100.84139
79553,32.94092,-99.85097
79556,32.45879,-100.35794
79560,32.66524,-100.21305
79561,32.51549,-100.19511
79562,32.23625,-99.86645
79563,32.41582,-99.90623
79565,32.39737,-101.08782
79566,32.10898,-100.13459
79567,31.97243,-99.95031
79601,32.57649,-99.66532
79602,32.33568,-99.66749
79603,32.33355,-99.92772
79605,32.43460,-99.78183
79606,32.36277,-99.81733
79607,32.43035,-99.83264
79699,32.46223,-99.71589
79701,31.99239,-102.08146
79703,31.97943,-102.13236
79705,32.05116,-102.05954
79706,31.81427,-102.00245
79707,32.04255,-102.20470
79713,32.48982,-101.75449
79714,32.33573,-102.69730
79718,31.00497,-103.75907
79719,31.46065,-103.40414
79720,32.25354,-101.47264
79730,31.16952,-103.08513
79731,31.42280,-102.48777
79733,32.10291,-101.36543
79734,30.68614,-103.96015
79735,30.75397,-102.80547
79738,32.75193,-101.47484
79739,31.76932,-101.50639
79741,31.96931,-102.63088
79742,31.34204,-102.86845
79743,31.18570,-102.59376
79744,30.92201,-101.97026
79745,31.83286,-103.05492
79748,32.40805,-101.65173
79749,32.28905,-101.87176
79752,31.22887,-102.16200
79754,31.80299,-103.60148
79755,31.51763,-101.91801
79756,31.54025,-102.84464
79758,31.97052,-102.32071
79759,31.79922,-102.63301
79761,31.85505,-102.35065
79762,31.92529,-102.35789
79763,31.79916,-102.47409
79764,31.86626,-102.53754
79765,31.91709,-102.27272
79766,31.72517,-102.41361
79770,31.87505,-103.93339
79772,31.42236,-103.62731
79777,31.48459,-103.16105
79778,31.17625,-101.92382
79780,31.06196,-103.59209
79781,30.59700,-101.78453
79782,32.14984,-101.82674
79783,32.32167,-102.04230
79785,31.32748,-103.90680
79788,31.58214,-102.97712
79789,31.71487,-103.15762
79821,31.98005,-106.59878
79830,29.80209,-103.22236
79831,30.42940,-103.32577
79834,29.18280,-103.26244
79835,31.93204,-106.59278
79836,31.57255,-106.19887
79837,32.24155,-105.24839
79838,31.48284,-106.16805
79839,31.33318,-105.90255
79842,30.08573,-103.11774
79843,30.28530,-104.00576
79845,29.88804,-104.51914
79846,29.38797,-103.99040
79847,31.83591,-105.05296
79848,30.26130,-102.30107
79849,31.56065,-106.25011
79851,31.27828,-105.31166
79852,29.39623,-103.61723
79853,31.43406,-106.06324
79854,30.59127,-104.66016
79855,31.09348,-104.62451
79901,31.76062,-106.47858
79902,31.78372,-106.49854
79903,31.78620,-106.44189
79904,31.85276,-106.44764
79905,31.76605,-106.42620
79906,31.81065,-106.40474
79907,31.70723,-106.32656
79908,31.84612,-106.38146
79911,31.89246,-106.54256
79912,31.84858,-106.53432
79915,31.74604,-106.37143
79916,31.81397,-106.41814
79920,31.82473,-106.45173
79922,31.81491,-106.56124
79924,31.90244,-106.41325
79925,31.79695,-106.35688
79927,31.64021,-106.26895
79928,31.63143,-106.16007
79930,31.83122,-106.48486
79932,31.87497,-106.60798
79934,31.95067,-106.43352
79935,31.76795,-106.33018
79936,31.77659,-106.29698
79938,31.82971,-105.97136
79942,30.57562,-101.33124
80002,39.79482,-105.10529
80003,39.82542,-105.06356
80004,39.81708,-105.12370
80005,39.85165,-105.13142
80007,39.86689,-105.19028
80010,39.73925,-104.86288
80011,39.73876,-104.78216
80012,39.69973,-104.83763
80013,39.66140,-104.76566
80014,39.66350,-104.83818
80015,39.62794,-104.77943
80016,39.59947,-104.70757
80017,39.69793,-104.78546
80018,39.68800,-104.68974
80019,39.77856,-104.68471
80020,39.93078,-105.07429
80021,39.89066,-105.11372
80022,39.87972,-104.79890
80023,39.97584,-105.00938
80024,39.84388,-104.91792
80025,39.93985,-105.28394
80026,40.01215,-105.09991
80027,39.95151,-105.15813
80030,39.83082,-105.03747
80031,39.87394,-105.03879
80033,39.77267,-105.10480
80045,39.74750,-104.83863
80101,39.36503,-104.01917
80102,39.74599,-104.44284
80103,39.78001,-104.14260
80104,39.30191,-104.81810
80105,39.66772,-103.96919
80106,39.18615,-104.51592
80107,39.40936,-104.57257
80108,39.44551,-104.85300
80109,39.36427,-104.90138
80110,39.64594,-105.01137
80111,39.61227,-104.87783
80112,39.57707,-104.85798
80113,39.64444,-104.96511
80116,39.32002,-104.70971
80117,39.36961,-104.34290
80118,39.19243,-104.90526
80120,39.59384,-105.01146
80121,39.61070,-104.94901
80122,39.58031,-104.95492
80123,39.61601,-105.06945
80124,39.53280,-104.89122
80125,39.48507,-105.05232
80126,39.54059,-104.95864
80127,39.53073,-105.16434
80128,39.56405,-105.07884
80129,39.54554,-105.01035
80130,39.53096,-104.92342
80131,39.47644,-105.00754
80132,39.09941,-104.84653
80133,39.09704,-104.98064
80134,39.48611,-104.77892
80135,39.25474,-105.15697
80136,39.79198,-104.27993
80137,39.75670,-104.59155
80138,39.51753,-104.67091
80202,39.75191,-104.99763
80203,39.73169,-104.98265
80204,39.73484,-105.02039
80205,39.75886,-104.96283
80206,39.73028,-104.95260
80207,39.76230,-104.91658
80209,39.70658,-104.96575
80210,39.67663,-104.96232
80211,39.76744,-105.01974
80212,39.77205,-105.04803
80214,39.74331,-105.06902
80215,39.74477,-105.11598
80216,39.78696,-104.95760
80218,39.73106,-104.97067
80219,39.69529,-105.03560
80220,39.73382,-104.91657
80221,39.81602,-105.01155
80222,39.67102,-104.92790
80223,39.69579,-105.00384
80224,39.68776,-104.91134
80226,39.71285,-105.09152
80227,39.66629,-105.08975
80228,39.69494,-105.17319
80229,39.85532,-104.95712
80230,39.71946,-104.89023
80231,39.67148,-104.88782
80232,39.68687,-105.09023
80233,39.89967,-104.94656
80234,39.90999,-105.00264
80235,39.64761,-105.08948
80236,39.65165,-105.03958
80237,39.63987,-104.90171
80238,39.77159,-104.88240
80239,39.78763,-104.83855
80241,39.92908,-104.95428
80246,39.70517,-104.93072
80247,39.69781,-104.87890
80249,39.85475,-104.69580
80260,39.86692,-105.00606
80264,39.74248,-104.98548
80290,39.74409,-104.98675
80293,39.74625,-104.98994
80294,39.74945,-104.98927
80301,40.04947,-105.20142
80302,40.04338,-105.37240
80303,39.97322,-105.20928
80304,40.04542,-105.29126
80305,39.97533,-105.24816
80310,40.00215,-105.26365
80401,39.71887,-105.23534
80403,39.83696,-105.29961
80419,39.72840,-105.20280
80420,39.32440,-106.11611
80421,39.46093,-105.50120
80422,39.86116,-105.52888
80423,39.88482,-106.58673
80424,39.47328,-106.00426
80425,39.35016,-105.20559
80426,39.91208,-107.00045
80427,39.78029,-105.49498
80428,40.84369,-106.92525
80432,39.22453,-105.79494
80433,39.47772,-105.26239
80434,40.84325,-106.28679
80435,39.57390,-105.93472
80436,39.78104,-105.64020
80438,39.74431,-105.79626
80439,39.63442,-105.44025
80440,39.22892,-105.96985
80442,39.92467,-105.88790
80443,39.55648,-106.17033
80444,39.63220,-105.73464
80446,40.17264,-105.96013
80447,40.29660,-105.76236
80448,39.41099,-105.60818
80449,38.97658,-105.85680
80451,40.09845,-106.07314
80452,39.68940,-105.67078
80453,39.66269,-105.24257
80454,39.62988,-105.24746
80455,40.09496,-105.39770
80456,39.24833,-105.53685
80457,39.64829,-105.29096
80459,40.17720,-106.45461
80461,39.23174,-106.31316
80463,39.97054,-106.72049
80465,39.60909,-105.20553
80466,39.97448,-105.54699
80467,40.20763,-106.82586
80468,39.95192,-106.12268
80469,40.20008,-106.96856
80470,39.37980,-105.32440
80471,39.93521,-105.42091
80473,40.41639,-106.13437
80475,39.45518,-105.57036
80476,39.67063,-105.83434
80477,40.48639,-106.82935
80478,40.02900,-105.85281
80479,40.03591,-106.81450
80480,40.67289,-106.34157
80481,40.10141,-105.57676
80482,39.89233,-105.78593
80483,40.09180,-106.93598
80487,40.54091,-106.85058
80488,40.44870,-106.81818
80497,39.67076,-106.00006
80498,39.74663,-106.27053
80501,40.16484,-105.10318
80503,40.16901,-105.21038
80504,40.16339,-105.03009
80510,40.21250,-105.60660
80511,40.34011,-105.57222
80512,40.63116,-105.57404
80513,40.29738,-105.10375
80514,40.06588,-104.95539
80515,40.46235,-105.38230
80516,40.05344,-105.02144
80517,40.38472,-105.58622
80520,40.11310,-104.93143
80521,40.59308,-105.12743
80524,40.64685,-105.02952
80525,40.52986,-105.03664
80526,40.51886,-105.14322
80528,40.49900,-105.00505
80530,40.09779,-104.92926
80532,40.49309,-105.46720
80534,40.33186,-104.93747
80535,40.73295,-105.18385
80536,40.86639,-105.36643
80537,40.36272,-105.17661
80538,40.45752,-105.05076
80540,40.23569,-105.36455
80542,40.23508,-104.99939
80543,40.34954,-104.85738
80544,40.10342,-105.17106
80545,40.87310,-105.69030
80546,40.52524,-104.84970
80547,40.52663,-104.96536
80549,40.85754,-105.04413
80550,40.48195,-104.90476
80601,39.96217,-104.80792
80602,39.96616,-104.90889
80603,39.98221,-104.73709
80610,40.67386,-104.59130
80611,40.62506,-104.28713
80612,40.87212,-104.85256
80615,40.54566,-104.64570
80620,40.37369,-104.71751
80621,40.10724,-104.80129
80622,40.53757,-104.46080
80623,40.28538,-104.78254
80624,40.48685,-104.49887
80631,40.44287,-104.67307
80634,40.40468,-104.79272
80640,39.88755,-104.88082
80642,40.05142,-104.61214
80643,40.11293,-104.48918
80644,40.38512,-104.43526
80645,40.32715,-104.66783
80648,40.75586,-104.74092
80649,40.40084,-104.18579
80650,40.62152,-104.82984
80651,40.24173,-104.80941
80652,40.13888,-104.27517
80653,40.44613,-103.97779
80654,40.13810,-104.06549
80701,40.16531,-103.87073
80705,40.27033,-103.82949
80720,40.07825,-103.21988
80721,40.68961,-102.15390
80722,40.50661,-103.27166
80723,40.19368,-103.54333
80726,40.90504,-102.79305
80727,40.07583,-102.51099
80728,40.64487,-102.87388
80729,40.88440,-104.26923
80731,40.59445,-102.60033
80733,40.37139,-103.45054
80734,40.51989,-102.29195
80735,39.70982,-102.27316
80736,40.81182,-103.02724
80737,40.87614,-102.17798
80740,39.72566,-103.38290
80741,40.56683,-103.47699
80742,40.75578,-103.83502
80743,40.19712,-102.95475
80744,40.87363,-102.39197
80745,40.89550,-103.41256
80746,40.60956,-102.46605
80747,40.92568,-103.07465
80749,40.86706,-102.54728
80750,40.41477,-103.60485
80751,40.63688,-103.23241
80754,40.72176,-103.66547
80755,39.91190,-102.34497
80757,39.79103,-103.58313
80758,40.13884,-102.19309
80759,40.13524,-102.68596
80801,39.73228,-103.10127
80802,38.83695,-102.17338
80804,39.34684,-103.24807
80805,39.30596,-102.45561
80807,39.32167,-102.22323
80808,38.97917,-104.31437
80809,38.85202,-105.00863
80810,38.82229,-102.42871
80812,39.61900,-102.84992
80813,38.81325,-105.16773
80814,38.95963,-105.19433
80815,39.39672,-103.06341
80816,38.85774,-105.31586
80817,38.63834,-104.68647
80818,39.38591,-103.48041
80819,38.96628,-105.00986
80820,38.83866,-105.56113
80821,38.97996,-103.37147
80822,39.70198,-102.67024
80823,38.66346,-103.41919
80824,39.65058,-102.49873
80825,38.83324,-102.82769
80827,39.05648,-105.46736
80828,39.32766,-103.74787
80829,38.82944,-104.93637
80830,39.11425,-103.89412
80831,38.99424,-104.49069
80832,39.01718,-104.01287
80833,38.76323,-103.96509
80834,39.26480,-102.88364
80835,39.21880,-104.02256
80836,39.29800,-102.58444
80840,38.99469,-104.86195
80860,38.70581,-105.08828
80861,39.33186,-102.72183
80862,38.86797,-103.05405
80863,39.01999,-105.11359
80864,38.69767,-104.18674
80902,38.66937,-104.80796
80903,38.83156,-104.81505
80904,38.86083,-104.87616
80905,38.81891,-104.83835
80906,38.75259,-104.87821
80907,38.87823,-104.82702
80908,39.04758,-104.69054
80909,38.85348,-104.77522
80910,38.81207,-104.77458
80911,38.75292,-104.72348
80913,38.68743,-104.74891
80914,38.82400,-104.70418
80915,38.84980,-104.71704
80916,38.80246,-104.70871
80917,38.88617,-104.74526
80918,38.91039,-104.78036
80919,38.92822,-104.85270
80920,38.95761,-104.77079
80921,39.01620,-104.91049
80922,38.89065,-104.70060
80923,38.92689,-104.71481
80924,38.96771,-104.72122
80925,38.75782,-104.65586
80926,38.63472,-104.90297
80927,38.92860,-104.65801
80928,38.63040,-104.40164
80929,38.82471,-104.62697
80930,38.81423,-104.50248
80938,38.90476,-104.66331
80939,38.87796,-104.67737
80951,38.89812,-104.65243
81001,38.29572,-104.53343
81003,38.27987,-104.63151
81004,38.04405,-104.71441
81005,38.19768,-104.81045
81006,38.23613,-104.49734
81007,38.36004,-104.77320
81008,38.43636,-104.61768
81019,37.94370,-104.84188
81020,37.54885,-104.49102
81021,38.38761,-103.38093
81022,38.05017,-104.42257
81023,38.05263,-104.96422
81024,37.24935,-104.73471
81025,38.45505,-104.35530
81027,37.18931,-103.79993
81029,37.08291,-102.50888
81030,38.10074,-103.52362
81033,38.19489,-103.86135
81036,38.38766,-102.75685
81038,38.07924,-103.14042
81039,37.93907,-104.08520
81040,37.78322,-105.22721
81041,37.86747,-102.37025
81043,38.13095,-102.22092
81044,37.85966,-102.94768
81045,38.48765,-103.16465
81047,38.10960,-102.14948
81049,37.37876,-103.38757
81050,37.94235,-103.51516
81052,37.91802,-102.63955
81054,37.94570,-103.15740
81055,37.49167,-105.11156
81057,38.12181,-102.87932
81058,38.09995,-103.88286
81059,37.50539,-104.02076
81062,38.29689,-103.96434
81063,38.43071,-103.77106
81064,37.22471,-102.99928
81067,37.93363,-103.77847
81069,37.89327,-104.90363
81071,38.43323,-102.26079
81073,37.42541,-102.70514
81076,38.34322,-103.60160
81077,38.01762,-103.63084
81081,37.04816,-104.21495
81082,37.18185,-104.51804
81084,37.58575,-102.41028
81087,37.36590,-102.40900
81089,37.65158,-104.73776
81090,37.36590,-102.23046
81091,37.14909,-104.96470
81092,38.19382,-102.75225
81101,37.48125,-105.83321
81120,37.22756,-106.31931
81121,37.10978,-107.43908
81122,37.35149,-107.47581
81123,37.39973,-105.57182
81124,37.30624,-106.16059
81125,37.81926,-106.06986
81126,37.15559,-105.33459
81128,37.07969,-106.62096
81129,37.10336,-106.02905
81130,37.54907,-107.00324
81131,37.86541,-105.67914
81132,37.71132,-106.42908
81133,37.43013,-105.30719
81136,37.71951,-105.81348
81137,37.05191,-107.61360
81138,37.03076,-105.62037
81140,37.31506,-106.10537
81141,37.16230,-105.85834
81143,38.05148,-105.85430
81144,37.55341,-106.16691
81146,37.62445,-105.68400
81147,37.32234,-107.08795
81148,37.17182,-105.98542
81149,38.10009,-106.34614
81151,37.27860,-105.80812
81152,37.11077,-105.40212
81154,37.57533,-106.60377
81155,38.28645,-106.06552
81201,38.55483,-106.06604
81210,38.80868,-106.67795
81211,38.97289,-106.38052
81212,38.53575,-105.39839
81220,38.30824,-107.48057
81221,38.36237,-105.14443
81222,38.34810,-105.83049
81223,38.36453,-105.61265
81224,38.88008,-106.93278
81225,38.96645,-106.92627
81226,38.31502,-105.14529
81227,38.54930,-106.29012
81230,38.39507,-106.95368
81231,38.55002,-106.91967
81232,38.28513,-105.61047
81233,38.42597,-105.82488
81235,38.01284,-107.29942
81236,38.67626,-106.26370
81237,38.60307,-106.61405
81239,38.50881,-106.66367
81240,38.50035,-105.03430
81241,38.62290,-106.50843
81242,38.50814,-106.07551
81243,38.26600,-107.19209
81244,38.36294,-105.17773
81248,38.46430,-106.37826
81251,39.11207,-106.47441
81252,38.11064,-105.42752
81253,38.22707,-105.06517
81301,37.44686,-107.85578
81303,37.12149,-107.88550
81320,37.72014,-108.73515
81321,37.31297,-108.73454
81323,37.70273,-108.12664
81324,37.65845,-109.02961
81325,37.92016,-108.72679
81326,37.15638,-108.18708
81327,37.51805,-108.66075
81328,37.36000,-108.25834
81330,37.23125,-108.48250
81331,37.44587,-108.90729
81332,37.70034,-107.99123
81334,37.14613,-108.61295
81335,37.49641,-108.75707
81401,38.48415,-107.77292
81403,38.36835,-107.95735
81410,38.80461,-107.96636
81411,38.25073,-108.98017
81413,38.96563,-107.95622
81415,38.62551,-107.62758
81416,38.75207,-108.13696
81418,38.84890,-107.98784
81419,38.88307,-107.74773
81422,38.34659,-108.71131
81423,38.02316,-108.37247
81424,38.30812,-108.46017
81425,38.49360,-108.24748
81426,37.86821,-107.89130
81427,38.02583,-107.60975
81428,38.96299,-107.59958
81429,38.32395,-108.87618
81430,38.01396,-108.04935
81431,38.11065,-108.57009
81432,38.09714,-107.75477
81433,37.72201,-107.57939
81434,38.98171,-107.43059
81435,37.90800,-107.85948
81501,39.07185,-108.54713
81503,39.02996,-108.43388
81504,39.07963,-108.49028
81505,39.25583,-108.53425
81506,39.11563,-108.53151
81507,39.00988,-108.65187
81520,39.11108,-108.43384
81521,39.13057,-108.80641
81522,38.61822,-108.91333
81523,38.96875,-108.89139
81524,39.27425,-108.78714
81525,39.28671,-108.94617
81526,39.09689,-108.33451
81527,38.79847,-108.46998
81601,39.60131,-107.30439
81610,40.27690,-108.75627
81611,39.15817,-106.66863
81612,39.13418,-106.83737
81615,39.22061,-106.92930
81620,39.59560,-106.51344
81621,39.40201,-106.80682
81623,39.24603,-107.16291
81624,39.15922,-107.74515
81625,40.74522,-107.69479
81630,39.45801,-108.56434
81631,39.63027,-106.73491
81632,39.62920,-106.60763
81633,40.33832,-108.42920
81635,39.49503,-108.04797
81637,39.77783,-107.10581
81638,40.31557,-107.54905
81639,40.50688,-107.23927
81640,40.66830,-108.51405
81641,40.08428,-107.74734
81642,39.31825,-106.65596
81643,39.06809,-108.15183
81645,39.45559,-106.45836
81646,39.10440,-108.00520
81647,39.61053,-107.56663
81648,39.94022,-108.66537
81649,39.53023,-106.27816
81650,39.75104,-108.11372
81652,39.48517,-107.65472
81653,40.96975,-107.22719
81654,39.20556,-107.04580
81655,39.78117,-106.45989
81656,39.28385,-106.89726
81657,39.67595,-106.30832
82001,41.09236,-104.93627
82005,41.13997,-104.87849
82007,41.08001,-104.69167
82009,41.37355,-104.84281
82050,41.44699,-104.26633
82051,41.58193,-105.59543
82052,41.11855,-105.30861
82053,41.25220,-104.36887
82054,41.06427,-104.36052
82055,41.33227,-106.17571
82058,42.08708,-105.63617
82059,41.05342,-105.17865
82060,41.27739,-104.49698
82061,41.49212,-105.14320
82063,40.88229,-105.99740
82070,41.19524,-105.83188
82072,41.41404,-105.47731
82073,41.35676,-105.58754
82081,41.53364,-104.49209
82082,41.23532,-104.13424
82083,41.66219,-106.08058
82084,41.02539,-105.61977
82190,44.51997,-110.64909
82201,42.01873,-105.14900
82210,41.74395,-104.83031
82212,42.27861,-104.53929
82213,42.49469,-105.00445
82214,42.25238,-104.79121
82215,42.38200,-104.75957
82217,41.75981,-104.13952
82219,42.49872,-104.51328
82221,41.63804,-104.32847
82222,43.19613,-104.65047
82223,42.13033,-104.39578
82224,43.02716,-104.80847
82225,43.01119,-104.24382
82227,42.74307,-104.75076
82229,42.87805,-104.96710
82240,42.25765,-104.15094
82242,42.69454,-104.10938
82243,41.99541,-104.42924
82244,41.87935,-104.42088
82301,41.89202,-107.49059
82321,41.23432,-107.72526
82322,42.23774,-107.56103
82323,41.05245,-107.50008
82324,41.67447,-106.41194
82325,41.24653,-106.71414
82327,42.14164,-106.63030
82329,42.08973,-106.08123
82331,41.37002,-106.79654
82332,41.03608,-107.28071
82334,41.90104,-107.01777
82335,41.75378,-106.76018
82336,41.69828,-108.20802
82401,43.98857,-108.15215
82410,44.35471,-108.11918
82411,44.41451,-108.45811
82412,44.79685,-108.55349
82414,44.49239,-109.59360
82420,44.93433,-108.45772
82421,44.90969,-108.59910
82422,44.49766,-108.38227
82423,44.96621,-108.58121
82426,44.51415,-107.76791
82428,44.32647,-107.51130
82430,43.81542,-108.18502
82431,44.84024,-108.16438
82432,44.20300,-107.86454
82433,44.06225,-109.10472
82434,44.38245,-108.29571
82435,44.81046,-108.91504
82440,44.71975,-108.86417
82441,44.64287,-107.76998
82442,43.87930,-107.32173
82443,43.72665,-108.47213
82450,44.50530,-109.43547
82501,43.03305,-108.20699
82510,42.99406,-108.59789
82512,43.30147,-109.28261
82513,43.61764,-109.67289
82514,43.03500,-108.92893
82515,42.90373,-108.54262
82516,43.18855,-108.83201
82520,42.69917,-108.61860
82523,43.46283,-108.82266
82601,43.05895,-106.43981
82604,42.85760,-106.77076
82609,42.80520,-106.18085
82620,42.46528,-107.10718
82630,43.16517,-107.31724
82633,43.02215,-105.39185
82635,43.39815,-106.22238
82636,42.91346,-106.15828
82637,42.81434,-105.88458
82638,43.11768,-107.32594
82639,43.71212,-106.61263
82640,43.56383,-106.19992
82642,43.24527,-107.60083
82643,43.44102,-106.25226
82644,42.84012,-106.38488
82646,43.00093,-106.82196
82648,43.28105,-107.15268
82649,43.30133,-108.05335
82701,43.71164,-104.43386
82710,44.70652,-104.24877
82711,44.70923,-104.45862
82712,44.45326,-104.12162
82714,44.57155,-104.69961
82715,44.11915,-104.13339
82716,44.46464,-105.69506
82718,43.87884,-105.62162
82720,44.79600,-104.67055
82721,44.48184,-104.91642
82723,44.00193,-104.42289
82725,44.87679,-105.70259
82727,44.32405,-105.19824
82729,44.32370,-104.36041
82730,44.04554,-104.69760
82731,44.84584,-105.30813
82732,43.70544,-105.61957
82801,44.84371,-106.83599
82831,44.60010,-106.04980
82832,44.59484,-106.79709
82833,44.61136,-107.06339
82834,44.23974,-106.65871
82835,44.75604,-106.35929
82836,44.78312,-107.48694
82837,44.77338,-106.23527
82838,44.93288,-107.57760
82839,44.92581,-107.16108
82842,44.57299,-106.93236
82844,44.78257,-107.22109
82845,44.75353,-106.65462
82901,41.37927,-108.97818
82922,43.12648,-110.41126
82923,42.65906,-109.42741
82925,43.16804,-109.78437
82929,41.55575,-109.84363
82930,41.01610,-110.64492
82932,42.25413,-109.35705
82933,41.29321,-110.44083
82934,41.60409,-110.01300
82935,41.68857,-109.66473
82936,41.06198,-110.18467
82937,41.34708,-110.26487
82938,41.09964,-109.88882
82939,41.21892,-110.34557
82941,42.90478,-109.75786
82942,41.71429,-108.87080
82943,41.75463,-109.20801
82944,41.16205,-110.46464
82945,41.74407,-109.05104
83001,43.39456,-110.62983
83011,43.57652,-110.43249
83012,43.71561,-110.80717
83013,44.04866,-110.42609
83014,43.44860,-110.96686
83025,43.59202,-110.82599
83101,41.95990,-110.55056
83110,42.72590,-110.84922
83111,42.77191,-111.17409
83112,42.92061,-110.83248
83113,42.53186,-110.25787
83114,42.26453,-110.98461
83115,42.89179,-110.31410
83116,41.76954,-110.53347
83118,43.04785,-110.99758
83119,42.64392,-110.98820
83120,42.91471,-111.13272
83121,41.81972,-110.53391
83122,42.82027,-110.94654
83123,42.22111,-110.25021
83124,41.77311,-110.23401
83126,42.59374,-110.83076
83127,42.96034,-110.96358
83128,43.04008,-110.72221
83201,42.90602,-112.37363
83202,42.92551,-112.18278
83203,43.04241,-112.49598
83204,42.85634,-112.62987
83209,42.85779,-112.42632
83210,43.02035,-112.86917
83211,42.70115,-113.02846
83212,42.53879,-112.54398
83213,43.53932,-113.26678
83214,42.53985,-112.30768
83215,43.44316,-112.81250
83217,42.77786,-111.94272
83218,43.31765,-112.16534
83220,42.37725,-111.42317
83221,43.32408,-112.55205
83223,42.18507,-111.40870
83226,44.67881,-114.33571
83227,44.24891,-114.50673
83228,42.23362,-112.06023
83232,42.13846,-111.97109
83233,42.13504,-111.23796
83234,42.42261,-112.10123
83235,44.57487,-113.69857
83236,43.19109,-111.87246
83237,42.02745,-111.77856
83238,42.32102,-111.11643
83239,42.53381,-111.29012
83241,42.51485,-111.76536
83243,42.29751,-112.65130
83244,44.11696,-113.12392
83245,42.81812,-112.20774
83246,42.61101,-112.02464
83250,42.67253,-112.20475
83251,43.94470,-113.94466
83252,42.17441,-112.40656
83253,44.31520,-113.69067
83254,42.32875,-111.27191
83255,43.68570,-113.58364
83261,42.21606,-111.43313
83262,43.21695,-112.84442
83263,42.18125,-111.75321
83271,42.44220,-112.91278
83272,42.16611,-111.51117
83274,43.34883,-112.09798
83276,42.74794,-111.50851
83277,43.06690,-112.66716
83278,44.33630,-114.81370
83281,42.32985,-111.96546
83283,42.37109,-111.63255
83285,43.07238,-111.30301
83286,42.06342,-112.01575
83287,42.04225,-111.39919
83301,42.40055,-114.52488
83302,42.22689,-115.00903
83311,42.39173,-113.56472
83312,41.97589,-113.65072
83313,43.35072,-114.26076
83314,42.98502,-114.95159
83316,42.62553,-114.88280
83318,42.43968,-113.81586
83320,43.48146,-113.87271
83321,42.46350,-114.91492
83322,43.34950,-114.97859
83323,42.50296,-113.39154
83324,42.87304,-114.27177
83325,42.58961,-114.23640
83327,43.49259,-114.80946
83328,42.57045,-114.61317
83330,42.95193,-114.70800
83332,42.80313,-114.92498
83333,43.56831,-114.31096
83334,42.44446,-114.29209
83335,42.57958,-114.06682
83336,42.56468,-113.82465
83337,43.22407,-115.15206
83338,42.72853,-114.43213
83340,43.73610,-114.58219
83341,42.41911,-114.37074
83342,42.17747,-113.25510
83344,42.44692,-114.13830
83346,42.28485,-113.82440
83347,42.66362,-113.80902
83348,43.24947,-114.10768
83349,43.09654,-114.18141
83350,42.69433,-113.57998
83352,43.07008,-114.41233
83353,43.69066,-114.33161
83354,43.67014,-114.32231
83355,42.75744,-114.72221
83401,43.54241,-111.87794
83402,43.52635,-112.18205
83404,43.42190,-112.01154
83406,43.44395,-111.81163
83414,43.86144,-110.93573
83420,44.07747,-111.34644
83421,44.02010,-111.52923
83422,43.72845,-111.23174
83423,44.30009,-112.28055
83424,43.91005,-111.16811
83425,43.91220,-112.24243
83427,43.52498,-111.93248
83428,43.46982,-111.17218
83429,44.48092,-111.39440
83431,43.68843,-112.03293
83433,44.48439,-111.33305
83434,43.75265,-112.00638
83435,43.98886,-112.56860
83436,43.85716,-111.47205
83440,43.81560,-111.82353
83442,43.67199,-111.89338
83443,43.51595,-111.51809
83444,43.71937,-112.30157
83445,43.97929,-111.76736
83446,44.47257,-112.18764
83448,43.85000,-111.69265
83449,43.33075,-111.34842
83450,43.83065,-112.40557
83451,43.86655,-111.63332
83452,43.83542,-111.21833
83454,43.59116,-111.95224
83455,43.61404,-111.18388
83460,43.81697,-111.78220
83462,45.30118,-113.80934
83463,45.58136,-114.05356
83464,44.53353,-113.25575
83465,44.79274,-113.67238
83466,45.41806,-114.03623
83467,44.97981,-113.89628
83468,44.92225,-113.59221
83469,45.33910,-114.40927
83501,46.20873,-116.91372
83520,46.54415,-116.32647
83522,45.91963,-116.51157
83523,46.24890,-116.44354
83524,46.36569,-116.66553
83525,45.78883,-115.51741
83526,46.14776,-116.41207
83530,45.91992,-116.08420
83533,46.09440,-116.23687
83535,46.53419,-116.72401
83536,46.22371,-116.00130
83537,46.63762,-116.55088
83539,46.25682,-114.84663
83540,46.34520,-116.78268
83541,46.51338,-116.46946
83542,45.56913,-116.35729
83543,46.27320,-116.23343
83544,46.49092,-116.15141
83545,46.42642,-116.42179
83546,46.56001,-115.82212
83547,45.17352,-116.21813
83548,46.36093,-116.50503
83549,45.34416,-116.19090
83552,46.00806,-115.93294
83553,46.39341,-115.89747
83554,45.72006,-116.27529
83555,46.12754,-116.68943
83601,43.87593,-115.16037
83602,44.07060,-116.10868
83604,42.51535,-115.74786
83605,43.66058,-116.65472
83607,43.70941,-116.75054
83610,44.74337,-116.77357
83611,44.72725,-115.36806
83612,44.92106,-116.58632
83615,44.72024,-116.05486
83616,43.77556,-116.39495
83617,43.93682,-116.50519
83619,43.96610,-116.91026
83622,44.10135,-115.88459
83623,43.08203,-115.39263
83624,42.90472,-116.15483
83626,43.66750,-116.83213
83627,42.91784,-115.54731
83628,43.59499,-116.98483
83629,43.91187,-116.13042
83631,43.86516,-115.63990
83632,44.54001,-116.41289
83633,43.01460,-115.20497
83634,43.45571,-116.32871
83636,43.90694,-116.65956
83637,44.10392,-115.15516
83638,45.05811,-115.93792
83639,43.39738,-116.86653
83641,43.35410,-116.58468
83642,43.57351,-116.40106
83643,44.62874,-116.44566
83644,43.75094,-116.57963
83645,44.38518,-116.58876
83646,43.64959,-116.43176
83647,43.40075,-115.52290
83648,43.04919,-115.86586
83650,42.84601,-116.67648
83651,43.58774,-116.62035
83654,45.10018,-116.35051
83655,43.95125,-116.78849
83656,43.72646,-116.79912
83657,44.22302,-116.29644
83660,43.79772,-116.92957
83661,44.08072,-116.70852
83666,43.96333,-115.97588
83669,43.72475,-116.48856
83670,44.01863,-116.31292
83671,45.34387,-115.05233
83672,44.37415,-116.95710
83676,43.65604,-116.90752
83677,45.05207,-115.51821
83686,43.49222,-116.60770
83687,43.60997,-116.52915
83702,43.68047,-116.16019
83703,43.66412,-116.24147
83704,43.62716,-116.28765
83705,43.56242,-116.21756
83706,43.59176,-116.19529
83709,43.55101,-116.29013
83712,43.61053,-116.11898
83713,43.64026,-116.33353
83714,43.73264,-116.28810
83716,43.54609,-115.94447
83801,47.93684,-116.66617
83802,47.04988,-115.57172
83803,48.03150,-116.44357
83804,48.04528,-116.97134
83805,48.86705,-116.54073
83806,46.89406,-116.36116
83808,47.32064,-116.06435
83809,48.06360,-116.57354
83810,47.54249,-116.45080
83811,48.10792,-116.13804
83812,47.02323,-116.23359
83813,48.08504,-116.67277
83814,47.68569,-116.62777
83815,47.72628,-116.78995
83821,48.53637,-116.84840
83822,48.17910,-116.99111
83823,46.82095,-116.54091
83824,47.11360,-116.91007
83825,48.25279,-116.59794
83826,48.97602,-116.18885
83827,46.77834,-116.17368
83830,47.05116,-116.36272
83832,46.55229,-116.90957
83833,47.50995,-116.71837
83834,46.99057,-116.63778
83835,47.79695,-116.66025
83836,48.25105,-116.26886
83837,47.50779,-116.09559
83839,47.60950,-116.16382
83840,48.31057,-116.51517
83841,48.20147,-116.75113
83842,47.44484,-116.54655
83843,46.72225,-116.94016
83844,46.73007,-117.01478
83845,48.80457,-116.09113
83846,47.48071,-115.76726
83847,48.57786,-116.44909
83848,48.67238,-116.89155
83849,47.53810,-115.99196
83850,47.45434,-116.23409
83851,47.29956,-116.92189
83852,48.30711,-116.54269
83854,47.71985,-116.96995
83855,46.99478,-116.88815
83856,48.29733,-116.91090
83857,46.89710,-116.79629
83858,47.85530,-116.90384
83860,48.18054,-116.53622
83861,47.26460,-116.54057
83864,48.47655,-116.51415
83866,47.15508,-116.42472
83867,47.51212,-115.94693
83868,47.55586,-116.17493
83869,47.98235,-116.89236
83870,47.12587,-116.83153
83871,46.74190,-116.74275
83872,46.86750,-116.97696
83873,47.58291,-115.84353
83874,47.64315,-115.80499
83876,47.45747,-116.93056
84001,40.34669,-110.27596
84002,40.45207,-110.30671
84003,40.47165,-111.68059
84004,40.50951,-111.75118
84005,40.32511,-111.99654
84006,40.60147,-112.11725
84007,40.32370,-110.20786
84010,40.86794,-111.86785
84013,40.29592,-112.09447
84014,40.93209,-111.88402
84015,41.12036,-112.06078
84017,40.92960,-111.22430
84018,41.21533,-111.44557
84020,40.50015,-111.86962
84021,40.10823,-110.53376
84022,40.50776,-112.65429
84023,40.93937,-109.19039
84024,41.00766,-111.44733
84025,40.98080,-111.90483
84026,40.28279,-109.83796
84027,40.15383,-110.81997
84028,41.92375,-111.41234
84029,40.64869,-112.72847
84031,40.61025,-110.79843
84032,40.53940,-111.32127
84033,40.98565,-111.50111
84034,39.99237,-113.87893
84035,40.35500,-109.18183
84036,40.66743,-111.11827
84037,41.02667,-111.95056
84038,41.92064,-111.28587
84039,40.47956,-109.80381
84040,41.09234,-111.92806
84041,41.06993,-111.98126
84042,40.34077,-111.72452
84043,40.41031,-111.87630
84044,40.72011,-112.15497
84045,40.33649,-111.91119
84046,40.92077,-109.83105
84047,40.61523,-111.89075
84049,40.52287,-111.52437
84050,41.02263,-111.67687
84051,40.38946,-110.42701
84052,40.16651,-109.99774
84053,40.45467,-110.01016
84054,40.83855,-111.91676
84055,40.70957,-111.20962
84056,41.12913,-111.99193
84057,40.31428,-111.71040
84058,40.28729,-111.72779
84060,40.65235,-111.50193
84061,40.76404,-111.31882
84062,40.44115,-111.67045
84063,39.84959,-109.68090
84064,41.67927,-111.13773
84065,40.49394,-111.94373
84066,40.32826,-110.02677
84067,41.17105,-112.04814
84069,40.38976,-112.52138
84070,40.57711,-111.88904
84071,40.41809,-112.31721
84072,40.35541,-110.66031
84073,40.35465,-110.43484
84074,40.55522,-112.26538
84075,41.07772,-112.07580
84076,40.46646,-109.84553
84078,40.62760,-109.48006
84080,40.10025,-112.42991
84081,40.60283,-112.03763
84082,40.36581,-111.39529
84083,40.81779,-113.73957
84084,40.62287,-111.96455
84085,40.59264,-109.95227
84086,41.47368,-111.23305
84087,40.88492,-111.93224
84088,40.59516,-111.96092
84092,40.55199,-111.71479
84093,40.59475,-111.82850
84094,40.57187,-111.86214
84095,40.55756,-111.97877
84096,40.52978,-112.13087
84097,40.30482,-111.67312
84098,40.73369,-111.53331
84101,40.75640,-111.90008
84102,40.76025,-111.86439
84103,40.79521,-111.84247
84104,40.74944,-111.98154
84105,40.73830,-111.85955
84106,40.70675,-111.85566
84107,40.65804,-111.88445
84108,40.80904,-111.72752
84109,40.70581,-111.70454
84111,40.75596,-111.88398
84112,40.76508,-111.84148
84113,40.76464,-111.83351
84115,40.71450,-111.89269
84116,40.79385,-111.97777
84117,40.66104,-111.83471
84118,40.65352,-112.01341
84119,40.70026,-111.94643
84120,40.69748,-112.00124
84121,40.61698,-111.68681
84123,40.65890,-111.92163
84124,40.67719,-111.81329
84128,40.70045,-112.04677
84144,40.76826,-111.89253
84180,40.77044,-111.90111
84301,41.60820,-112.13013
84302,41.55359,-112.05075
84304,41.81950,-111.99780
84305,41.94415,-112.07563
84306,41.80046,-112.05771
84307,41.48012,-112.53721
84308,41.96707,-112.00933
84309,41.71408,-112.09837
84310,41.33539,-111.84682
84311,41.82367,-112.11601
84312,41.77730,-112.15609
84313,41.66014,-113.96231
84314,41.64841,-112.09285
84315,41.16751,-112.13777
84316,41.77091,-112.48415
84317,41.30755,-111.62016
84318,41.80257,-111.81368
84319,41.60361,-111.66782
84320,41.96518,-111.84580
84321,41.71772,-111.83649
84324,41.48795,-111.95263
84325,41.72477,-111.98899
84326,41.67066,-111.81779
84327,41.86989,-111.99293
84328,41.54586,-111.83477
84329,41.76050,-113.41886
84330,41.92617,-112.16330
84331,41.94843,-112.27367
84332,41.69998,-111.81215
84333,41.90723,-111.81212
84334,41.78259,-112.14764
84335,41.82397,-111.88349
84336,41.92112,-112.76803
84337,41.76510,-112.31741
84338,41.91395,-111.94064
84339,41.62610,-111.94625
84340,41.36374,-112.03607
84341,41.77554,-111.80665
84401,41.21621,-112.04169
84403,41.21498,-111.88961
84404,41.26952,-112.11766
84405,41.15680,-111.96580
84414,41.32196,-111.97613
84501,39.54643,-110.75759
84511,37.58584,-109.40780
84512,37.09411,-109.61818
84513,39.23767,-111.01447
84515,38.97482,-109.13042
84516,39.14299,-111.06884
84518,39.38887,-110.87689
84520,39.53303,-110.42945
84521,39.41703,-110.76245
84522,38.92397,-111.21095
84523,39.09367,-111.19799
84525,39.08144,-110.05437
84526,39.74614,-110.94075
84528,39.40232,-111.07578
84529,39.67945,-110.82075
84530,38.27984,-109.14311
84531,37.17426,-109.88358
84532,38.51964,-109.53530
84533,37.56489,-110.44312
84534,37.25352,-109.23192
84535,37.99968,-109.55723
84536,37.12717,-110.35127
84537,39.33006,-111.23123
84539,39.61347,-110.33781
84540,39.24338,-109.43576
84542,39.54226,-110.73502
84601,40.22657,-111.69725
84604,40.31866,-111.57695
84606,40.21444,-111.62554
84620,38.91483,-111.92768
84621,39.05098,-111.82624
84622,39.10383,-111.82168
84623,39.45384,-111.58845
84624,39.45989,-112.64271
84626,39.90445,-111.99898
84627,39.35309,-111.56099
84628,39.94155,-112.13137
84629,39.79068,-111.48048
84630,39.28732,-111.82949
84631,38.95762,-112.38878
84632,39.62016,-111.65826
84633,39.96749,-111.90677
84634,39.15841,-111.81113
84635,39.40196,-112.72294
84636,39.14060,-112.33893
84637,38.67722,-112.51783
84638,39.51216,-112.25631
84639,39.50717,-111.90011
84640,39.49689,-112.38864
84642,39.28668,-111.61823
84643,39.11520,-111.71287
84645,39.83562,-111.84372
84646,39.54106,-111.60880
84647,39.54110,-111.41582
84648,39.68580,-111.86441
84649,39.34375,-112.32936
84651,39.95811,-111.71526
84652,39.01694,-111.86820
84653,40.02690,-111.64421
84654,38.86417,-111.67898
84655,39.97131,-111.80682
84656,39.13560,-112.06839
84657,38.81859,-111.93894
84660,40.12127,-111.69554
84662,39.42947,-111.47193
84663,40.16563,-111.49508
84664,40.11511,-111.56512
84665,39.19568,-111.67025
84667,39.50035,-111.66483
84701,38.60124,-111.69839
84710,37.48240,-112.47822
84711,38.66990,-112.02266
84712,37.99253,-111.93191
84713,38.32218,-112.65093
84714,37.84802,-113.72431
84715,38.28998,-111.54895
84716,37.94439,-111.44226
84718,37.53956,-112.04513
84719,37.67260,-112.81036
84720,37.59063,-113.19099
84721,37.77033,-113.07864
84722,37.45762,-113.60538
84723,38.18007,-112.25246
84724,38.67528,-112.14888
84725,37.54035,-113.78021
84726,37.73930,-111.58810
84728,39.33313,-113.91240
84729,37.38264,-112.66015
84730,38.73640,-112.01928
84731,38.25273,-112.85338
84732,38.44540,-111.90231
84733,37.25516,-113.77266
84734,38.30534,-110.65204
84735,37.64060,-112.43077
84736,37.54600,-111.98939
84737,37.02935,-113.24640
84738,37.17390,-113.70351
84739,38.62923,-112.20615
84740,38.28428,-112.26439
84741,37.18845,-112.24924
84742,37.54011,-113.20803
84743,38.17418,-112.13846
84744,38.62021,-111.94304
84745,37.23155,-113.24462
84746,37.24278,-113.35616
84747,38.40656,-111.64386
84749,38.43174,-111.51483
84750,38.43867,-112.19210
84751,38.38342,-112.92766
84752,38.18578,-112.87336
84753,37.96523,-113.85804
84754,38.62440,-112.10879
84755,37.23000,-112.77212
84756,37.59244,-113.56671
84757,37.46457,-113.26931
84758,37.31880,-112.72246
84759,37.90661,-112.39942
84760,37.94958,-112.66178
84761,37.87524,-112.84844
84762,37.49724,-112.73698
84763,37.14226,-113.07055
84764,37.61127,-112.15358
84765,37.12599,-113.67560
84766,38.57637,-112.31709
84767,37.23686,-112.98642
84770,37.17424,-113.60983
84772,37.77420,-112.93770
84773,38.22631,-111.34158
84774,37.29047,-113.28120
84775,37.93391,-110.94942
84776,37.63611,-112.07832
84779,37.33489,-113.12215
84780,37.12735,-113.48634
84781,37.41155,-113.46210
84782,37.34882,-113.66445
84783,37.26383,-113.68284
84784,37.02532,-112.96373
84790,37.04631,-113.55810
85003,33.45066,-112.07835
85004,33.45157,-112.06989
85006,33.46523,-112.04877
85007,33.44761,-112.09088
85008,33.46295,-111.98518
85009,33.44310,-112.12814
85012,33.50758,-112.07098
85013,33.51111,-112.08473
85014,33.50722,-112.05769
85015,33.50864,-112.10206
85016,33.51339,-112.02923
85017,33.50878,-112.12307
85018,33.50596,-111.98539
85019,33.50811,-112.14492
85020,33.56606,-112.05564
85021,33.55942,-112.09288
85022,33.62714,-112.04922
85023,33.63412,-112.09316
85024,33.73610,-112.02960
85027,33.67976,-112.09253
85028,33.57559,-112.00913
85029,33.59474,-112.10986
85031,33.49397,-112.16693
85032,33.62592,-112.00250
85033,33.49408,-112.21082
85034,33.43039,-112.01492
85035,33.47145,-112.19472
85037,33.48671,-112.26826
85040,33.40648,-112.02547
85041,33.38593,-112.11031
85042,33.36920,-112.04351
85043,33.43191,-112.19700
85044,33.34301,-112.02022
85045,33.29889,-112.10588
85048,33.31294,-112.05597
85050,33.68636,-111.99630
85051,33.55876,-112.13250
85053,33.62992,-112.13161
85054,33.67854,-111.94110
85083,33.72457,-112.15855
85085,33.75261,-112.09016
85086,33.81614,-112.11997
85087,33.92460,-112.12688
85118,33.40181,-111.35179
85119,33.40971,-111.50196
85120,33.40239,-111.56788
85121,33.14441,-111.92221
85122,32.91713,-111.74421
85123,32.71530,-111.69806
85128,32.98986,-111.53789
85131,32.67251,-111.54728
85132,32.92696,-111.21409
85135,33.00377,-110.78551
85137,33.13638,-111.02257
85138,33.00763,-111.98953
85139,32.97808,-112.14516
85140,33.24452,-111.54380
85141,32.64181,-111.43453
85142,33.19999,-111.63629
85143,33.15865,-111.51904
85145,32.54416,-111.35220
85147,33.12909,-111.73347
85172,32.88335,-111.95343
85173,33.27016,-111.12328
85192,32.96294,-110.67853
85193,32.80282,-111.81817
85194,32.90112,-111.62805
85201,33.43355,-111.85040
85202,33.37976,-111.87502
85203,33.45036,-111.80289
85204,33.39572,-111.78661
85205,33.43242,-111.71851
85206,33.39630,-111.71702
85207,33.45327,-111.63667
85208,33.40331,-111.62806
85209,33.37540,-111.63991
85210,33.38973,-111.84350
85212,33.32613,-111.63091
85213,33.44873,-111.76901
85215,33.51190,-111.57940
85224,33.32366,-111.87647
85225,33.31744,-111.83048
85226,33.25222,-112.01031
85233,33.35350,-111.81143
85234,33.36159,-111.74119
85248,33.21496,-111.86997
85249,33.22496,-111.79572
85250,33.53445,-111.88735
85251,33.49351,-111.91924
85253,33.54483,-111.95756
85254,33.61548,-111.95224
85255,33.66819,-111.82251
85256,33.50058,-111.84373
85257,33.46194,-111.91640
85258,33.56430,-111.89588
85259,33.60112,-111.80950
85260,33.61074,-111.89147
85262,33.83496,-111.80604
85263,33.80716,-111.55969
85264,33.63511,-111.53228
85266,33.76646,-111.91805
85268,33.60670,-111.73701
85281,33.42744,-111.93400
85282,33.39398,-111.93291
85283,33.36464,-111.93160
85284,33.33828,-111.93391
85286,33.27227,-111.83386
85295,33.30323,-111.74182
85296,33.33233,-111.74980
85297,33.27777,-111.73145
85298,33.24189,-111.72568
85301,33.53501,-112.18193
85302,33.56809,-112.17809
85303,33.53270,-112.22106
85304,33.59974,-112.17828
85305,33.53081,-112.25630
85306,33.62456,-112.17659
85307,33.53950,-112.31463
85308,33.66038,-112.18496
85309,33.53548,-112.37667
85310,33.70765,-112.15921
85320,33.91019,-113.20996
85321,32.23775,-112.65330
85322,33.15911,-112.87204
85323,33.41923,-112.32687
85324,34.11919,-112.04426
85325,33.99235,-113.91128
85326,33.29387,-112.59053
85328,33.25263,-114.62036
85331,33.87890,-111.91256
85332,34.18111,-112.90474
85333,33.02213,-113.28356
85334,33.51657,-114.51641
85335,33.59222,-112.32760
85336,32.54876,-114.78873
85337,32.96403,-112.70434
85338,33.37297,-112.41083
85339,33.23767,-112.15859
85340,33.51557,-112.41361
85341,31.87652,-112.80509
85342,33.94452,-112.45134
85343,33.33750,-112.68572
85344,34.08065,-114.21624
85345,33.57324,-112.24585
85346,33.63616,-114.14579
85347,32.79752,-113.78963
85348,33.71424,-113.72127
85349,32.50877,-114.74396
85350,32.56122,-114.69355
85351,33.60579,-112.28406
85352,32.71937,-113.83952
85353,33.41751,-112.27697
85354,33.43042,-113.04614
85355,33.57612,-112.45464
85356,32.68901,-114.16224
85357,34.02067,-113.45065
85360,34.73943,-113.46404
85361,33.76412,-112.61460
85362,34.27992,-112.83473
85363,33.58497,-112.30492
85364,32.70232,-114.65802
85365,33.11303,-114.12510
85367,32.67170,-114.39554
85371,33.82854,-114.37584
85373,33.67136,-112.29966
85374,33.64040,-112.37461
85375,33.68581,-112.36617
85377,33.82321,-111.91327
85379,33.60213,-112.37404
85381,33.60914,-112.23029
85382,33.65429,-112.24947
85383,33.80688,-112.25199
85387,33.70950,-112.45096
85388,33.60421,-112.43162
85390,33.90362,-112.87567
85392,33.47758,-112.30889
85395,33.47869,-112.39525
85396,33.52780,-112.70127
85501,33.55900,-110.76913
85530,33.08635,-110.26669
85531,32.88411,-109.79007
85533,33.35394,-109.40578
85534,32.75378,-109.14166
85535,32.98647,-109.91269
85536,33.12065,-110.01594
85539,33.34054,-110.89726
85540,33.00289,-109.38155
85541,34.19454,-111.30431
85542,33.32468,-110.31085
85543,32.97857,-109.98940
85544,34.30386,-111.56112
85545,33.56525,-111.14042
85546,32.81375,-109.35523
85550,33.57964,-110.45242
85551,32.72433,-109.58848
85552,32.81984,-109.77055
85553,33.84722,-111.18659
85554,33.97665,-110.96034
85601,31.58867,-111.31480
85602,32.16750,-110.41187
85603,31.43267,-109.91906
85605,32.30281,-109.48152
85606,32.04255,-109.89898
85607,31.52057,-109.37942
85608,31.45693,-109.58093
85609,32.06930,-110.09691
85610,31.72786,-109.73355
85611,31.66517,-110.51029
85613,31.56782,-110.37682
85614,31.81430,-110.91940
85615,31.40263,-110.21172
85616,31.70199,-110.32267
85617,31.51962,-109.70859
85618,32.71971,-110.53809
85619,32.40760,-110.73317
85620,31.33751,-109.94137
85621,31.38798,-110.91200
85622,31.82685,-111.07551
85623,32.70631,-110.80522
85624,31.50497,-110.69300
85625,31.88707,-109.61481
85626,31.35781,-109.56668
85627,32.00779,-110.23553
85629,31.91785,-111.01905
85630,31.88684,-110.17983
85631,32.59091,-110.55127
85632,32.09359,-109.13323
85633,31.61290,-111.50306
85634,32.03450,-111.99443
85635,31.57101,-110.17024
85637,31.71943,-110.69091
85638,31.71617,-110.05160
85640,31.55723,-111.04770
85641,32.04903,-110.62291
85643,32.40725,-109.96549
85645,31.68628,-111.16064
85646,31.64732,-110.94069
85648,31.49044,-111.03810
85650,31.50071,-110.20184
85653,32.39879,-111.38633
85654,32.41526,-111.15441
85658,32.55104,-111.14346
85701,32.21696,-110.97100
85704,32.33942,-110.98500
85705,32.27133,-110.99371
85706,32.14762,-110.93334
85707,32.17921,-110.88691
85708,32.18192,-110.86641
85710,32.21413,-110.82372
85711,32.21524,-110.88339
85712,32.25288,-110.88658
85713,32.19582,-111.01708
85714,32.16739,-110.95086
85715,32.24671,-110.83616
85716,32.24154,-110.92320
85718,32.33332,-110.91662
85719,32.24671,-110.94866
85723,32.18023,-110.96515
85724,32.24079,-110.94561
85726,32.20473,-110.94561
85730,32.18154,-110.74655
85735,32.09411,-111.34927
85736,31.90984,-111.36442
85737,32.41461,-110.94656
85739,32.62107,-110.98967
85741,32.33529,-111.04176
85742,32.39372,-111.06540
85743,32.30229,-111.18184
85745,32.25503,-111.08885
85746,32.09098,-111.04421
85747,32.09498,-110.76543
85748,32.21895,-110.75210
85749,32.28958,-110.73353
85750,32.30061,-110.83765
85755,32.46841,-110.98149
85756,32.07927,-110.89892
85757,32.12852,-111.12207
85901,34.31481,-110.02401
85911,34.17305,-110.36733
85912,34.43476,-109.89870
85920,33.85857,-109.17818
85922,33.51072,-109.12913
85923,34.32496,-110.34056
85924,34.56662,-109.67236
85925,34.08811,-109.32299
85926,33.76925,-109.97928
85927,34.00684,-109.46353
85928,34.54536,-110.55118
85929,34.18468,-109.93982
85930,34.04732,-109.72067
85931,34.37000,-110.91565
85932,33.95334,-109.21350
85933,34.35709,-110.50926
85934,34.30025,-110.24573
85935,34.11993,-109.89669
85936,34.65268,-109.26874
85937,34.57397,-110.06228
85938,34.14958,-109.33661
85939,34.43143,-110.08526
85940,34.25166,-109.68226
85941,33.82139,-109.96983
85942,34.73571,-109.95470
86001,35.28766,-111.63930
86003,35.18971,-111.22401
86004,35.38094,-111.37346
86011,35.18007,-111.65503
86015,35.23157,-111.84021
86016,35.75246,-111.64115
86017,34.88906,-111.62615
86018,35.18871,-111.91613
86020,35.99280,-111.49782
86021,36.97228,-113.02432
86022,36.85635,-112.83709
86023,36.03313,-112.02262
86024,34.66886,-111.31207
86025,34.93078,-110.10481
86028,35.07374,-109.76459
86029,35.02101,-109.99263
86030,35.96849,-110.73047
86031,35.38660,-110.05170
86032,35.07961,-110.28392
86033,36.67578,-110.22822
86034,35.79420,-110.12587
86035,35.45672,-110.94418
86036,36.78890,-111.81550
86038,34.98436,-111.42998
86039,36.05580,-110.52522
86040,36.70550,-111.42754
86042,35.86176,-110.38415
86043,35.80970,-110.53344
86044,36.69319,-110.81027
86045,36.09645,-111.11642
86046,35.41857,-112.12563
86047,35.11344,-110.67125
86052,36.14746,-112.02987
86053,36.73505,-111.05519
86054,36.72464,-110.61217
86301,34.58718,-112.42895
86303,34.48862,-112.46760
86305,34.86628,-112.91532
86313,34.55360,-112.45242
86314,34.62603,-112.30596
86315,34.70344,-112.27010
86320,35.34613,-112.64548
86321,34.49283,-113.10312
86322,34.49925,-111.80036
86323,34.77329,-112.40578
86324,34.85744,-112.12043
86325,34.73456,-111.89794
86326,34.70003,-112.02364
86327,34.57129,-112.10496
86329,34.47162,-112.22501
86331,34.72684,-112.14386
86332,34.32054,-112.63294
86333,34.32304,-112.08197
86334,34.94904,-112.54456
86335,34.69472,-111.67315
86336,34.90989,-111.86725
86337,35.35979,-113.03110
86338,34.58175,-112.75384
86343,34.17698,-112.29999
86351,34.77853,-111.78504
86401,35.13172,-113.70393
86403,34.48026,-114.34850
86404,34.59005,-114.30783
86406,34.38239,-114.08063
86409,35.46101,-114.01806
86411,35.54422,-113.75482
86413,35.21054,-114.34605
86426,35.00832,-114.57101
86429,35.16363,-114.48493
86431,35.41558,-114.21983
86432,36.36663,-113.44657
86433,34.91756,-114.34881
86434,35.67665,-113.62055
86435,36.04417,-112.90389
86436,34.75709,-114.38501
86437,35.37885,-113.61409
86438,34.54892,-113.80542
86440,34.89668,-114.52531
86441,35.57034,-114.37091
86442,35.08961,-114.56087
86443,35.94875,-114.44487
86444,35.89704,-114.04721
86445,35.77634,-114.50237
86502,35.21795,-109.59186
86503,36.15343,-109.68534
86504,35.93227,-109.13546
86505,35.62375,-109.70696
86506,35.35806,-109.22013
86507,36.41045,-109.26405
86508,35.32949,-109.09557
86510,36.25798,-110.22037
86511,35.55010,-109.15366
86512,35.09507,-109.24317
86514,36.87293,-109.33966
86515,35.67925,-108.95423
86520,36.10991,-109.93561
86535,36.79403,-109.85523
86538,36.40194,-109.59727
86540,35.94144,-109.44398
86544,36.61948,-109.16420
86545,36.71141,-109.60662
86547,36.51253,-109.49408
86556,36.28841,-109.25542
87001,35.37662,-106.33708
87002,34.61189,-106.65217
87004,35.36888,-106.59724
87005,35.26752,-107.97841
87006,34.48973,-106.84368
87007,35.02409,-107.50912
87008,35.12239,-106.40501
87010,35.40829,-106.12983
87011,34.06367,-105.94692
87012,36.12730,-106.65163
87013,35.93170,-107.36723
87014,35.23473,-107.39121
87015,35.07591,-106.18298
87016,34.80627,-105.95521
87017,36.31704,-106.76549
87018,36.16555,-107.56353
87020,34.86522,-107.94800
87021,35.19212,-107.87897
87022,34.90117,-106.70227
87023,34.59907,-106.75820
87024,35.67309,-106.72533
87025,35.84134,-106.62841
87026,34.96533,-107.23359
87027,36.12626,-106.94788
87028,34.37961,-106.76708
87029,36.39070,-106.98021
87031,34.69820,-107.00530
87032,34.85128,-106.01145
87034,34.77638,-107.56458
87035,34.91565,-105.95325
87036,34.37206,-106.23921
87037,36.16759,-107.76356
87038,35.08763,-107.41235
87040,35.10349,-107.38420
87041,35.68583,-106.33435
87042,34.82801,-106.68651
87043,35.27557,-106.46268
87044,35.66549,-106.64427
87045,35.35182,-108.08862
87046,36.25115,-106.91211
87047,35.25085,-106.28877
87048,35.23958,-106.62706
87049,35.11364,-107.59684
87051,35.03641,-107.85278
87052,35.49361,-106.31256
87053,35.63231,-107.01962
87056,35.18306,-105.87593
87059,34.99676,-106.30064
87061,34.73326,-106.38791
87062,34.44003,-106.65882
87063,34.55498,-105.89056
87064,36.17925,-106.58098
87068,34.87555,-106.60336
87070,35.02187,-105.77801
87072,35.60703,-106.39683
87083,35.64847,-106.34276
87102,35.08236,-106.64677
87104,35.10318,-106.67555
87105,34.97466,-106.60796
87106,35.05786,-106.62073
87107,35.13780,-106.64254
87108,35.07248,-106.57837
87109,35.15167,-106.57495
87110,35.10819,-106.57815
87111,35.14390,-106.48750
87112,35.10061,-106.51627
87113,35.18099,-106.59362
87114,35.19722,-106.68510
87116,35.06371,-106.54314
87117,35.01927,-106.55416
87120,35.14054,-106.76097
87121,35.08902,-106.87205
87122,35.19134,-106.50078
87123,35.06779,-106.47104
87124,35.26850,-106.78368
87144,35.32520,-106.70545
87301,35.53498,-108.73795
87305,35.37941,-108.80362
87310,35.80511,-108.53963
87311,35.60667,-108.51563
87312,35.42260,-108.32301
87313,35.80446,-108.07884
87315,34.76680,-108.68492
87316,35.36158,-108.37720
87317,35.58756,-108.76102
87319,35.47100,-108.94935
87320,35.80787,-108.87612
87321,34.99861,-108.36907
87322,35.52608,-108.65311
87323,35.45771,-108.19353
87325,35.99391,-108.61422
87326,35.26180,-108.82144
87327,35.00516,-108.78160
87328,35.97874,-108.98128
87347,35.42724,-108.44646
87357,34.90789,-108.29675
87364,36.14146,-108.69818
87375,35.67617,-108.75854
87401,36.74143,-108.18090
87402,36.78385,-108.14400
87410,36.86828,-107.88231
87412,36.69787,-107.47553
87413,36.41550,-107.97852
87415,36.81750,-108.09604
87416,36.70519,-108.42907
87417,36.75014,-108.35199
87418,36.95069,-108.15022
87419,36.86472,-107.49239
87420,36.85125,-108.89843
87421,36.76688,-108.51407
87455,36.33126,-108.65646
87461,36.32864,-108.94547
87499,36.34452,-108.21583
87501,35.74414,-105.85681
87505,35.61980,-105.86698
87506,35.81311,-105.98445
87507,35.59569,-106.10906
87508,35.52745,-105.96878
87510,36.28290,-106.41199
87511,36.10569,-105.93024
87512,36.92336,-105.34353
87513,36.57959,-105.68733
87514,36.54124,-105.52520
87515,36.49723,-106.39340
87516,36.15355,-106.46305
87517,36.39485,-105.78758
87518,36.50822,-106.56207
87519,36.76991,-105.62793
87520,36.87502,-106.62735
87521,36.01799,-105.61245
87522,35.93047,-105.78968
87523,36.01366,-105.84275
87524,36.93244,-105.67227
87525,36.56910,-105.45732
87527,36.15113,-105.83841
87528,36.67153,-106.98323
87529,36.47010,-105.62278
87530,36.34884,-106.19147
87531,36.24685,-105.83920
87532,35.99323,-106.09004
87533,36.02427,-106.06658
87535,35.52866,-105.74775
87537,36.05223,-106.18883
87538,35.49453,-105.57126
87539,36.37668,-106.04317
87540,35.45020,-105.90790
87543,36.10704,-105.66121
87544,35.84071,-106.28809
87548,36.17231,-106.13541
87549,36.23710,-106.00907
87551,36.69173,-106.66238
87552,35.64616,-105.60166
87553,36.21489,-105.68748
87554,36.48290,-106.01867
87556,36.78035,-105.47505
87557,36.29434,-105.68359
87558,36.67394,-105.45552
87560,35.23672,-105.52628
87562,35.41684,-105.68454
87564,36.60798,-105.62790
87565,35.41382,-105.48988
87566,36.07223,-106.06863
87567,35.99390,-106.02018
87569,35.34636,-105.30058
87571,36.39786,-105.52671
87573,35.78938,-105.68566
87574,35.82166,-105.89911
87575,36.74009,-106.37082
87577,36.66970,-106.01111
87578,36.04744,-105.77011
87579,36.08635,-105.53192
87580,36.57007,-105.56578
87581,36.51348,-106.13963
87582,36.15635,-106.01609
87583,35.23134,-105.33626
87701,35.54211,-104.93349
87710,36.38244,-105.23024
87711,35.22887,-105.10516
87712,35.85048,-105.18286
87713,36.16709,-105.36488
87714,36.39005,-104.90953
87715,36.01092,-105.42254
87718,36.59981,-105.29188
87722,36.19191,-105.26101
87723,36.05874,-105.37558
87724,35.17355,-105.07815
87728,36.59654,-104.61908
87729,36.30341,-104.81784
87730,36.15300,-104.21445
87731,35.72622,-105.39398
87732,35.95797,-105.36430
87733,35.85935,-103.85342
87734,36.16910,-105.09109
87735,36.06946,-105.15316
87736,35.98045,-105.19708
87740,36.74927,-104.40737
87742,35.90654,-105.53384
87743,35.97357,-104.09081
87745,35.81093,-105.21365
87746,35.77608,-104.04688
87747,36.35623,-104.47173
87749,36.54509,-105.10384
87750,35.82535,-104.92715
87752,36.02159,-104.64999
87753,35.87200,-104.96610
87801,34.12721,-106.82619
87820,33.93765,-108.58682
87821,33.97995,-108.06250
87823,34.19270,-106.94880
87824,33.82858,-108.98172
87825,33.87739,-107.65620
87827,34.40682,-108.09675
87828,34.20586,-106.91672
87829,34.35594,-108.64838
87830,33.72713,-108.74404
87831,34.26510,-106.93317
87832,33.76690,-106.82122
87901,33.21673,-107.09850
87930,32.85068,-107.44357
87931,32.95347,-107.42684
87933,32.79021,-107.27792
87935,33.25471,-107.22865
87936,32.75283,-107.26361
87937,32.59127,-107.19522
87939,33.41268,-107.48855
87940,32.62152,-107.00654
87941,32.71109,-107.21956
87942,33.06097,-107.34891
87943,33.36943,-107.78138
88001,32.29008,-106.75391
88002,32.46295,-106.48616
88003,32.28065,-106.74594
88004,32.22310,-106.98743
88005,32.25835,-106.82313
88007,32.42241,-106.90458
88008,31.83337,-106.66719
88009,31.99597,-108.57455
88011,32.32244,-106.65628
88012,32.58333,-106.77137
88020,31.77241,-108.83942
88021,31.95189,-107.01627
88022,32.80788,-108.17618
88023,32.72854,-108.14456
88024,32.07055,-106.63941
88025,33.04681,-108.74345
88026,32.75202,-108.16300
88027,32.04413,-106.78958
88028,32.93282,-108.63595
88029,31.84488,-107.69472
88030,32.17345,-107.72742
88032,32.39956,-106.81877
88033,32.31961,-107.02885
88034,32.61296,-107.93796
88038,33.12640,-108.35759
88039,33.29310,-108.57546
88040,31.59724,-108.35497
88041,32.78992,-107.91218
88042,32.81248,-107.57838
88043,32.61032,-108.10010
88044,32.14798,-106.80585
88045,32.38509,-108.75609
88046,32.25002,-106.80227
88047,32.21007,-106.71469
88048,32.16345,-106.66009
88049,33.03090,-107.92473
88051,32.99958,-108.91985
88052,32.42536,-106.59942
88053,32.90250,-108.20592
88055,32.72779,-108.74098
88056,31.84424,-108.98267
88061,32.65420,-108.33357
88063,31.81914,-106.59925
88065,32.67748,-108.32888
88072,32.13806,-106.61611
88081,32.23487,-106.22977
88101,34.49938,-103.27527
88103,34.38214,-103.31694
88112,34.84313,-103.17864
88113,33.77202,-103.08519
88114,33.52356,-103.19936
88115,33.93092,-103.34530
88116,33.91570,-103.87883
88118,34.22954,-103.68949
88119,34.30871,-104.41133
88120,34.79259,-103.35514
88121,34.71464,-103.98065
88124,34.53617,-103.65183
88125,33.70586,-103.22542
88126,33.81127,-103.37202
88130,34.12918,-103.29942
88132,33.90734,-103.16681
88134,34.32309,-104.01872
88135,34.58639,-103.09961
88136,34.46337,-104.74064
88201,33.64325,-104.39663
88203,33.30941,-104.09242
88210,32.77180,-104.21967
88220,32.31147,-104.43193
88230,33.21917,-104.39756
88231,32.45191,-103.26277
88232,33.06797,-104.47904
88240,32.70378,-103.48507
88242,32.81290,-103.16180
88250,32.70198,-104.95585
88252,32.15524,-103.37804
88253,32.93467,-104.62636
88254,32.61332,-104.45182
88255,32.81420,-103.99645
88256,32.19806,-103.90804
88260,32.99302,-103.38284
88262,33.12640,-103.40389
88263,32.10705,-104.09677
88264,32.91615,-103.68235
88265,32.62044,-103.30286
88267,33.33744,-103.42522
88268,32.17628,-104.37945
88301,33.77856,-105.79068
88310,32.63459,-106.07163
88311,32.81210,-105.99061
88312,33.42173,-105.73821
88314,33.11033,-105.86720
88316,33.79766,-105.32289
88317,32.92391,-105.63675
88318,34.20710,-105.39694
88321,34.78037,-105.44615
88323,33.49470,-105.52756
88324,33.38977,-105.43907
88325,32.85565,-105.85331
88330,32.83652,-106.07747
88336,33.33101,-105.27594
88337,32.99645,-105.88450
88338,33.47397,-105.39958
88339,32.96178,-105.23101
88340,33.17614,-105.58324
88341,33.47348,-105.84559
88342,32.38929,-106.10851
88343,33.22587,-105.07698
88344,32.55873,-105.29248
88345,33.34767,-105.68083
88346,33.35384,-105.54005
88347,32.75512,-105.67739
88348,33.39617,-105.35839
88349,32.80146,-105.80966
88350,32.64061,-105.67832
88351,33.54944,-105.08771
88352,33.16589,-105.99386
88353,34.57124,-105.11604
88354,32.75132,-105.49833
88355,33.36042,-105.66738
88401,35.11942,-103.82230
88410,35.87843,-103.32314
88411,35.14231,-103.14838
88414,36.76739,-103.99949
88415,36.31176,-103.32682
88416,35.28580,-104.19469
88417,35.08071,-104.38265
88418,36.72973,-103.69020
88419,36.89938,-103.54187
88421,35.29835,-104.48128
88422,36.34528,-103.99148
88424,36.41254,-103.65644
88426,35.58452,-103.43359
88427,34.77052,-103.77433
88430,35.58191,-103.17917
88431,35.17189,-104.27077
88434,35.15202,-103.30369
88435,34.91456,-104.69535
88436,36.13728,-103.12314
89001,37.27692,-115.39412
89002,35.99858,-114.96171
89003,36.96427,-116.72734
89004,36.10039,-115.49018
89005,35.98525,-114.81150
89007,36.66666,-114.22675
89008,37.28609,-114.51310
89010,37.78254,-118.07490
89011,36.08330,-114.97214
89012,36.01195,-115.04395
89013,37.41517,-117.34690
89014,36.06172,-115.05806
89015,36.03921,-114.92815
89017,37.74405,-115.25094
89018,36.51137,-115.64512
89019,35.76642,-115.73516
89020,36.53258,-116.44394
89021,36.64021,-114.47103
89022,38.54099,-117.02074
89025,36.61663,-114.89703
89026,35.75524,-115.28972
89027,36.81112,-114.12565
89029,35.12975,-114.65567
89030,36.21151,-115.12413
89031,36.25892,-115.17180
89032,36.22318,-115.17272
89039,35.28795,-114.87982
89040,36.34908,-114.52233
89042,37.74549,-114.33237
89043,38.25590,-114.47341
89044,35.90239,-115.17897
89045,38.87509,-116.97577
89046,35.49800,-114.89026
89047,37.76595,-117.64787
89048,36.16534,-116.00332
89049,38.34731,-116.25937
89052,35.95511,-115.05674
89054,35.92721,-115.20827
89060,36.38572,-116.06045
89061,36.08642,-115.89833
89074,36.03658,-115.08091
89081,36.25848,-115.10749
89084,36.29691,-115.17410
89085,36.30963,-115.19820
89086,36.29228,-115.10850
89101,36.17255,-115.12223
89102,36.14543,-115.18682
89103,36.11184,-115.21167
89104,36.15138,-115.10865
89106,36.18171,-115.16323
89107,36.17124,-115.20929
89108,36.20526,-115.22364
89109,36.13172,-115.16838
89110,36.17143,-115.04774
89113,36.06116,-115.26351
89115,36.25366,-115.04105
89117,36.14096,-115.28109
89118,36.07740,-115.21399
89119,36.08471,-115.14612
89120,36.08132,-115.09545
89121,36.12153,-115.09128
89122,36.10641,-115.04030
89123,36.03520,-115.14878
89124,36.10125,-115.66081
89128,36.19681,-115.26436
89129,36.23331,-115.29016
89130,36.25399,-115.22711
89131,36.30614,-115.24302
89134,36.20274,-115.30775
89135,36.10098,-115.37591
89138,36.16684,-115.36137
89139,36.03467,-115.21165
89141,35.98841,-115.20706
89142,36.14795,-115.03638
89143,36.32231,-115.29316
89144,36.17889,-115.32075
89145,36.16769,-115.27786
89146,36.14325,-115.22691
89147,36.11279,-115.28011
89148,36.08017,-115.29702
89149,36.27226,-115.29254
89156,36.16342,-114.98819
89161,36.00036,-115.36388
89166,36.38064,-115.50690
89169,36.12414,-115.14130
89178,35.99765,-115.28605
89179,35.89456,-115.33189
89183,35.99585,-115.15762
89191,36.23962,-115.02565
89301,39.54005,-114.77048
89310,39.43054,-117.16277
89311,38.98604,-114.20007
89314,38.82285,-115.77196
89316,39.82799,-115.90060
89317,38.79790,-115.02516
89318,39.44377,-114.81078
89319,39.29629,-114.97600
89402,39.22391,-120.00255
89403,39.22705,-119.47435
89404,41.90318,-118.66867
89405,40.48057,-119.42467
89406,39.53771,-118.26417
89408,39.56569,-119.17421
89409,38.80184,-118.11000
89410,38.87178,-119.60421
89411,39.01900,-119.85021
89412,41.10295,-119.69531
89413,39.07345,-119.92286
89414,41.04458,-117.18105
89415,38.48040,-118.63751
89418,40.54828,-118.03436
89419,40.46084,-118.17701
89420,38.54456,-118.22668
89421,42.04928,-117.85838
89422,38.17763,-118.45372
89423,39.01886,-119.75564
89424,39.88813,-119.28413
89425,41.63311,-117.91830
89426,41.48795,-117.42487
89427,38.89994,-118.64583
89428,39.26109,-119.63472
89429,39.32485,-119.29706
89430,38.77509,-119.30508
89431,39.54040,-119.74911
89433,39.60894,-119.77665
89434,39.54132,-119.65015
89436,39.60416,-119.68930
89438,40.79854,-117.09350
89439,39.52035,-119.99980
89440,39.29663,-119.65863
89441,39.67637,-119.67583
89442,39.66504,-119.42670
89444,38.67026,-119.38539
89445,41.16934,-118.26392
89446,41.21700,-117.87032
89447,38.81128,-119.13130
89448,38.99818,-119.91496
89449,38.95516,-119.91147
89450,39.24052,-119.93906
89451,39.24158,-119.93418
89460,38.90225,-119.79249
89501,39.52575,-119.81305
89502,39.49131,-119.74384
89503,39.54104,-119.84013
89506,39.70603,-119.81506
89508,39.78062,-119.91375
89509,39.49731,-119.82693
89510,40.03948,-119.66698
89511,39.38544,-119.87691
89512,39.55096,-119.80107
89519,39.48070,-119.85787
89521,39.38532,-119.69207
89523,39.52659,-119.91576
89701,39.12893,-119.72541
89702,39.15923,-119.73598
89703,39.16696,-119.83914
89704,39.26262,-119.81583
89705,39.11167,-119.86056
89706,39.22274,-119.70157
89801,41.24799,-115.76140
89815,40.61533,-115.59425
89820,40.41162,-116.97716
89821,40.49536,-116.46836
89822,40.53067,-116.19398
89823,41.00733,-115.28079
89825,41.87619,-114.77741
89826,41.89060,-115.38539
89828,40.73533,-115.34339
89830,41.26972,-114.28593
89831,41.71600,-116.09834
89832,41.97649,-116.15836
89833,40.48284,-115.33163
89834,41.40834,-116.22812
89835,41.11450,-114.85252
89883,40.84892,-114.15768
90001,33.97403,-118.24951
90002,33.94910,-118.24674
90003,33.96413,-118.27278
90004,34.07620,-118.31072
90005,34.05916,-118.30689
90006,34.04804,-118.29418
90007,34.02813,-118.28483
90008,34.00955,-118.34672
90010,34.06215,-118.31589
90011,34.00709,-118.25868
90012,34.06598,-118.23864
90013,34.04541,-118.24045
90014,34.04315,-118.25175
90015,34.03938,-118.26630
90016,34.02833,-118.35434
90017,34.05291,-118.26434
90018,34.02889,-118.31718
90019,34.04984,-118.33846
90020,34.06638,-118.30987
90021,34.02904,-118.23787
90022,34.02373,-118.15627
90023,34.02250,-118.19961
90024,34.06574,-118.43503
90025,34.04542,-118.44587
90026,34.08002,-118.26264
90027,34.12760,-118.29638
90028,34.09991,-118.32691
90029,34.08985,-118.29466
90031,34.08420,-118.20857
90032,34.07829,-118.18578
90033,34.05038,-118.21199
90034,34.03058,-118.39961
90035,34.05182,-118.38358
90036,34.07041,-118.35041
90037,34.00272,-118.28749
90038,34.08848,-118.32553
90039,34.11189,-118.26103
90040,33.99452,-118.14995
90041,34.13741,-118.20761
90042,34.11471,-118.19210
90043,33.98851,-118.33636
90044,33.95273,-118.29190
90045,33.94239,-118.41606
90046,34.10781,-118.36225
90047,33.95362,-118.30843
90048,34.07292,-118.37271
90049,34.09254,-118.49106
90056,33.98805,-118.37036
90057,34.06173,-118.27676
90058,34.00284,-118.21640
90059,33.92626,-118.24988
90061,33.92128,-118.27419
90062,34.00363,-118.30882
90063,34.04510,-118.18591
90064,34.03725,-118.42357
90065,34.10959,-118.22869
90066,34.00203,-118.43066
90067,34.05760,-118.41400
90068,34.12977,-118.33099
90069,34.09383,-118.38170
90071,34.05288,-118.25494
90073,34.05453,-118.45703
90077,34.10802,-118.45696
90079,34.04059,-118.25540
90089,34.02022,-118.28603
90090,34.07285,-118.24092
90094,33.97541,-118.41700
90095,34.07122,-118.44337
90201,33.97034,-118.17137
90210,34.10052,-118.41463
90211,34.06496,-118.38298
90212,34.06221,-118.40197
90220,33.88151,-118.23445
90221,33.88564,-118.20581
90222,33.91225,-118.23677
90230,33.99786,-118.39362
90232,34.01932,-118.39190
90240,33.95573,-118.11835
90241,33.94044,-118.12902
90242,33.92179,-118.14059
90245,33.91714,-118.40427
90247,33.89085,-118.29797
90248,33.87834,-118.28410
90249,33.90139,-118.31570
90250,33.91477,-118.34808
90254,33.86426,-118.39930
90255,33.97925,-118.21744
90260,33.88856,-118.35181
90262,33.92353,-118.20070
90263,34.03903,-118.70799
90265,34.06612,-118.84634
90266,33.88915,-118.40213
90270,33.98773,-118.18660
90272,34.09257,-118.53436
90274,33.77992,-118.37007
90275,33.75313,-118.36797
90277,33.83001,-118.38712
90278,33.87323,-118.37037
90280,33.94416,-118.19276
90290,34.10775,-118.61622
90291,33.99340,-118.46519
90292,33.97637,-118.45089
90293,33.94731,-118.43984
90301,33.95653,-118.35865
90302,33.97533,-118.35525
90303,33.93977,-118.33109
90304,33.93789,-118.35856
90305,33.95889,-118.33055
90401,34.01367,-118.49375
90402,34.03467,-118.50404
90403,34.03075,-118.49210
90404,34.02661,-118.47364
90405,34.01131,-118.46976
90501,33.83374,-118.31402
90502,33.83318,-118.29206
90503,33.83946,-118.35370
90504,33.86726,-118.33079
90505,33.80788,-118.34796
90506,33.88470,-118.33000
90601,34.00794,-118.03032
90602,33.97278,-118.02207
90603,33.94539,-117.99249
90604,33.92769,-118.01383
90605,33.95029,-118.02435
90606,33.97727,-118.06636
90620,33.84522,-118.01529
90621,33.87422,-117.99337
90623,33.85062,-118.03956
90630,33.81848,-118.03831
90631,33.94271,-117.95248
90638,33.90205,-118.00896
90640,34.01544,-118.11101
90650,33.90760,-118.08264
90660,33.98952,-118.08930
90670,33.93357,-118.06261
90680,33.80112,-117.99491
90701,33.86760,-118.08061
90703,33.86774,-118.06947
90704,33.39932,-118.43533
90706,33.88782,-118.12725
90710,33.79990,-118.29866
90712,33.84903,-118.14790
90713,33.84799,-118.11260
90715,33.84103,-118.07914
90716,33.83048,-118.07345
90717,33.79380,-118.31717
90720,33.79501,-118.06269
90723,33.89888,-118.16663
90731,33.73632,-118.27918
90732,33.74212,-118.31288
90740,33.75903,-118.06718
90742,33.72055,-118.07602
90743,33.72920,-118.08504
90744,33.77928,-118.26172
90745,33.82272,-118.26411
90746,33.85923,-118.25231
90747,33.86290,-118.25132
90755,33.80346,-118.16974
90802,33.74890,-118.20402
90803,33.75667,-118.13106
90804,33.78169,-118.14836
90805,33.86462,-118.18057
90806,33.80540,-118.18770
90807,33.82774,-118.17482
90808,33.82394,-118.11133
90810,33.81984,-118.22238
90813,33.78226,-118.19679
90814,33.77162,-118.14363
90815,33.79435,-118.11639
90822,33.77844,-118.11865
90831,33.76833,-118.20164
91001,34.19449,-118.13826
91006,34.13626,-118.02670
91007,34.12828,-118.04773
91008,34.15316,-117.96882
91010,34.14159,-117.95763
91011,34.22212,-118.20531
91016,34.15280,-118.00048
91020,34.21134,-118.23065
91024,34.16877,-118.05022
91030,34.10896,-118.15662
91040,34.26196,-118.33608
91042,34.32262,-118.23757
91046,34.21145,-118.24103
91101,34.14663,-118.13948
91103,34.16954,-118.16494
91104,34.16536,-118.12375
91105,34.13946,-118.16665
91106,34.13940,-118.12866
91107,34.15553,-118.08618
91108,34.12267,-118.11291
91201,34.17051,-118.28946
91202,34.16837,-118.26777
91203,34.15334,-118.26297
91204,34.13619,-118.26093
91205,34.13658,-118.24584
91206,34.16036,-118.21377
91207,34.18330,-118.26448
91208,34.18567,-118.23950
91210,34.14456,-118.25651
91214,34.23630,-118.24918
91301,34.12329,-118.75854
91302,34.12256,-118.66982
91303,34.19829,-118.60091
91304,34.22419,-118.63238
91306,34.20953,-118.57756
91307,34.20049,-118.66484
91311,34.29250,-118.60242
91316,34.16024,-118.51547
91320,34.17597,-118.94509
91321,34.36816,-118.48913
91324,34.23821,-118.55029
91325,34.23752,-118.51771
91326,34.28178,-118.55570
91330,34.24761,-118.52608
91331,34.25544,-118.42131
91335,34.20018,-118.54096
91340,34.28669,-118.43508
91342,34.32658,-118.38226
91343,34.23791,-118.48231
91344,34.29462,-118.50700
91345,34.26588,-118.45675
91350,34.43462,-118.50009
91351,34.43373,-118.45806
91352,34.23085,-118.36586
91354,34.46482,-118.55387
91355,34.44008,-118.64405
91356,34.15510,-118.54755
91360,34.21272,-118.88213
91361,34.13600,-118.88863
91362,34.19334,-118.81869
91364,34.15478,-118.59509
91367,34.17731,-118.61570
91371,34.18452,-118.57644
91377,34.18497,-118.76691
91381,34.38473,-118.64733
91384,34.50663,-118.69905
91387,34.40252,-118.36346
91390,34.54559,-118.42010
91401,34.17848,-118.43179
91402,34.22251,-118.44469
91403,34.14715,-118.46336
91405,34.19982,-118.44761
91406,34.19745,-118.48898
91411,34.17852,-118.45923
91423,34.14862,-118.43330
91436,34.14959,-118.48971
91501,34.20440,-118.28753
91502,34.17682,-118.30932
91504,34.20457,-118.32636
91505,34.17388,-118.34694
91506,34.17119,-118.32391
91601,34.16920,-118.37227
91602,34.15082,-118.36816
91604,34.14082,-118.39286
91605,34.20734,-118.40097
91606,34.18577,-118.38832
91607,34.16578,-118.39979
91608,34.13873,-118.35086
91701,34.13763,-117.60001
91702,34.28033,-117.86614
91706,34.09741,-117.96827
91708,33.95208,-117.63978
91709,33.96420,-117.73706
91710,34.00449,-117.68471
91711,34.12807,-117.71477
91722,34.09733,-117.90671
91723,34.08475,-117.88684
91724,34.08044,-117.85473
91730,34.10110,-117.57822
91731,34.07857,-118.04346
91732,34.07342,-118.01534
91733,34.04581,-118.05376
91737,34.15257,-117.57774
91739,34.17275,-117.52124
91740,34.11937,-117.85505
91741,34.15684,-117.84158
91744,34.03130,-117.93678
91745,33.99900,-117.97215
91746,34.04442,-117.98537
91748,33.97488,-117.90068
91750,34.17847,-117.77441
91752,33.99648,-117.53133
91754,34.05292,-118.14347
91755,34.05096,-118.11439
91759,34.26370,-117.69957
91761,34.03560,-117.59153
91762,34.05941,-117.67409
91763,34.07236,-117.69833
91764,34.07409,-117.60562
91765,33.98627,-117.82128
91766,34.04229,-117.75611
91767,34.08309,-117.73800
91768,34.06352,-117.79038
91770,34.06549,-118.08453
91773,34.11019,-117.81039
91775,34.11526,-118.08831
91776,34.09078,-118.09509
91780,34.10208,-118.05775
91784,34.14115,-117.65558
91786,34.10530,-117.66209
91789,34.01819,-117.85482
91790,34.06696,-117.93701
91791,34.06162,-117.89223
91792,34.02420,-117.89988
91801,34.09073,-118.12753
91803,34.07474,-118.14596
91901,32.80856,-116.71008
91902,32.66576,-117.01866
91905,32.67865,-116.30748
91906,32.65481,-116.46554
91910,32.63788,-117.05805
91911,32.60818,-117.05451
91913,32.62010,-116.98690
91914,32.66470,-116.95190
91915,32.62318,-116.94905
91916,32.88799,-116.62135
91917,32.60875,-116.71982
91931,32.84636,-116.55773
91932,32.57375,-117.12087
91934,32.64899,-116.15256
91935,32.72192,-116.78820
91941,32.75927,-116.99709
91942,32.77800,-117.02151
91945,32.73317,-117.03418
91948,32.86665,-116.44832
91950,32.67065,-117.09467
91962,32.73512,-116.41513
91963,32.62619,-116.60997
91977,32.72596,-116.99655
91978,32.72415,-116.94009
91980,32.58886,-116.61915
92003,33.28527,-117.19778
92004,33.14208,-116.10605
92007,33.02305,-117.27558
92008,33.14729,-117.32218
92009,33.09548,-117.24388
92010,33.16538,-117.28143
92011,33.10758,-117.29218
92014,32.96323,-117.25037
92019,32.77987,-116.88442
92020,32.79551,-116.96976
92021,32.83880,-116.86996
92024,33.05602,-117.25990
92025,33.10200,-117.08042
92026,33.21244,-117.11609
92027,33.13160,-116.97694
92028,33.39048,-117.20943
92029,33.08240,-117.12764
92036,33.02247,-116.49369
92037,32.85635,-117.25006
92040,32.90891,-116.89197
92054,33.19553,-117.35454
92055,33.38770,-117.44479
92056,33.19958,-117.29876
92057,33.25462,-117.28331
92058,33.32884,-117.30805
92059,33.37647,-117.06614
92060,33.34681,-116.85322
92061,33.29852,-116.92478
92064,32.98361,-117.01904
92065,33.05301,-116.85065
92066,33.21937,-116.53525
92067,33.02091,-117.19035
92069,33.17078,-117.15868
92070,33.14709,-116.71745
92071,32.85236,-116.98784
92075,32.99725,-117.26058
92078,33.11706,-117.18081
92081,33.16434,-117.24029
92082,33.25351,-117.00338
92083,33.19786,-117.24815
92084,33.21989,-117.20282
92086,33.32322,-116.66593
92091,33.01592,-117.24363
92101,32.72410,-117.17091
92102,32.71622,-117.11705
92103,32.74742,-117.16688
92104,32.74165,-117.12819
92105,32.73784,-117.09265
92106,32.71127,-117.23709
92107,32.73906,-117.24540
92108,32.77398,-117.14271
92109,32.78677,-117.23421
92110,32.76524,-117.20039
92111,32.80644,-117.16889
92113,32.69672,-117.11788
92114,32.70776,-117.05509
92115,32.76500,-117.07364
92116,32.76499,-117.12278
92117,32.82457,-117.19952
92118,32.69879,-117.20911
92119,32.81789,-117.03196
92120,32.79467,-117.07117
92121,32.89959,-117.20120
92122,32.86173,-117.17122
92123,32.80677,-117.13494
92124,32.82652,-117.08602
92126,32.90848,-117.14140
92127,33.02016,-117.12330
92128,32.99982,-117.07181
92129,32.96488,-117.12602
92130,32.94759,-117.20739
92131,32.88609,-117.08604
92132,32.71367,-117.17204
92134,32.72418,-117.14666
92135,32.69378,-117.19477
92139,32.67991,-117.04888
92140,32.73950,-117.19740
92145,32.93055,-117.00806
92147,32.72522,-117.21848
92154,32.56702,-117.00425
92155,32.67496,-117.16177
92173,32.55302,-117.04245
92201,33.71098,-116.20484
92203,33.75396,-116.24649
92210,33.70347,-116.32590
92211,33.76540,-116.33420
92220,33.94893,-116.83239
92222,32.78583,-114.54551
92223,33.94834,-116.98802
92225,33.73646,-114.68797
92227,32.99012,-115.35876
92230,33.91060,-116.76598
92231,32.68766,-115.54117
92233,33.17288,-115.55377
92234,33.81826,-116.46674
92236,33.68614,-116.17292
92239,33.76215,-115.46610
92240,33.95154,-116.52010
92241,33.84258,-116.29290
92242,34.16322,-114.31912
92243,32.77020,-115.59859
92249,32.72558,-115.47269
92250,32.77737,-115.12798
92251,32.88145,-115.67546
92252,34.16833,-116.28843
92253,33.64608,-116.27530
92254,33.54384,-115.99391
92256,34.07707,-116.60644
92257,33.29426,-115.29623
92258,33.91584,-116.55987
92259,32.73776,-115.93234
92260,33.70825,-116.40353
92262,33.86055,-116.56149
92264,33.71294,-116.49714
92266,33.34503,-114.91594
92267,34.27376,-114.19652
92268,34.22199,-116.56433
92270,33.76858,-116.42999
92273,32.81723,-115.70008
92274,33.46046,-116.08455
92275,33.27366,-115.87827
92276,33.82233,-116.36424
92277,34.17939,-115.63535
92278,34.22998,-116.05506
92280,34.11296,-114.63339
92281,33.05176,-115.60875
92282,33.96548,-116.65872
92283,32.89155,-114.77294
92284,34.18617,-116.43249
92285,34.34022,-116.54044
92301,34.58523,-117.45393
92304,34.54148,-115.64461
92305,34.14167,-116.81798
92307,34.57123,-117.13309
92308,34.42673,-117.16093
92309,35.33216,-116.03859
92310,35.26146,-116.69032
92311,34.98029,-116.96445
92313,34.03100,-117.31293
92314,34.26109,-116.80950
92315,34.23280,-116.90286
92316,34.05909,-117.39066
92320,33.99047,-117.05210
92321,34.25382,-117.15089
92322,34.25435,-117.32646
92324,34.02569,-117.28879
92325,34.24348,-117.28130
92327,34.86359,-116.86206
92328,36.59781,-116.82740
92332,34.91246,-115.34210
92333,34.27060,-116.94931
92335,34.08718,-117.46545
92336,34.14772,-117.46451
92337,34.04981,-117.47061
92338,34.78290,-116.19049
92339,34.09366,-116.93622
92341,34.23664,-117.06284
92342,34.75705,-117.35014
92344,34.39115,-117.40572
92345,34.37632,-117.29440
92346,34.12420,-117.18105
92347,34.95446,-117.22234
92352,34.25997,-117.19938
92354,34.05079,-117.25015
92356,34.51065,-116.89672
92358,34.25927,-117.52097
92359,34.08529,-117.07631
92363,34.88923,-114.64059
92364,35.34045,-115.42623
92365,34.89999,-116.65453
92368,34.65063,-117.32133
92371,34.44264,-117.54181
92372,34.44561,-117.62356
92373,34.01195,-117.15970
92374,34.06715,-117.17189
92376,34.11160,-117.37741
92377,34.15604,-117.40412
92378,34.22608,-117.22593
92382,34.20529,-117.11740
92384,36.00771,-116.17848
92385,34.21474,-117.19233
92386,34.23723,-116.82770
92389,35.90096,-116.18636
92391,34.23785,-117.23474
92392,34.48025,-117.40819
92394,34.55611,-117.35363
92395,34.50147,-117.29205
92397,34.37401,-117.62843
92398,34.91598,-116.86583
92399,34.03231,-117.01058
92401,34.10480,-117.29215
92404,34.17834,-117.25146
92405,34.14463,-117.30130
92407,34.21233,-117.38118
92408,34.08362,-117.26846
92410,34.10739,-117.29754
92411,34.12250,-117.32014
92501,33.99652,-117.37418
92503,33.88258,-117.44229
92504,33.90313,-117.39804
92505,33.93632,-117.49374
92506,33.93433,-117.36731
92507,33.97101,-117.32518
92508,33.89115,-117.32675
92509,34.00327,-117.44200
92518,33.88918,-117.27773
92530,33.65232,-117.37551
92532,33.69268,-117.30317
92536,33.49239,-116.83795
92539,33.52787,-116.64762
92543,33.66730,-116.96351
92544,33.64593,-116.88163
92545,33.72968,-117.03417
92548,33.75866,-117.10948
92549,33.76854,-116.75340
92551,33.88274,-117.22488
92553,33.92338,-117.24482
92555,33.88971,-117.11343
92557,33.97019,-117.25938
92561,33.63720,-116.62721
92562,33.54761,-117.34404
92563,33.58002,-117.14736
92567,33.81113,-117.10349
92570,33.78729,-117.32067
92571,33.82840,-117.20766
92582,33.80761,-117.01516
92583,33.79691,-116.92922
92584,33.65278,-117.17358
92585,33.74670,-117.17213
92586,33.70898,-117.19885
92587,33.69393,-117.25050
92590,33.48294,-117.22608
92591,33.53524,-117.10486
92592,33.51123,-117.04240
92595,33.61783,-117.25931
92596,33.66891,-117.04731
92602,33.76288,-117.75648
92603,33.62755,-117.79174
92604,33.69069,-117.78914
92606,33.70017,-117.81750
92610,33.69617,-117.67604
92612,33.65844,-117.82601
92614,33.68021,-117.83335
92617,33.64251,-117.84168
92618,33.66817,-117.73416
92620,33.71338,-117.75124
92624,33.45321,-117.66261
92625,33.60197,-117.86425
92626,33.67959,-117.90853
92627,33.64776,-117.91976
92629,33.47506,-117.70563
92630,33.64574,-117.68550
92637,33.61206,-117.73032
92646,33.66205,-117.96846
92647,33.72323,-118.00869
92648,33.67901,-118.01460
92649,33.72524,-118.05158
92651,33.57148,-117.77289
92653,33.59122,-117.69762
92655,33.74513,-117.98487
92656,33.57621,-117.73037
92657,33.59506,-117.82913
92660,33.63463,-117.87488
92661,33.60359,-117.91267
92662,33.60509,-117.89232
92663,33.62327,-117.93375
92672,33.42409,-117.60674
92673,33.46691,-117.61402
92675,33.50211,-117.60461
92676,33.74949,-117.61639
92677,33.52865,-117.70125
92678,33.68502,-117.52931
92679,33.63302,-117.59056
92683,33.75250,-117.99397
92688,33.61967,-117.61209
92691,33.61194,-117.66587
92692,33.60650,-117.64311
92694,33.54723,-117.62375
92701,33.74823,-117.85847
92703,33.74873,-117.90608
92704,33.72113,-117.90511
92705,33.76561,-117.79008
92706,33.76590,-117.88222
92707,33.70994,-117.87043
92708,33.71058,-117.95113
92780,33.73395,-117.81917
92782,33.73970,-117.78471
92801,33.84498,-117.95215
92802,33.80826,-117.92366
92804,33.81827,-117.97502
92805,33.83147,-117.90578
92806,33.83796,-117.87049
92807,33.84873,-117.78836
92808,33.85651,-117.74021
92821,33.92756,-117.88709
92823,33.92842,-117.80928
92831,33.87977,-117.89635
92832,33.86861,-117.92901
92833,33.87932,-117.96173
92835,33.90189,-117.91664
92840,33.78717,-117.93189
92841,33.78686,-117.98200
92843,33.76393,-117.93145
92844,33.76546,-117.96946
92845,33.78311,-118.02628
92860,33.92552,-117.55196
92861,33.81728,-117.81118
92865,33.82639,-117.85131
92866,33.78462,-117.84477
92867,33.80098,-117.84377
92868,33.78809,-117.87630
92869,33.80845,-117.79174
92870,33.88116,-117.85478
92879,33.88261,-117.52820
92880,33.92539,-117.60725
92881,33.82741,-117.52413
92882,33.84413,-117.60867
92883,33.74809,-117.46804
92886,33.89632,-117.79656
92887,33.88470,-117.73129
93001,34.05861,-119.92912
93003,34.28367,-119.22320
93004,34.27868,-119.16562
93010,34.22789,-119.07955
93012,34.19603,-118.99253
93013,34.44013,-119.50331
93015,34.40410,-118.89778
93021,34.30360,-118.88958
93022,34.40778,-119.30655
93023,34.52988,-119.31024
93030,34.20534,-119.17484
93033,34.15020,-119.12773
93035,34.18165,-119.22390
93036,34.23725,-119.18445
93040,34.47388,-118.79718
93041,34.10603,-119.09808
93042,33.25565,-119.50359
93043,34.17085,-119.20241
93060,34.40220,-119.09489
93063,34.30805,-118.68697
93064,34.24755,-118.70094
93065,34.25841,-118.77503
93066,34.29770,-119.01456
93067,34.42196,-119.59348
93101,34.41898,-119.70917
93103,34.43737,-119.67928
93105,34.53322,-119.79173
93108,34.44802,-119.61698
93109,34.40641,-119.72693
93110,34.44620,-119.76279
93111,34.44918,-119.80478
93117,34.47945,-120.08409
93201,35.85686,-119.50753
93202,36.31346,-119.70833
93203,35.11262,-118.83229
93204,35.88988,-120.06859
93205,35.51830,-118.43003
93206,35.43730,-119.47773
93207,35.89529,-118.59563
93208,36.05659,-118.56846
93210,36.21631,-120.42424
93212,36.04215,-119.52770
93215,35.77951,-119.20082
93218,35.85714,-119.04493
93219,35.87367,-119.28155
93220,35.40361,-118.75652
93221,36.29502,-119.02602
93222,34.84242,-119.20372
93223,36.30455,-119.20489
93224,35.22814,-119.56925
93225,34.76850,-119.03029
93226,35.73565,-118.73837
93230,36.29223,-119.62268
93234,36.19126,-120.09008
93235,36.38983,-119.21990
93238,35.72909,-118.39179
93239,36.04719,-119.99022
93240,35.61755,-118.45229
93241,35.25470,-118.91268
93242,36.44208,-119.72773
93243,34.77270,-118.79197
93244,36.48868,-118.99807
93245,36.29227,-119.82946
93247,36.20625,-119.07108
93249,35.62170,-119.88775
93250,35.66508,-119.19796
93251,35.33570,-119.75825
93252,34.71003,-119.24381
93254,34.96687,-119.81043
93255,35.67733,-118.10142
93256,35.96064,-119.31299
93257,35.98809,-118.86022
93258,36.05438,-119.15040
93260,35.81728,-118.66915
93261,35.80853,-119.12808
93262,36.61562,-118.69757
93263,35.49281,-119.28686
93265,36.24540,-118.69331
93266,36.14539,-119.86729
93267,36.15121,-119.04911
93268,35.16240,-119.42517
93270,35.95558,-119.09256
93271,36.46921,-118.80076
93272,36.04735,-119.34443
93274,36.17809,-119.37075
93276,35.29918,-119.35837
93277,36.30133,-119.37259
93280,35.65224,-119.44640
93283,35.59210,-118.29770
93285,35.71536,-118.50750
93286,36.46271,-119.09324
93287,35.75789,-118.98816
93291,36.39178,-119.37284
93292,36.37338,-119.21176
93301,35.38434,-119.02056
93304,35.33970,-119.02345
93305,35.38975,-118.98519
93306,35.46819,-118.77975
93307,35.24512,-118.94110
93308,35.62109,-118.78968
93309,35.34305,-119.06504
93311,35.19240,-119.17587
93312,35.39348,-119.12046
93313,35.16320,-119.04633
93314,35.39387,-119.24485
93401,35.23587,-120.61591
93402,35.29523,-120.83547
93405,35.30047,-120.73484
93410,35.30120,-120.66094
93420,35.17601,-120.47676
93422,35.46535,-120.68944
93424,35.18592,-120.73179
93426,35.84960,-120.94316
93427,34.61034,-120.21848
93428,35.58500,-121.04147
93429,34.86766,-120.53990
93430,35.48477,-120.94417
93432,35.47852,-120.48144
93433,35.12089,-120.61966
93434,34.90698,-120.58270
93436,34.59993,-120.37653
93437,34.73796,-120.54374
93440,34.71474,-120.23156
93441,34.77220,-119.98727
93442,35.40140,-120.79994
93444,35.03720,-120.50459
93445,35.04407,-120.62071
93446,35.66315,-120.74967
93449,35.16093,-120.65334
93450,36.08542,-120.81852
93451,35.88224,-120.61082
93452,35.74648,-121.22335
93453,35.30392,-120.25657
93454,34.92301,-120.25946
93455,34.83179,-120.43351
93458,34.95934,-120.49008
93460,34.65353,-120.00715
93461,35.65291,-120.26643
93463,34.62460,-120.13760
93465,35.54003,-120.73366
93501,35.06711,-118.18494
93505,35.16374,-117.88653
93510,34.45091,-118.22761
93512,37.89187,-118.55457
93513,37.13199,-118.15588
93514,37.49211,-118.39041
93516,35.00472,-117.63210
93517,38.23550,-119.45444
93518,35.38511,-118.49117
93519,35.29435,-117.92579
93522,36.31630,-117.59233
93523,34.94826,-117.84291
93524,34.93199,-117.90713
93526,36.82383,-118.28125
93527,36.11962,-118.17712
93528,35.37167,-117.64322
93529,37.81551,-119.09565
93530,36.47610,-117.86056
93531,35.22191,-118.58257
93532,34.68985,-118.53369
93534,34.71333,-118.15279
93535,34.71366,-117.86466
93536,34.74739,-118.36925
93541,37.97356,-119.10821
93543,34.48111,-117.98201
93544,34.49554,-117.75665
93545,36.55639,-118.05422
93546,37.54913,-118.83981
93549,36.21220,-117.94853
93550,34.40855,-118.12359
93551,34.60410,-118.23921
93552,34.57087,-118.02374
93553,34.40733,-117.91184
93554,35.41394,-117.76433
93555,35.60651,-117.68347
93558,35.34789,-117.62137
93560,34.86689,-118.33983
93561,35.11877,-118.49381
93562,35.74616,-117.38682
93563,34.40253,-117.76607
93591,34.59786,-117.81557
93592,35.85281,-117.22471
93601,37.39347,-119.74104
93602,37.03116,-119.31875
93603,36.62251,-118.95719
93604,37.34403,-119.42190
93605,37.20316,-119.24924
93606,36.80320,-120.01856
93608,36.49248,-120.35553
93609,36.52660,-119.86410
93610,37.09830,-120.28121
93611,36.82445,-119.68003
93612,36.81485,-119.71191
93614,37.20982,-119.74980
93615,36.50332,-119.28633
93616,36.65535,-119.59386
93618,36.52100,-119.38944
93619,36.91418,-119.59398
93620,37.02000,-120.62537
93621,36.79943,-119.15145
93622,36.81450,-120.57524
93623,37.49488,-119.64428
93624,36.37857,-120.11658
93625,36.62454,-119.67187
93626,37.04329,-119.69131
93627,36.47440,-120.06150
93628,36.77221,-118.93573
93630,36.72725,-120.12343
93631,36.48007,-119.51734
93633,36.82216,-118.64933
93634,37.22361,-119.00094
93635,37.06802,-120.84351
93636,36.98488,-119.87391
93637,36.91808,-120.18593
93638,37.04343,-120.03369
93640,36.67268,-120.44652
93641,36.69718,-119.02299
93643,37.22469,-119.47073
93644,37.37779,-119.63238
93645,37.18330,-119.63792
93646,36.64474,-119.28918
93647,36.60076,-119.17548
93648,36.62063,-119.52073
93650,36.84081,-119.79980
93651,37.00239,-119.51486
93652,36.59501,-119.90458
93653,37.24833,-119.94494
93654,36.65871,-119.40127
93656,36.45094,-119.93682
93657,36.81686,-119.45870
93660,36.58545,-120.17390
93662,36.53657,-119.63865
93664,37.09495,-119.21583
93665,36.96011,-120.64810
93666,36.54707,-119.33564
93667,36.95154,-119.33321
93668,36.65028,-120.28409
93669,37.29091,-119.54837
93673,36.45270,-119.48234
93675,36.72472,-119.19278
93701,36.74966,-119.78768
93702,36.73918,-119.75394
93703,36.76886,-119.76239
93704,36.79850,-119.80092
93705,36.78730,-119.82732
93706,36.65590,-119.92026
93710,36.82118,-119.76010
93711,36.83441,-119.83327
93720,36.86221,-119.76079
93721,36.73289,-119.78374
93722,36.80180,-119.87912
93723,36.79348,-119.95679
93725,36.62721,-119.73189
93726,36.79367,-119.75971
93727,36.75123,-119.68014
93728,36.75729,-119.81848
93730,36.90392,-119.74734
93901,36.63699,-121.62356
93905,36.68235,-121.60590
93906,36.72268,-121.63367
93907,36.76853,-121.66723
93908,36.65182,-121.59952
93920,36.09264,-121.55046
93921,36.55318,-121.92396
93923,36.44867,-121.84950
93924,36.41560,-121.63765
93925,36.58848,-121.39922
93926,36.52587,-121.39674
93927,36.24880,-121.38663
93928,36.03896,-121.24402
93930,36.20506,-121.01036
93932,35.98976,-121.06436
93933,36.68684,-121.78689
93940,36.57469,-121.84085
93943,36.59700,-121.87414
93950,36.62118,-121.92518
93953,36.58522,-121.94528
93954,36.13336,-120.92851
93955,36.61479,-121.78802
93960,36.38962,-121.34315
93962,36.62472,-121.64649
94002,37.51435,-122.29890
94005,37.68883,-122.40893
94010,37.57028,-122.36578
94014,37.69089,-122.44744
94015,37.68125,-122.48062
94019,37.46973,-122.41136
94020,37.27461,-122.23242
94021,37.27087,-122.28071
94022,37.35746,-122.14439
94024,37.35229,-122.09429
94025,37.45639,-122.17360
94027,37.45351,-122.20476
94028,37.37685,-122.20976
94030,37.59897,-122.40199
94037,37.55430,-122.49663
94038,37.52690,-122.51216
94040,37.38056,-122.08526
94041,37.38852,-122.07573
94043,37.41403,-122.07068
94044,37.60660,-122.47723
94060,37.24714,-122.27349
94061,37.46115,-122.23695
94062,37.41379,-122.29460
94063,37.49331,-122.19561
94065,37.53595,-122.24675
94066,37.62510,-122.43361
94070,37.49647,-122.27256
94074,37.33171,-122.34147
94080,37.65549,-122.42208
94085,37.38857,-122.01776
94086,37.37164,-122.02312
94087,37.35153,-122.03694
94089,37.41240,-122.01560
94102,37.77958,-122.41934
94103,37.77315,-122.41116
94104,37.79141,-122.40213
94105,37.78965,-122.39307
94107,37.76046,-122.39972
94108,37.79202,-122.40858
94109,37.79539,-122.42244
94110,37.75002,-122.41520
94111,37.79937,-122.39841
94112,37.72037,-122.44294
94114,37.75806,-122.43541
94115,37.78597,-122.43725
94116,37.74540,-122.48606
94117,37.76944,-122.44766
94118,37.78009,-122.46260
94121,37.77677,-122.49471
94122,37.75880,-122.48513
94123,37.80093,-122.43837
94124,37.72890,-122.38278
94127,37.73603,-122.45721
94128,37.62641,-122.38576
94129,37.79734,-122.46447
94130,37.82069,-122.36954
94131,37.74592,-122.44147
94132,37.72221,-122.48408
94133,37.80453,-122.41085
94134,37.72105,-122.41356
94158,37.76989,-122.38701
94301,37.44414,-122.14991
94303,37.45788,-122.11510
94304,37.37469,-122.18185
94305,37.41826,-122.17087
94306,37.41571,-122.13076
94401,37.57695,-122.31690
94402,37.52360,-122.34492
94403,37.53845,-122.30545
94404,37.55600,-122.26768
94501,37.77379,-122.27811
94502,37.73757,-122.24552
94503,38.18617,-122.26356
94505,37.87127,-121.59698
94506,37.80963,-121.91324
94507,37.85042,-122.02110
94508,38.57662,-122.44439
94509,37.99650,-121.81230
94510,38.09781,-122.13648
94511,38.03166,-121.64488
94512,38.13485,-121.83416
94513,37.92223,-121.66874
94514,37.82493,-121.62189
94515,38.63482,-122.61505
94516,37.83390,-122.16503
94517,37.89712,-121.87686
94518,37.95037,-122.02205
94519,37.98845,-122.01297
94520,37.99553,-122.04101
94521,37.95601,-121.95619
94523,37.95416,-122.07577
94525,38.05295,-122.23209
94526,37.81461,-121.99055
94528,37.84560,-121.95061
94530,37.92153,-122.29835
94531,37.96577,-121.77582
94533,38.28075,-122.00638
94534,38.24495,-122.13493
94535,38.28222,-121.92472
94536,37.57051,-121.98125
94538,37.50137,-121.95675
94539,37.51692,-121.91171
94541,37.67393,-122.08484
94542,37.65989,-122.03716
94544,37.63382,-122.05719
94545,37.60590,-122.12687
94546,37.71728,-122.08196
94547,38.01009,-122.26222
94548,37.97429,-121.65144
94549,37.89701,-122.11429
94550,37.51998,-121.57560
94551,37.75051,-121.74925
94552,37.72272,-122.02156
94553,37.99388,-122.13643
94555,37.54760,-122.09822
94556,37.84066,-122.11491
94558,38.44199,-122.23833
94559,38.23017,-122.30988
94560,37.50425,-122.03191
94561,37.99348,-121.69122
94563,37.87992,-122.18457
94564,37.99404,-122.28259
94565,38.01458,-121.90626
94566,37.64582,-121.85987
94567,38.70691,-122.39400
94568,37.71526,-121.91486
94569,38.04426,-122.19876
94571,38.14886,-121.73767
94572,38.03279,-122.25221
94573,38.45886,-122.42883
94574,38.54245,-122.41992
94575,37.84096,-122.10950
94576,38.54942,-122.47638
94577,37.71328,-122.16735
94578,37.70643,-122.12530
94579,37.68650,-122.15723
94580,37.67573,-122.13302
94582,37.76299,-121.91617
94583,37.75550,-121.97301
94585,38.19250,-121.92753
94586,37.57402,-121.85383
94587,37.60315,-122.01864
94588,37.79318,-121.86063
94589,38.16620,-122.23629
94590,38.10323,-122.24910
94591,38.12287,-122.19686
94592,38.09278,-122.27811
94595,37.87195,-122.06938
94596,37.88910,-122.03755
94597,37.91819,-122.07167
94598,37.89994,-121.99924
94599,38.41143,-122.36050
94601,37.77555,-122.21870
94602,37.80432,-122.20754
94603,37.73654,-122.17944
94605,37.76141,-122.15020
94606,37.79189,-122.24533
94607,37.80721,-122.30150
94608,37.83684,-122.28914
94609,37.83439,-122.26437
94610,37.81128,-122.24271
94611,37.82935,-122.20351
94612,37.80877,-122.26917
94613,37.78085,-122.18285
94618,37.84482,-122.23855
94619,37.79045,-122.14080
94621,37.74188,-122.21918
94702,37.86577,-122.28632
94703,37.86390,-122.27564
94704,37.86653,-122.25804
94705,37.86519,-122.23816
94706,37.88966,-122.29553
94707,37.89818,-122.27914
94708,37.90307,-122.26194
94709,37.87923,-122.26684
94710,37.86392,-122.30647
94720,37.87383,-122.25494
94801,37.95284,-122.38197
94803,37.95955,-122.28358
94804,37.91548,-122.33783
94805,37.94280,-122.32293
94806,37.98079,-122.33763
94850,37.90287,-122.31902
94901,37.97814,-122.49759
94903,38.02213,-122.55881
94904,37.94551,-122.56012
94920,37.88677,-122.46262
94922,38.34495,-122.94880
94923,38.33942,-123.03453
94924,37.94309,-122.72379
94925,37.93185,-122.50774
94928,38.34642,-122.69413
94929,38.25242,-122.96272
94930,37.94396,-122.61642
94931,38.32517,-122.71698
94933,38.01260,-122.68748
94937,38.11648,-122.93035
94938,38.02907,-122.72652
94939,37.93756,-122.53352
94940,38.17857,-122.88319
94941,37.89767,-122.56317
94945,38.13390,-122.52719
94946,38.07473,-122.69527
94947,38.11373,-122.62953
94949,38.06009,-122.50641
94950,38.02488,-122.75993
94951,38.32086,-122.64614
94952,38.23455,-122.76038
94954,38.23501,-122.55737
94956,38.02145,-122.81817
94957,37.96310,-122.56362
94960,37.99585,-122.57781
94963,38.01372,-122.67012
94964,37.94324,-122.49213
94965,37.85290,-122.54721
94970,37.91447,-122.64687
94971,38.23155,-122.92823
94972,38.28677,-122.96839
94973,38.01270,-122.63960
95002,37.43867,-122.01158
95003,37.00670,-121.87821
95004,36.87476,-121.63073
95005,37.09877,-122.09173
95006,37.17127,-122.14952
95007,37.10496,-122.10690
95008,37.27917,-121.95557
95010,36.97617,-121.95316
95012,36.78448,-121.75905
95013,37.21536,-121.74152
95014,37.30661,-122.08062
95017,37.11433,-122.23716
95018,37.07409,-122.05937
95019,36.93554,-121.78315
95020,37.01854,-121.55420
95023,36.90205,-121.35078
95030,37.22304,-121.98361
95032,37.21726,-121.92434
95033,37.16085,-121.98397
95035,37.44364,-121.87495
95037,37.17364,-121.59843
95039,36.82815,-121.77658
95041,37.05042,-122.05782
95043,36.52578,-120.95172
95045,36.82581,-121.51856
95046,37.09931,-121.59924
95050,37.35114,-121.95231
95051,37.34864,-121.98437
95053,37.34872,-121.93756
95054,37.39341,-121.96470
95060,37.03646,-122.12175
95062,36.97052,-121.98747
95064,36.99111,-122.05902
95065,37.03148,-121.98334
95066,37.06792,-122.01399
95070,37.26047,-122.04617
95073,37.04225,-121.93005
95075,36.77905,-121.14244
95076,36.94578,-121.75606
95110,37.34652,-121.90983
95111,37.28311,-121.82625
95112,37.34448,-121.88354
95113,37.33369,-121.89100
95116,37.35042,-121.85259
95117,37.31121,-121.96188
95118,37.25536,-121.89191
95119,37.23033,-121.78523
95120,37.18575,-121.84274
95121,37.30416,-121.80987
95122,37.32868,-121.83527
95123,37.24424,-121.83160
95124,37.25684,-121.92273
95125,37.29505,-121.89141
95126,37.32677,-121.91675
95127,37.37109,-121.80075
95128,37.31598,-121.93631
95129,37.30574,-122.00093
95130,37.27712,-121.98613
95131,37.38710,-121.89741
95132,37.42752,-121.75111
95133,37.37161,-121.86084
95134,37.42856,-121.94345
95135,37.28381,-121.65847
95136,37.26913,-121.85099
95138,37.24742,-121.73462
95139,37.22492,-121.76407
95140,37.39350,-121.62001
95148,37.33600,-121.77764
95202,37.95974,-121.28829
95203,37.94962,-121.32923
95204,37.97374,-121.31925
95205,37.96458,-121.25984
95206,37.91885,-121.41743
95207,38.00212,-121.32498
95209,38.04686,-121.35280
95210,38.03018,-121.29791
95211,37.97925,-121.31341
95212,38.04994,-121.23297
95215,37.94940,-121.15706
95219,38.05173,-121.48304
95220,38.20023,-121.23503
95222,38.07211,-120.63135
95223,38.43397,-119.96844
95224,38.23132,-120.32269
95225,38.19379,-120.87590
95226,38.22895,-120.85663
95227,38.21035,-121.05126
95228,37.90727,-120.68828
95230,37.99765,-120.89468
95231,37.87392,-121.29001
95232,38.35534,-120.59401
95233,38.16167,-120.36814
95234,37.92576,-121.52803
95236,38.02973,-121.02389
95237,38.16188,-121.14984
95240,38.11439,-121.14466
95242,38.13707,-121.38455
95245,38.30275,-120.60947
95246,38.22989,-120.51293
95247,38.13854,-120.45290
95248,38.31771,-120.46111
95249,38.18912,-120.63871
95250,38.23784,-120.42866
95251,38.08006,-120.45358
95252,38.14982,-120.84667
95254,38.19244,-120.95774
95255,38.41990,-120.47446
95257,38.37970,-120.44800
95258,38.17207,-121.30891
95301,37.32111,-120.65441
95303,37.47029,-120.67108
95304,37.67110,-121.40656
95305,37.79422,-120.26914
95306,37.36532,-120.16039
95307,37.55432,-120.95138
95310,38.08584,-120.37855
95311,37.70591,-120.08236
95312,37.42107,-120.65298
95313,37.43139,-121.05129
95314,38.31913,-119.79621
95315,37.42190,-120.76928
95316,37.56960,-120.68756
95317,37.12738,-120.50643
95318,37.65337,-119.78412
95319,37.63936,-120.90309
95320,37.82560,-121.00516
95321,37.86424,-120.00457
95322,37.16620,-121.02443
95323,37.60957,-120.68592
95324,37.39454,-120.89075
95325,37.46562,-120.22581
95326,37.58910,-120.85544
95327,37.86162,-120.48032
95328,37.55828,-120.90985
95329,37.66659,-120.41152
95330,37.81249,-121.30877
95333,37.24225,-120.24043
95334,37.34731,-120.74263
95335,38.12489,-120.09315
95336,37.83027,-121.20102
95337,37.74304,-121.23838
95338,37.50701,-119.98379
95340,37.34578,-120.42415
95341,37.23105,-120.50107
95345,37.58377,-119.97673
95346,38.06553,-120.17070
95348,37.39229,-120.49830
95350,37.67191,-121.00732
95351,37.62410,-120.99712
95354,37.63903,-120.96477
95355,37.67291,-120.94659
95356,37.71857,-121.03231
95357,37.67115,-120.88627
95358,37.61163,-121.10786
95360,37.32601,-121.19366
95361,37.78724,-120.75928
95363,37.45303,-121.23031
95364,38.22470,-119.75998
95365,37.33111,-120.29482
95366,37.76277,-121.12528
95367,37.72928,-120.94290
95368,37.71327,-121.08540
95369,37.53189,-120.43741
95370,37.98440,-120.34807
95372,37.99129,-120.26279
95374,37.31681,-120.85575
95375,38.18955,-120.02408
95376,37.73720,-121.43337
95377,37.67400,-121.51686
95379,37.93977,-120.18805
95380,37.47422,-120.87527
95382,37.52756,-120.85111
95383,38.11276,-120.22575
95385,37.60982,-121.24850
95386,37.66729,-120.62209
95387,37.49754,-121.34257
95388,37.41467,-120.58679
95389,37.61941,-119.68408
95391,37.76822,-121.60951
95401,38.44914,-122.79375
95403,38.50368,-122.75406
95404,38.52573,-122.69044
95405,38.43711,-122.66599
95407,38.39451,-122.74433
95409,38.46850,-122.58212
95410,39.20447,-123.69043
95412,38.71342,-123.34978
95415,39.01526,-123.37077
95417,39.68979,-123.61002
95420,39.36615,-123.80499
95421,38.62822,-123.16083
95422,38.97301,-122.62392
95423,39.06445,-122.62670
95425,38.82305,-123.06386
95426,38.83342,-122.73406
95427,39.24418,-123.56353
95428,39.82480,-123.17961
95429,39.72093,-123.30026
95430,38.46142,-123.04719
95431,38.34834,-122.51706
95432,39.10849,-123.64542
95435,39.00721,-122.86951
95436,38.48683,-122.90562
95437,39.48743,-123.74236
95439,38.49318,-122.77755
95441,38.73169,-122.90677
95442,38.37154,-122.48731
95443,39.05401,-122.75125
95444,38.43322,-122.86900
95445,38.83252,-123.47253
95446,38.51943,-123.01068
95448,38.62298,-122.88912
95449,38.93614,-123.11944
95450,38.50132,-123.17091
95451,38.92214,-122.78956
95452,38.42552,-122.53521
95453,39.04593,-122.94108
95454,39.80610,-123.51615
95456,39.25889,-123.75916
95457,38.88297,-122.53272
95458,39.16128,-122.74531
95459,38.97663,-123.60485
95460,39.30524,-123.74862
95461,38.75401,-122.55211
95462,38.46216,-123.01831
95463,39.18679,-123.55838
95464,39.12838,-122.84935
95465,38.41734,-123.04601
95466,39.08182,-123.50487
95467,38.80826,-122.53995
95468,38.91889,-123.60568
95469,39.39092,-123.05284
95470,39.31294,-123.24609
95471,38.52408,-122.96877
95472,38.39881,-122.86192
95476,38.24943,-122.46663
95482,39.13680,-123.26109
95485,39.22548,-122.92291
95486,38.47414,-123.02420
95488,39.68371,-123.74161
95490,39.49284,-123.34097
95492,38.52796,-122.82148
95493,39.18473,-122.96957
95494,38.88965,-123.33782
95497,38.72527,-123.45831
95501,40.79872,-124.15156
95503,40.73840,-124.10782
95511,40.13045,-123.68556
95514,40.29471,-123.65347
95519,40.96301,-124.05250
95521,40.85576,-124.06721
95524,40.82084,-124.05002
95525,40.92143,-123.81527
95526,40.46153,-123.67649
95527,41.01226,-123.38796
95528,40.49699,-123.93081
95531,41.81958,-124.06567
95536,40.52310,-124.32642
95537,40.72675,-124.21738
95540,40.57873,-124.13687
95542,40.08040,-123.78395
95543,41.87081,-123.86277
95545,40.28040,-124.06367
95546,41.09337,-123.67344
95547,40.55748,-124.08122
95548,41.59781,-124.04432
95549,40.66668,-123.90838
95550,40.78182,-123.82729
95551,40.67499,-124.23115
95552,40.20254,-123.22861
95553,40.24616,-123.89025
95554,40.29638,-123.77714
95555,41.24180,-123.91343
95556,41.30772,-123.58741
95558,40.29432,-124.23661
95559,40.18583,-123.74553
95560,40.16925,-123.83178
95562,40.46727,-124.12297
95563,40.87733,-123.49914
95564,40.79088,-124.20475
95565,40.45519,-124.01520
95567,41.95068,-124.09709
95568,41.45282,-123.46565
95569,40.37730,-123.85417
95570,41.07563,-124.16603
95571,40.32277,-123.92062
95573,40.91493,-123.66872
95585,39.84468,-123.65692
95587,39.96326,-123.77573
95589,40.05347,-123.97251
95595,40.12318,-123.44628
95601,38.42670,-120.82572
95602,38.99003,-121.11441
95603,38.91587,-121.08028
95604,39.24330,-120.07141
95605,38.59352,-121.53987
95606,38.75605,-122.19544
95607,38.83062,-122.12604
95608,38.62420,-121.32721
95610,38.69491,-121.27176
95612,38.38471,-121.57872
95614,38.88624,-120.97970
95615,38.31862,-121.55475
95616,38.55415,-121.79851
95618,38.54321,-121.68150
95619,38.68060,-120.81426
95620,38.41262,-121.75622
95621,38.69573,-121.30828
95623,38.60360,-120.85703
95624,38.42751,-121.31490
95625,38.35812,-121.91155
95626,38.73298,-121.46803
95627,38.73451,-122.02535
95628,38.65210,-121.25438
95629,38.51647,-120.68851
95630,38.66660,-121.14163
95631,39.05346,-120.79563
95632,38.27445,-121.25920
95633,38.84021,-120.82975
95634,38.93690,-120.77228
95635,38.91075,-120.90862
95636,38.62128,-120.38322
95637,38.83412,-122.23691
95638,38.31298,-121.12345
95639,38.38879,-121.49994
95640,38.32525,-120.95579
95641,38.14037,-121.58978
95642,38.34303,-120.76092
95645,38.88489,-121.77865
95646,38.68926,-120.05498
95648,38.92281,-121.31200
95650,38.80918,-121.17137
95651,38.81782,-120.92927
95652,38.66306,-121.40112
95653,38.69707,-121.97841
95655,38.54923,-121.27860
95658,38.88118,-121.16901
95659,38.84286,-121.57031
95660,38.67856,-121.37998
95661,38.74130,-121.24914
95662,38.68917,-121.21843
95663,38.85580,-121.18233
95664,38.80128,-121.03786
95665,38.40065,-120.64846
95666,38.52386,-120.37663
95667,38.73492,-120.78995
95668,38.82755,-121.49518
95669,38.48262,-120.89947
95670,38.60427,-121.28033
95672,38.72226,-120.99295
95673,38.68924,-121.45901
95674,38.95417,-121.48186
95675,38.54470,-120.74050
95677,38.79107,-121.23485
95678,38.76401,-121.28750
95679,38.89703,-122.34841
95680,38.24042,-121.58754
95681,38.99556,-121.35354
95682,38.61213,-120.96452
95683,38.51199,-121.09626
95684,38.59228,-120.58458
95685,38.43401,-120.76202
95686,38.15779,-121.52022
95687,38.33313,-121.92015
95688,38.40857,-122.02277
95689,38.47886,-120.61198
95690,38.19958,-121.61825
95691,38.62795,-121.59329
95692,39.04307,-121.40980
95693,38.39928,-121.21012
95694,38.57188,-122.06486
95695,38.68704,-121.85708
95697,38.73237,-121.81026
95698,38.81636,-121.91077
95699,38.43677,-120.85762
95701,39.22655,-120.76702
95703,38.98588,-120.97867
95709,38.75013,-120.67541
95713,39.11183,-120.87797
95714,39.20050,-120.84073
95715,39.26996,-120.67761
95717,39.14452,-120.85257
95720,38.76661,-120.22393
95721,38.84083,-120.07413
95722,39.00980,-121.03471
95724,39.31172,-120.32811
95726,38.80035,-120.50387
95728,39.31933,-120.39938
95735,38.84029,-120.15029
95736,39.03881,-120.97752
95742,38.56220,-121.20470
95746,38.74753,-121.18009
95747,38.78206,-121.37317
95757,38.34489,-121.43123
95758,38.42781,-121.44470
95762,38.68369,-121.06473
95765,38.81860,-121.27809
95776,38.69869,-121.69946
95811,38.58323,-121.47810
95814,38.58057,-121.49559
95815,38.60541,-121.44759
95816,38.57158,-121.46646
95817,38.55055,-121.45637
95818,38.55449,-121.49706
95819,38.56983,-121.44007
95820,38.53488,-121.44437
95821,38.62569,-121.38492
95822,38.51284,-121.49421
95823,38.47410,-121.44345
95824,38.51758,-121.44074
95825,38.59190,-121.40847
95826,38.54385,-121.37828
95827,38.55612,-121.32426
95828,38.48879,-121.39584
95829,38.48955,-121.32345
95830,38.49051,-121.28417
95831,38.49579,-121.53026
95832,38.44741,-121.49614
95833,38.61905,-121.51755
95834,38.63521,-121.51861
95835,38.67065,-121.52598
95837,38.69376,-121.59894
95838,38.64572,-121.44525
95841,38.66037,-121.34740
95842,38.68678,-121.34917
95843,38.71546,-121.36342
95864,38.58405,-121.37585
95901,39.22394,-121.49405
95903,39.10610,-121.36818
95910,39.49113,-120.81723
95912,39.01670,-122.06214
95914,39.44900,-121.33052
95915,40.00626,-121.15889
95916,39.66554,-121.35196
95917,39.40969,-121.75665
95918,39.30123,-121.33793
95919,39.43288,-121.26114
95920,39.44979,-121.93637
95922,39.48818,-121.06580
95923,40.13373,-121.09269
95925,39.48411,-121.19265
95926,39.74563,-121.84383
95928,39.68741,-121.84131
95930,39.54689,-121.17621
95932,39.26647,-121.97860
95934,40.06010,-120.90796
95935,39.37934,-121.19226
95936,39.60538,-120.81101
95937,38.88524,-121.99904
95938,39.60471,-121.79529
95939,39.57198,-122.58083
95941,39.51635,-121.25082
95942,40.01945,-121.56664
95943,39.58481,-122.03230
95944,39.49527,-120.94381
95945,39.19635,-120.97239
95946,39.21559,-121.20324
95947,40.17457,-120.81976
95948,39.33926,-121.77079
95949,39.09993,-121.13529
95950,39.04345,-121.91810
95951,39.72251,-122.00443
95953,39.25974,-121.77633
95954,39.88465,-121.58679
95955,39.29452,-122.20171
95956,39.83829,-121.13424
95957,39.06092,-121.82716
95959,39.34781,-120.91873
95960,39.40322,-121.03449
95961,39.04133,-121.56284
95962,39.34479,-121.26455
95963,39.73617,-122.25948
95965,39.59394,-121.58136
95966,39.47537,-121.41413
95968,39.43521,-121.55192
95969,39.71690,-121.64620
95970,39.39842,-122.06095
95971,39.94006,-120.89133
95973,39.89163,-121.84193
95974,39.48022,-121.83845
95975,39.22435,-121.15159
95977,39.17659,-121.29169
95978,39.87561,-121.53631
95979,39.30203,-122.51116
95981,39.67948,-120.99857
95982,39.17323,-121.80567
95983,40.07788,-120.70729
95984,40.04095,-121.12265
95986,39.34255,-120.77088
95987,39.10513,-122.28300
95988,39.49165,-122.26208
95991,38.99412,-121.59457
95993,39.08250,-121.68011
96001,40.60178,-122.45497
96002,40.52783,-122.31875
96003,40.75194,-122.23068
96006,41.13353,-120.84257
96007,40.45803,-122.27783
96008,40.70487,-122.12004
96009,41.05604,-121.02080
96010,40.91378,-123.30742
96011,41.04728,-121.97457
96013,40.97366,-121.69240
96014,41.32665,-122.77365
96015,41.48728,-120.91242
96016,40.89421,-121.50883
96017,41.07688,-122.25365
96019,40.67656,-122.38091
96020,40.39792,-121.29838
96021,39.92348,-122.27045
96022,40.33631,-122.44798
96023,41.92889,-121.90681
96024,40.54704,-122.88119
96025,41.20994,-122.30794
96027,41.38955,-123.06803
96028,41.00642,-121.48074
96029,39.93930,-122.48919
96031,41.18607,-123.18180
96032,41.60952,-122.96353
96033,40.78163,-122.58415
96034,41.42788,-122.60921
96035,40.04564,-122.18486
96037,41.54467,-122.93466
96038,41.60710,-122.54572
96039,41.68791,-123.48327
96040,40.79353,-121.43861
96041,40.52572,-123.19392
96044,41.95890,-122.52592
96046,40.58877,-123.43420
96047,40.46977,-122.66097
96048,40.83036,-123.02349
96049,41.77195,-123.32772
96050,41.89888,-122.88855
96051,40.93320,-122.38279
96052,40.73839,-122.82109
96054,41.23896,-121.03925
96055,40.10324,-122.07474
96056,41.02818,-121.30832
96057,41.26868,-121.93094
96058,41.72705,-121.90737
96059,40.42164,-121.83305
96061,40.33807,-121.47907
96062,40.57919,-122.04363
96063,40.37037,-121.60619
96064,41.75470,-122.36562
96065,40.87908,-121.89326
96067,41.31434,-122.38080
96068,41.11840,-121.20756
96069,40.68534,-122.01607
96071,40.66371,-121.46138
96073,40.59860,-122.19493
96074,39.88465,-122.58651
96075,40.34324,-121.85220
96076,40.39154,-122.93788
96080,40.18189,-122.37710
96084,40.84464,-121.96985
96085,41.74082,-123.07733
96086,41.92421,-123.26081
96087,40.61700,-122.62577
96088,40.51087,-121.87611
96090,40.02172,-122.12782
96091,41.03471,-122.79132
96092,39.96332,-122.01724
96093,40.76548,-122.94143
96094,41.45604,-122.46869
96096,40.65409,-121.82285
96097,41.75615,-122.65947
96101,41.45271,-120.53846
96103,39.80558,-120.66596
96104,41.50715,-120.14291
96105,39.75358,-120.05500
96106,39.73666,-120.54373
96107,38.42528,-119.47574
96108,41.78726,-120.40172
96109,40.01971,-120.09918
96110,41.29988,-120.07851
96111,39.48348,-120.03766
96112,41.85884,-120.10500
96113,40.14293,-120.15901
96114,40.29675,-120.49984
96115,41.69973,-120.11985
96116,41.25836,-120.37234
96117,40.53346,-120.23536
96118,39.63960,-120.24714
96119,41.02272,-120.52399
96120,38.74244,-119.86938
96121,40.16439,-120.38004
96122,39.82523,-120.47705
96123,40.72819,-120.39628
96124,39.64187,-120.44527
96125,39.60271,-120.63615
96126,39.52972,-120.45417
96128,40.35877,-120.40815
96129,39.78927,-120.35728
96130,40.55176,-120.67567
96132,40.91475,-120.40217
96133,38.62096,-119.50518
96134,41.76732,-121.44055
96135,39.80864,-120.20568
96136,40.34623,-120.08132
96137,40.27073,-121.03946
96140,39.23202,-120.09640
96141,39.06728,-120.17779
96142,38.99720,-120.12961
96143,39.25445,-120.02218
96145,39.14832,-120.17094
96146,39.19805,-120.23779
96148,39.24680,-120.05858
96150,38.86982,-120.00859
96155,38.76299,-120.08707
96161,39.31309,-120.20778
96701,21.40605,-157.88495
96703,22.14558,-159.38568
96704,19.33727,-155.83762
96705,21.89953,-159.56855
96706,21.34478,-158.02230
96707,21.36311,-158.08221
96708,20.85239,-156.22356
96710,19.84248,-155.24751
96712,21.62137,-158.04801
96713,20.73882,-156.04505
96714,22.13125,-159.52097
96716,22.04928,-159.59242
96717,21.55779,-157.90534
96719,20.23486,-155.83616
96720,19.65981,-155.23247
96722,22.18838,-159.46089
96725,19.62649,-155.91034
96726,19.42818,-155.82097
96727,20.10995,-155.63627
96728,19.86118,-155.12496
96729,21.17356,-157.11681
96730,21.54315,-157.85048
96731,21.67808,-157.96921
96732,20.88378,-156.46264
96734,21.39508,-157.75819
96737,19.06452,-155.77967
96738,19.87194,-155.80216
96740,19.75682,-155.91997
96741,21.95553,-159.51519
96742,21.17667,-156.96575
96743,19.86216,-155.69887
96744,21.45173,-157.82423
96746,22.09374,-159.38520
96747,21.92992,-159.62444
96748,21.13117,-156.83524
96749,19.62128,-154.98973
96750,19.53192,-155.71482
96751,22.10496,-159.30258
96752,21.97096,-159.71451
96753,20.71374,-156.43787
96754,22.17891,-159.41229
96755,20.19691,-155.78991
96756,21.90707,-159.45166
96757,21.15445,-156.97738
96759,21.46742,-158.07242
96760,19.55476,-155.05611
96761,20.89730,-156.61354
96762,21.61853,-157.94390
96763,20.83648,-156.92738
96764,19.91207,-155.27690
96765,21.91119,-159.47797
96766,21.98484,-159.41367
96768,20.82916,-156.29722
96769,21.89587,-160.15246
96770,21.13362,-157.21693
96771,19.52482,-155.12192
96772,19.15451,-155.62321
96773,19.88016,-155.23916
96774,19.97190,-155.31951
96776,19.99407,-155.39960
96777,19.25195,-155.45677
96778,19.43894,-155.02818
96779,20.90997,-156.38434
96780,19.96976,-155.21617
96781,19.78615,-155.21770
96782,21.41737,-157.93687
96783,19.83083,-155.14416
96785,19.45373,-155.40755
96786,21.56406,-157.97931
96789,21.48388,-157.93428
96790,20.68545,-156.30531
96791,21.56364,-158.18507
96792,21.46862,-158.16691
96793,20.89556,-156.52984
96795,21.33501,-157.71092
96796,22.09406,-159.71875
96797,21.42962,-157.97188
96799,-14.32330,-170.75033
96813,21.31655,-157.84505
96814,21.29317,-157.84869
96815,21.27346,-157.82244
96816,21.29068,-157.78835
96817,21.35551,-157.82165
96818,21.34333,-157.94172
96819,21.34712,-157.87732
96821,21.31117,-157.75023
96822,21.32021,-157.81076
96825,21.29452,-157.68875
96826,21.29152,-157.82687
96850,21.30377,-157.86266
96853,21.33376,-157.93898
96857,21.48674,-158.05150
96859,21.36046,-157.89063
96860,21.35565,-157.94123
96863,21.44845,-157.76233
96910,13.45285,144.74719
96913,13.47784,144.81452
96915,13.37748,144.70228
96916,13.26037,144.70068
96917,13.29764,144.73394
96921,13.45912,144.79403
96928,13.38454,144.66130
96929,13.56510,144.87624
96932,13.47544,144.74177
96950,15.18689,145.75440
96951,14.15249,145.21290
96952,15.00977,145.62113
97001,44.99035,-120.60398
97002,45.24048,-122.79384
97004,45.25496,-122.44938
97005,45.49096,-122.80359
97006,45.51702,-122.85986
97007,45.45432,-122.87968
97008,45.46019,-122.80420
97009,45.42299,-122.33277
97011,45.38726,-122.02652
97013,45.22082,-122.66828
97014,45.56853,-122.04450
97015,45.41352,-122.53676
97016,46.06031,-123.26695
97017,45.17652,-122.38969
97018,45.89926,-122.81222
97019,45.51564,-122.24264
97020,45.22295,-122.83362
97021,45.38592,-121.14238
97022,45.34672,-122.31996
97023,45.27848,-122.32319
97024,45.54662,-122.44235
97026,45.10615,-122.95994
97027,45.38565,-122.59283
97028,45.28845,-121.80728
97029,45.28709,-120.80228
97030,45.50863,-122.43310
97031,45.62669,-121.55039
97032,45.17663,-122.78388
97033,45.20048,-120.58407
97034,45.40935,-122.68347
97035,45.41360,-122.72525
97037,45.06705,-121.02762
97038,45.09544,-122.55895
97039,45.45156,-120.66486
97040,45.61711,-121.38811
97041,45.43625,-121.62479
97042,45.20772,-122.53722
97045,45.32028,-122.53646
97048,46.04480,-122.98202
97049,45.34540,-121.86244
97050,45.67358,-120.78163
97051,45.87570,-122.94901
97053,45.82798,-122.88329
97054,45.94223,-122.94959
97055,45.38871,-122.15506
97056,45.77204,-122.96941
97057,45.00276,-120.74993
97058,45.53645,-121.15525
97060,45.53133,-122.36909
97062,45.36930,-122.76231
97063,45.22490,-121.30113
97064,45.85908,-123.23552
97065,45.60764,-120.64462
97067,45.29772,-122.05896
97068,45.35171,-122.66902
97070,45.30611,-122.77307
97071,45.13419,-122.82649
97080,45.47831,-122.39073
97086,45.44505,-122.52817
97089,45.42642,-122.44299
97101,45.09020,-123.22870
97102,45.79564,-123.95982
97103,46.13394,-123.71072
97106,45.66569,-123.11897
97107,45.55252,-123.87938
97108,45.26888,-123.70871
97109,45.73782,-123.18117
97110,45.90107,-123.95532
97111,45.28453,-123.19520
97112,45.27123,-123.86847
97113,45.49726,-123.04435
97114,45.18785,-123.07657
97115,45.27523,-123.03946
97116,45.58087,-123.16577
97117,45.63109,-123.28785
97118,45.56078,-123.91135
97119,45.46886,-123.20021
97121,46.17192,-123.95184
97122,45.16142,-123.82578
97123,45.44017,-122.98008
97124,45.56920,-122.94714
97125,45.67042,-123.19940
97127,45.24611,-123.11135
97128,45.21192,-123.28209
97130,45.67151,-123.93342
97131,45.73686,-123.81673
97132,45.32422,-122.98733
97133,45.68939,-123.01304
97134,45.46110,-123.97026
97135,45.22249,-123.96222
97136,45.63059,-123.92077
97137,45.21951,-122.94849
97138,45.85356,-123.56937
97140,45.35308,-122.86584
97141,45.50753,-123.73714
97144,45.74159,-123.30029
97145,45.85116,-123.95073
97146,46.12970,-123.94591
97147,45.68800,-123.87863
97148,45.35840,-123.24848
97149,45.11295,-123.93904
97201,45.50786,-122.69079
97202,45.48254,-122.64393
97203,45.60355,-122.73792
97204,45.51837,-122.67395
97205,45.52056,-122.71023
97206,45.48243,-122.59861
97208,45.52867,-122.67898
97209,45.53112,-122.68395
97210,45.54416,-122.72663
97211,45.58113,-122.63730
97212,45.54424,-122.64347
97213,45.53819,-122.60001
97214,45.51467,-122.64301
97215,45.51512,-122.60063
97216,45.51389,-122.55840
97217,45.60182,-122.70080
97218,45.57624,-122.60087
97219,45.45423,-122.69853
97220,45.55002,-122.55930
97221,45.49826,-122.72885
97222,45.44095,-122.61811
97223,45.44029,-122.77660
97224,45.40550,-122.79507
97225,45.50305,-122.77013
97227,45.54339,-122.67810
97229,45.55103,-122.80927
97230,45.55776,-122.50527
97231,45.68763,-122.82420
97232,45.52893,-122.64393
97233,45.51531,-122.50217
97236,45.48300,-122.51234
97239,45.48994,-122.69045
97266,45.48297,-122.55762
97267,45.40843,-122.61287
97301,44.94878,-123.00365
97302,44.90310,-123.06452
97303,45.03035,-123.02369
97304,45.00660,-123.11169
97305,45.01433,-122.92872
97306,44.84290,-123.09475
97317,44.90260,-122.90737
97321,44.65345,-123.13953
97322,44.62755,-123.01761
97324,44.36500,-123.62315
97325,44.83382,-122.85223
97326,44.61951,-123.60271
97327,44.37503,-122.94759
97329,44.41127,-122.38462
97330,44.64800,-123.25958
97331,44.56461,-123.28041
97333,44.46807,-123.29383
97338,44.92686,-123.34732
97341,44.81050,-124.05242
97342,44.73930,-121.87908
97343,44.57525,-123.75149
97344,44.86910,-123.46462
97345,44.41154,-122.57891
97346,44.76902,-122.35785
97347,45.07710,-123.65652
97348,44.38329,-123.12226
97350,44.63124,-121.86415
97351,44.81529,-123.12949
97352,44.74939,-123.02759
97355,44.53224,-122.82104
97357,44.75266,-123.82558
97358,44.80412,-122.41362
97360,44.76628,-122.49943
97361,44.76684,-123.34498
97362,45.06349,-122.77131
97364,44.99888,-123.98678
97365,44.66691,-124.00968
97366,44.57573,-124.05856
97367,44.91476,-123.97423
97368,45.02454,-123.90311
97369,44.76151,-124.05177
97370,44.56374,-123.44545
97371,44.99063,-123.19112
97373,45.05704,-122.77175
97374,44.67591,-122.77814
97375,44.97732,-122.59636
97376,44.49824,-123.97501
97377,44.46329,-123.10600
97378,45.07080,-123.42107
97380,44.78602,-123.92997
97381,44.93948,-122.72074
97383,44.79446,-122.72186
97384,44.79099,-122.61888
97385,44.86585,-122.72355
97386,44.35918,-122.72704
97388,44.90095,-124.01343
97389,44.53349,-123.08979
97390,44.30940,-123.82885
97391,44.62454,-123.89837
97392,44.79561,-122.93038
97394,44.44386,-123.90716
97396,45.10472,-123.54918
97401,44.06799,-123.08018
97402,44.04774,-123.23091
97403,44.03585,-123.05298
97404,44.10523,-123.13303
97405,43.93956,-123.19276
97406,42.61587,-124.02127
97408,44.14299,-123.05824
97410,42.79897,-123.14786
97411,43.07564,-124.35938
97412,44.20493,-123.54782
97413,44.12478,-122.07228
97414,42.96153,-124.20313
97415,42.08439,-124.17476
97416,43.03412,-123.68673
97417,42.94766,-123.23069
97419,44.18083,-123.41315
97420,43.35097,-124.13692
97423,43.19367,-124.17327
97424,43.74081,-123.01859
97426,43.89893,-123.02995
97429,42.96830,-123.06350
97430,44.17490,-123.70522
97431,43.86954,-122.84149
97434,43.62146,-122.70262
97435,43.69019,-123.32815
97436,43.64179,-123.58268
97437,44.09312,-123.40876
97438,43.94424,-122.68246
97439,44.09018,-124.04834
97441,43.75183,-124.16615
97442,42.78037,-123.42537
97443,43.25048,-123.00426
97444,42.50612,-124.33733
97446,44.26073,-123.05465
97447,43.15525,-122.21046
97448,44.21089,-123.27934
97449,43.56337,-124.04050
97450,42.90594,-124.39706
97451,43.81514,-123.26784
97452,43.87411,-122.75008
97453,43.98040,-123.85047
97454,44.22156,-122.82168
97455,43.96855,-122.91966
97456,44.33925,-123.36642
97457,43.06451,-123.22947
97458,43.04884,-124.00854
97459,43.48422,-124.18273
97461,44.10853,-123.47976
97462,43.48997,-123.37920
97463,43.74068,-122.38717
97465,42.76352,-124.34468
97466,42.84895,-124.08523
97467,43.81589,-123.82391
97469,42.91692,-123.43453
97470,43.25068,-123.24241
97471,43.21907,-123.48789
97473,43.69368,-123.91479
97476,42.84223,-124.40280
97477,44.05846,-123.01160
97478,44.08912,-122.84228
97479,43.39035,-123.20830
97480,44.12246,-123.82512
97481,43.11528,-123.56598
97484,42.93994,-122.85027
97486,43.38332,-123.53164
97487,43.98886,-123.38720
97488,44.12857,-122.41733
97489,44.16472,-122.62068
97490,44.00422,-123.61203
97492,43.71838,-122.48481
97493,43.88959,-124.02491
97494,43.33040,-123.32808
97495,43.28120,-123.31433
97496,43.06648,-123.47271
97497,42.66571,-123.42549
97498,44.28465,-124.02263
97499,43.59502,-123.24806
97501,42.27727,-122.90032
97502,42.41447,-122.95482
97503,42.60469,-122.92372
97504,42.32804,-122.79868
97520,42.19002,-122.56454
97522,42.57482,-122.53057
97523,42.12309,-123.56687
97524,42.46747,-122.64771
97525,42.45070,-123.06093
97526,42.53570,-123.33826
97527,42.37114,-123.41362
97530,42.15215,-123.05750
97531,42.19984,-123.64566
97532,42.57555,-123.51993
97534,42.11890,-123.78612
97535,42.26775,-122.81145
97536,42.78191,-122.49470
97537,42.54649,-123.13789
97538,42.27054,-123.56742
97539,42.57642,-122.78621
97540,42.19270,-122.81726
97541,42.77586,-122.74526
97543,42.37506,-123.56213
97544,42.16138,-123.30242
97601,42.44339,-122.07415
97603,42.15202,-121.68353
97604,42.95386,-122.21331
97620,42.20418,-119.78788
97621,42.46923,-121.29366
97622,42.41919,-121.02623
97623,42.19884,-121.26843
97624,43.00325,-121.63569
97625,42.31478,-121.58090
97626,42.66735,-122.02791
97627,42.14034,-122.04993
97630,42.33135,-120.36745
97632,42.03649,-121.43391
97633,42.03414,-121.56283
97634,42.12830,-121.81493
97635,41.92999,-120.29420
97636,42.61664,-120.51446
97637,42.70338,-119.89006
97638,43.13596,-120.98725
97639,42.44778,-121.42903
97640,42.84789,-120.66334
97641,43.25904,-120.51216
97701,44.11347,-121.20601
97702,44.00062,-121.23381
97707,43.82622,-121.49212
97710,42.17457,-118.47084
97711,44.70623,-120.66790
97712,43.78945,-120.45615
97720,43.58683,-118.89609
97721,42.52635,-118.44608
97722,42.94809,-118.71604
97730,44.50230,-121.64718
97731,43.14600,-121.79748
97732,43.39707,-118.44346
97733,43.37125,-121.99952
97734,44.54244,-121.33615
97735,43.41069,-120.92617
97736,42.73690,-119.00929
97737,43.49688,-121.74367
97738,43.48405,-119.15646
97739,43.69481,-121.46061
97741,44.65772,-121.05446
97750,44.65814,-120.19670
97751,44.14550,-119.86913
97752,44.14292,-120.25439
97753,44.24051,-121.01813
97754,44.15963,-120.58550
97756,44.28333,-121.21672
97758,43.33879,-119.87223
97759,44.50021,-121.89910
97760,44.38450,-121.24558
97761,44.83850,-121.26151
97801,45.67083,-118.82373
97810,45.71398,-118.45796
97812,45.57516,-120.24983
97813,45.85041,-118.52808
97814,44.83910,-117.75792
97817,44.72877,-118.60596
97818,45.78537,-119.89017
97819,44.48542,-117.76029
97820,44.07255,-119.47293
97823,45.23993,-120.21677
97824,45.35430,-117.75647
97825,44.38513,-119.49627
97826,45.66430,-119.23232
97827,45.57542,-117.83805
97828,45.71656,-117.22199
97830,44.96661,-120.18311
97833,44.92889,-118.01488
97834,44.97228,-117.16119
97835,45.91005,-118.78655
97836,45.32115,-119.47462
97837,44.55666,-118.06711
97838,45.85302,-119.28728
97839,45.59121,-119.59298
97840,44.85610,-116.94123
97841,45.46512,-117.94492
97842,45.42359,-116.68403
97843,45.50232,-119.90287
97844,45.88415,-119.54884
97845,44.40182,-118.90306
97846,45.46270,-117.03959
97848,44.72218,-119.58055
97850,45.30354,-118.11328
97856,44.81521,-119.12525
97857,45.35923,-117.52324
97859,45.52672,-118.42145
97862,45.92206,-118.31606
97864,44.80545,-119.43605
97865,44.46147,-119.18004
97867,45.07804,-117.99342
97868,45.40929,-118.85358
97869,44.39756,-118.63398
97870,44.78799,-117.18656
97873,44.13201,-119.00288
97874,44.77754,-119.86771
97875,45.81855,-119.13285
97876,45.51646,-118.03553
97877,44.71171,-118.41043
97880,45.08867,-118.88251
97882,45.89743,-119.36607
97883,45.19242,-117.63416
97884,44.45534,-118.22223
97885,45.65566,-117.51175
97886,45.80231,-118.27241
97901,43.62145,-117.10728
97903,44.24692,-117.64562
97904,43.88618,-118.52293
97905,44.57382,-117.45951
97906,43.53704,-117.77468
97907,44.41950,-117.34551
97908,44.31238,-117.92789
97909,44.24651,-117.41899
97910,42.74908,-117.51146
97911,43.73648,-118.04139
97913,43.61359,-117.32329
97914,44.11362,-117.08416
97918,44.03711,-117.35107
97920,44.07218,-117.85428
98001,47.30968,-122.26437
98002,47.30829,-122.21681
98003,47.30533,-122.31690
98004,47.61834,-122.20534
98005,47.61453,-122.16880
98006,47.55763,-122.15100
98007,47.61382,-122.14436
98008,47.61310,-122.10548
98010,47.31199,-122.00050
98011,47.75338,-122.20193
98012,47.84138,-122.19894
98014,47.66197,-121.89196
98019,47.73433,-121.85531
98020,47.80234,-122.37419
98021,47.79257,-122.20816
98022,47.21637,-121.91291
98023,47.31149,-122.36281
98024,47.57342,-121.89918
98026,47.84074,-122.33266
98027,47.49373,-121.99872
98028,47.75567,-122.24806
98029,47.55711,-122.00772
98030,47.36721,-122.19805
98031,47.40548,-122.19577
98032,47.39194,-122.25719
98033,47.67598,-122.19358
98034,47.71615,-122.21684
98036,47.80971,-122.28039
98037,47.83921,-122.28544
98038,47.41938,-121.95801
98039,47.63487,-122.24027
98040,47.56400,-122.23121
98042,47.36774,-122.11702
98043,47.79111,-122.30779
98045,47.38833,-121.60622
98047,47.26177,-122.24889
98050,47.54734,-121.93970
98051,47.34621,-121.88129
98052,47.68225,-122.12045
98053,47.66874,-122.01510
98055,47.44747,-122.20036
98056,47.51253,-122.19025
98057,47.47202,-122.22190
98058,47.44274,-122.12397
98059,47.49943,-122.11016
98065,47.58422,-121.79195
98068,47.43190,-121.37412
98070,47.40735,-122.47348
98072,47.76078,-122.13050
98074,47.62254,-122.04421
98075,47.58609,-122.03744
98077,47.75238,-122.06028
98087,47.86007,-122.26727
98092,47.29022,-122.12565
98101,47.61090,-122.33642
98102,47.63714,-122.32189
98103,47.68309,-122.33787
98104,47.60188,-122.32945
98105,47.65986,-122.28498
98106,47.54403,-122.34987
98107,47.66753,-122.37755
98108,47.53507,-122.30593
98109,47.63186,-122.34427
98110,47.64697,-122.53456
98112,47.63281,-122.28851
98115,47.68575,-122.28159
98116,47.57424,-122.40022
98117,47.68776,-122.38487
98118,47.54338,-122.26853
98119,47.63868,-122.37095
98121,47.61519,-122.35058
98122,47.61104,-122.29205
98125,47.71684,-122.29865
98126,47.55565,-122.37959
98133,47.74048,-122.34283
98134,47.58106,-122.33815
98136,47.53646,-122.39441
98144,47.58563,-122.29196
98146,47.50006,-122.35785
98148,47.44372,-122.32501
98154,47.60621,-122.33379
98155,47.75441,-122.30048
98158,47.45016,-122.30788
98164,47.60596,-122.33203
98166,47.45158,-122.35299
98168,47.48957,-122.29996
98174,47.60457,-122.33536
98177,47.74231,-122.37663
98178,47.49876,-122.24506
98188,47.44657,-122.27211
98195,47.64932,-122.31029
98198,47.39132,-122.31497
98199,47.65137,-122.40735
98201,48.00631,-122.21004
98203,47.94552,-122.23110
98204,47.90135,-122.26087
98205,47.98859,-122.15015
98207,47.98722,-122.22419
98208,47.90055,-122.18920
98220,48.68494,-122.19519
98221,48.50503,-122.65928
98222,48.57067,-122.81747
98223,48.21712,-121.95354
98224,47.59586,-121.47143
98225,48.75877,-122.50783
98226,48.79649,-122.44588
98229,48.69613,-122.41354
98230,48.95345,-122.70501
98232,48.56440,-122.40990
98233,48.50091,-122.34565
98235,48.46251,-122.23398
98236,47.94839,-122.41282
98237,48.55941,-121.59423
98238,48.33539,-122.34462
98239,48.19819,-122.65408
98240,48.94823,-122.62068
98241,48.20401,-121.14050
98243,48.61935,-122.99998
98244,48.83181,-121.93383
98245,48.64198,-122.89039
98247,48.91179,-122.33016
98248,48.86456,-122.61912
98249,48.01424,-122.54279
98250,48.57106,-123.11189
98251,47.91155,-121.60642
98252,48.07256,-121.68961
98253,48.09240,-122.57654
98255,48.52247,-121.98989
98256,47.82153,-121.40654
98257,48.40602,-122.51215
98258,48.04385,-122.07415
98260,48.03592,-122.45263
98261,48.48249,-122.88396
98262,48.67581,-122.64653
98263,48.52379,-122.06560
98264,48.95025,-122.45979
98266,48.96742,-122.11771
98267,48.39015,-121.26583
98270,48.05672,-122.14690
98271,48.08997,-122.23768
98272,47.84857,-121.89513
98273,48.40275,-122.37615
98274,48.34877,-122.14547
98275,47.91679,-122.30264
98276,48.92675,-122.32603
98277,48.31690,-122.62274
98278,48.33971,-122.67166
98279,48.63644,-122.81820
98280,48.61016,-122.91269
98281,48.99193,-123.05118
98282,48.21251,-122.49912
98283,48.80206,-121.26032
98284,48.54683,-122.13522
98286,48.56881,-122.95754
98288,47.66155,-121.27879
98290,47.95537,-121.97850
98292,48.21679,-122.31439
98294,47.87418,-121.75443
98295,48.98337,-122.19507
98296,47.84078,-122.10108
98297,48.70206,-123.02652
98303,47.15740,-122.69354
98304,46.88460,-121.73664
98305,48.06289,-124.43907
98310,47.59185,-122.62626
98311,47.63120,-122.63102
98312,47.57370,-122.78645
98314,47.56104,-122.63877
98315,47.72455,-122.71601
98320,47.71854,-122.96692
98321,47.15261,-122.07174
98323,47.03530,-121.89788
98325,47.97053,-122.77678
98326,48.18120,-124.41205
98327,47.10626,-122.66161
98328,46.86557,-122.15745
98329,47.36081,-122.74414
98330,46.77591,-122.16901
98331,47.77735,-124.19167
98332,47.37223,-122.59579
98333,47.25769,-122.64655
98335,47.29695,-122.62366
98336,46.59795,-122.07780
98337,47.56871,-122.63156
98338,47.03431,-122.27685
98339,48.02401,-122.74904
98340,47.91009,-122.57106
98342,47.75527,-122.51148
98345,47.69878,-122.62393
98346,47.82602,-122.52715
98349,47.27854,-122.75753
98350,47.90650,-124.62237
98351,47.19966,-122.77426
98353,47.53864,-122.49261
98354,47.25176,-122.31271
98355,46.70384,-122.03992
98356,46.56121,-122.29042
98357,48.33385,-124.63540
98358,48.06503,-122.70232
98359,47.43108,-122.57492
98360,47.05141,-122.15324
98361,46.53842,-121.50486
98362,47.93061,-123.36472
98363,48.00351,-123.82285
98364,47.84716,-122.58835
98365,47.88486,-122.70143
98366,47.54125,-122.57703
98367,47.46116,-122.69800
98368,48.05092,-122.83766
98370,47.75402,-122.62629
98371,47.19945,-122.32354
98372,47.20561,-122.26609
98373,47.14848,-122.32414
98374,47.12908,-122.26392
98375,47.10426,-122.32689
98376,47.84684,-122.85226
98377,46.52558,-121.91650
98380,47.60181,-122.87942
98381,48.27370,-124.47493
98382,48.02330,-123.10626
98383,47.66523,-122.71997
98385,47.13742,-122.09235
98387,47.06092,-122.38891
98388,47.20950,-122.68430
98390,47.20953,-122.22750
98391,47.17710,-122.16617
98392,47.73228,-122.56232
98394,47.31056,-122.77848
98396,47.09469,-122.00242
98402,47.25016,-122.43903
98403,47.26597,-122.45853
98404,47.20898,-122.41164
98405,47.24565,-122.47240
98406,47.26411,-122.51259
98407,47.29037,-122.51775
98408,47.19740,-122.44652
98409,47.21303,-122.47495
98416,47.26252,-122.48120
98418,47.22323,-122.44652
98421,47.26064,-122.40021
98422,47.29037,-122.39239
98424,47.23535,-122.35420
98430,47.11672,-122.56875
98433,47.10835,-122.58564
98438,47.13162,-122.49702
98439,47.13267,-122.51285
98443,47.20500,-122.37266
98444,47.15304,-122.44883
98445,47.13990,-122.40990
98446,47.13188,-122.37583
98447,47.14437,-122.44357
98465,47.25176,-122.53606
98466,47.22443,-122.54108
98467,47.20328,-122.56772
98498,47.15919,-122.55312
98499,47.16869,-122.50335
98501,46.97851,-122.87591
98502,47.08739,-123.02201
98503,47.02335,-122.79354
98506,47.10829,-122.87062
98512,46.97500,-123.06362
98513,46.97695,-122.73390
98516,47.10968,-122.79426
98520,47.20564,-123.75433
98524,47.35538,-122.86110
98526,47.45419,-123.99075
98527,46.58552,-123.92469
98528,47.44725,-122.89622
98530,46.79123,-122.82119
98531,46.73044,-122.90277
98532,46.62631,-123.05267
98533,46.66116,-122.39559
98535,47.10643,-124.13795
98536,47.19494,-124.10410
98537,46.83240,-123.59747
98538,46.48277,-123.14614
98541,47.06085,-123.38980
98542,46.52520,-122.79063
98544,46.73897,-123.02699
98546,47.31943,-122.92497
98547,46.78399,-124.03779
98548,47.38295,-123.41158
98550,47.09369,-123.92567
98552,47.31622,-123.94656
98555,47.53340,-123.06335
98557,47.04324,-123.26996
98558,46.93394,-122.55722
98559,46.95882,-123.32736
98560,47.30954,-123.42280
98562,47.23799,-124.19983
98563,47.19521,-123.60864
98564,46.44948,-122.41965
98565,46.57830,-122.90194
98568,46.85535,-123.31386
98569,46.99069,-124.14335
98570,46.63071,-122.65095
98571,47.19237,-124.16141
98572,46.54134,-123.32831
98575,47.41592,-123.80284
98576,46.83715,-122.63836
98577,46.64185,-123.61039
98579,46.78820,-123.12547
98580,46.99896,-122.52187
98581,46.35785,-123.06732
98582,46.52368,-122.62574
98583,47.00088,-123.48666
98584,47.23971,-123.15229
98585,46.55072,-122.47708
98586,46.55144,-123.83081
98587,47.30818,-124.20305
98588,47.44681,-123.03275
98589,46.83344,-122.79532
98590,46.71098,-123.99619
98591,46.44232,-122.74738
98592,47.32566,-123.07467
98593,46.40268,-123.01012
98595,46.88808,-124.11343
98596,46.49225,-122.95266
98597,46.84426,-122.49293
98601,45.94343,-122.36253
98602,45.86711,-121.26557
98603,46.05552,-122.41476
98604,45.80576,-122.51077
98605,45.77702,-121.66418
98606,45.72974,-122.45637
98607,45.64241,-122.37961
98610,45.86589,-122.06522
98611,46.30515,-122.90069
98612,46.21568,-123.32527
98613,45.73672,-120.96566
98614,46.29194,-123.92990
98616,46.25395,-122.18071
98617,45.64303,-121.16749
98619,45.97588,-121.27475
98620,45.87045,-120.77930
98621,46.37808,-123.54031
98624,46.35284,-123.99009
98625,46.03725,-122.73338
98626,46.17216,-122.77353
98628,45.88785,-121.08195
98629,45.87732,-122.61941
98631,46.40702,-124.03073
98632,46.20949,-123.05615
98635,45.75003,-121.18558
98638,46.39393,-123.76228
98639,45.66991,-121.98967
98640,46.58272,-124.02726
98641,46.54642,-124.02994
98642,45.80329,-122.70166
98643,46.29502,-123.61760
98644,46.32961,-124.05697
98645,46.33187,-122.76008
98647,46.31524,-123.40137
98648,45.70617,-121.95639
98649,46.31553,-122.53229
98650,45.94684,-121.53239
98651,45.73997,-121.58353
98660,45.69424,-122.73035
98661,45.64007,-122.62502
98662,45.68849,-122.57784
98663,45.65740,-122.66273
98664,45.61951,-122.57718
98665,45.67943,-122.66053
98670,45.85889,-121.14096
98671,45.61443,-122.23848
98672,45.83905,-121.45183
98673,45.66338,-121.02823
98674,45.95127,-122.66554
98675,45.82845,-122.34292
98682,45.67318,-122.48176
98683,45.60329,-122.51017
98684,45.63056,-122.51484
98685,45.71521,-122.69316
98686,45.72339,-122.62440
98801,47.42359,-120.33663
98802,47.48609,-120.18033
98811,47.71386,-120.37630
98812,48.18151,-119.74815
98813,48.03494,-119.55530
98814,48.20690,-120.15826
98815,47.46057,-120.47828
98816,48.00288,-120.33968
98817,47.79239,-119.99359
98819,48.61548,-119.82105
98821,47.54972,-120.55862
98822,47.97905,-120.62333
98823,47.31029,-119.65178
98824,47.07779,-119.85867
98826,47.78314,-120.84317
98827,48.86866,-119.77072
98828,47.31008,-120.17826
98829,48.29729,-119.80568
98830,47.89537,-119.52325
98831,47.93676,-120.13625
98832,47.37163,-119.02425
98833,48.77291,-120.64019
98834,48.12033,-120.06640
98836,47.47192,-120.43847
98837,47.14990,-119.30597
98840,48.31513,-119.57994
98841,48.35769,-119.27477
98843,47.75716,-120.05759
98844,48.92727,-119.22803
98845,47.43930,-119.93536
98846,48.01463,-119.97122
98847,47.41970,-120.64316
98848,47.16864,-119.84294
98849,48.54099,-119.40952
98850,47.30992,-120.07598
98851,47.41389,-119.43223
98852,48.25093,-120.52914
98853,47.45990,-119.26378
98855,48.67451,-119.25301
98856,48.34327,-120.26395
98857,46.98261,-119.05755
98858,47.64935,-119.90146
98859,48.79786,-118.95507
98860,47.46196,-119.20047
98862,48.60273,-120.32053
98901,46.72214,-120.40720
98902,46.59667,-120.53385
98903,46.54367,-121.02332
98908,46.61521,-120.72411
98921,46.43111,-120.31883
98922,47.26703,-120.87898
98923,46.66632,-120.71775
98925,47.25745,-121.27051
98926,47.01420,-120.45869
98929,46.88179,-121.28512
98930,46.26922,-119.89201
98932,46.33271,-120.15623
98933,46.40223,-120.63125
98934,46.98178,-120.41494
98935,46.13261,-120.08622
98936,46.53821,-120.14370
98937,46.79277,-121.22615
98938,46.38821,-120.09421
98939,46.49685,-120.46579
98940,47.47659,-121.08048
98941,47.22325,-120.98208
98942,46.80134,-120.66481
98943,47.18400,-120.96541
98944,46.49763,-119.62668
98946,47.08029,-120.72462
98947,46.68755,-120.80149
98948,46.29787,-120.31247
98950,46.89641,-119.98797
98951,46.45603,-120.51360
98952,46.35621,-120.76307
98953,46.44229,-120.22681
99001,47.63648,-117.58629
99003,47.92021,-117.29268
99004,47.42004,-117.63135
99005,47.84424,-117.36622
99006,47.98412,-117.50219
99008,47.50333,-117.93344
99009,48.02609,-117.25245
99011,47.61883,-117.64815
99012,47.38204,-117.19275
99013,47.89372,-117.83082
99016,47.59726,-117.12100
99017,47.18411,-117.88675
99018,47.28979,-117.15485
99019,47.63708,-117.07472
99020,47.56260,-117.49660
99021,47.84829,-117.18956
99022,47.59978,-117.70898
99023,47.56108,-117.17179
99025,47.79386,-117.07534
99026,47.81135,-117.62654
99027,47.71013,-117.12756
99029,47.69384,-117.83101
99030,47.48408,-117.11016
99031,47.42349,-117.36242
99032,47.32732,-118.03361
99033,47.23234,-117.09922
99034,47.87225,-117.75101
99036,47.52529,-117.27592
99037,47.63578,-117.19760
99039,47.34465,-117.26560
99040,47.89847,-118.00368
99101,48.32031,-117.92066
99102,46.79203,-117.25023
99103,47.75601,-118.92761
99105,46.86821,-118.07423
99109,48.29242,-117.69864
99110,48.01220,-117.57645
99111,46.83773,-117.42075
99113,46.59349,-117.18978
99114,48.65520,-117.73583
99115,47.64683,-119.41669
99116,48.03094,-118.92746
99117,47.72207,-118.53200
99118,48.89648,-118.63882
99119,48.50921,-117.31490
99121,48.93621,-118.46922
99122,47.68756,-118.20749
99123,47.84589,-119.14445
99124,47.99985,-118.95288
99125,46.93104,-117.76516
99126,48.73010,-117.97192
99128,47.09795,-117.08133
99129,48.01525,-118.19267
99130,46.99731,-117.18412
99131,48.27741,-118.13139
99133,48.02067,-119.05407
99134,47.39810,-118.27767
99135,47.66481,-119.09930
99136,46.67464,-117.95553
99137,48.14812,-118.11576
99138,48.20584,-118.39582
99139,48.74557,-117.40396
99140,48.11143,-118.64617
99141,48.73699,-118.13869
99143,46.76554,-117.84825
99144,47.37775,-118.50429
99146,48.95743,-118.29760
99147,47.81812,-118.40160
99148,48.08342,-117.59276
99149,47.21710,-117.46393
99150,48.80451,-118.55684
99151,48.66450,-118.06356
99152,48.83693,-117.39989
99153,48.91086,-117.16565
99154,47.38973,-118.36593
99155,48.24906,-118.96568
99156,48.19206,-117.19680
99157,48.80966,-117.94414
99158,47.13027,-117.24742
99159,47.32684,-118.76587
99160,48.83871,-118.30632
99161,46.90364,-117.14807
99163,46.73038,-117.21840
99164,46.73092,-117.15257
99166,48.57536,-118.66437
99167,48.41923,-118.12099
99169,47.10590,-118.34022
99170,47.23581,-117.39382
99171,47.09825,-117.65389
99173,48.03697,-117.86304
99174,47.01056,-117.35869
99176,47.08091,-117.42389
99179,46.49498,-117.12592
99180,48.29267,-117.34217
99181,48.14778,-117.78662
99185,47.74937,-118.71732
99201,47.66248,-117.43673
99202,47.65750,-117.37897
99203,47.62864,-117.40300
99204,47.64571,-117.42726
99205,47.69682,-117.44488
99206,47.62930,-117.25466
99207,47.68875,-117.38746
99208,47.78581,-117.45235
99212,47.66470,-117.31036
99216,47.68636,-117.21670
99217,47.74071,-117.26138
99218,47.75892,-117.40946
99223,47.58941,-117.34462
99224,47.64805,-117.53807
99301,46.37783,-118.95173
99320,46.26543,-119.48825
99321,46.87860,-119.90936
99322,45.94406,-120.18075
99323,46.18960,-118.87182
99324,46.04258,-118.38686
99326,46.64982,-118.85285
99328,46.26337,-117.86542
99329,46.15635,-118.14529
99330,46.48977,-119.04322
99333,46.68578,-118.17272
99335,46.64717,-118.43968
99336,46.21405,-119.17573
99337,46.07322,-119.09074
99338,46.14794,-119.27356
99341,46.91287,-118.65302
99343,46.59361,-119.18009
99344,46.81883,-119.17739
99345,45.94195,-119.69010
99346,46.00872,-119.29317
99347,46.42773,-117.56539
99348,46.38224,-118.47088
99349,46.73115,-119.70054
99350,46.18335,-119.69621
99352,46.25184,-119.29027
99353,46.31381,-119.38777
99354,46.33225,-119.29910
99356,45.82375,-120.31972
99357,46.89131,-119.66163
99359,46.54856,-118.09472
99360,46.09026,-118.66302
99361,46.23653,-118.14382
99362,46.10106,-118.31363
99363,46.05883,-118.88454
99371,46.80001,-118.31149
99401,46.08721,-117.24986
99402,46.19077,-117.12742
99403,46.36237,-117.28260
99501,61.22002,-149.85570
99502,61.16365,-149.99664
99503,62.04369,-158.17447
99504,61.20460,-149.74609
99505,61.25699,-149.60162
99506,61.25346,-149.81074
99507,61.14766,-149.75364
99508,61.20140,-149.81750
99510,70.01736,-149.82974
99513,61.21477,-149.88566
99515,61.11638,-149.89038
99516,61.07933,-149.70978
99517,61.19035,-149.93911
99518,61.15956,-149.88482
99519,69.21624,-146.78747
99540,60.99024,-149.41983
99546,51.83067,-176.62956
99547,52.21155,-174.21345
99548,56.23774,-158.75178
99549,56.94030,-158.59606
99550,57.90411,-153.04269
99551,60.90942,-161.42088
99552,60.90530,-161.22790
99553,54.11732,-165.83084
99554,62.71100,-164.64972
99555,59.26776,-158.63506
99556,59.89851,-151.52887
99557,61.42012,-156.04420
99558,62.63163,-160.21511
99559,60.81415,-161.85080
99561,60.15185,-164.25154
99563,61.53268,-165.58729
99564,56.29494,-158.39374
99565,56.30402,-158.49933
99566,61.27091,-142.60552
99567,61.29927,-149.02120
99568,60.20889,-151.40420
99569,58.80499,-158.52854
99571,55.21582,-162.77569
99572,60.52989,-149.95260
99573,61.79823,-146.02538
99574,60.89399,-145.10904
99575,61.79670,-158.08102
99576,60.27406,-158.66843
99577,61.20142,-149.24830
99578,60.21626,-162.04200
99579,58.23261,-157.42322
99580,59.36498,-157.49240
99581,62.78428,-164.53595
99583,54.89010,-163.41064
99585,61.91871,-162.28849
99586,62.83320,-143.30798
99587,60.96581,-148.87664
99588,62.40167,-146.94725
99589,59.12735,-161.56353
99590,62.89605,-160.11299
99591,56.56751,-169.59477
99602,62.18512,-159.85878
99603,59.53852,-151.18693
99604,61.53604,-166.12310
99605,60.78731,-149.55487
99606,59.85034,-154.54956
99607,61.75829,-159.78338
99609,60.86382,-162.53660
99610,60.27180,-150.60521
99611,60.60181,-151.10625
99612,55.05672,-162.26862
99613,58.96701,-155.77815
99614,59.93746,-164.06222
99615,57.68272,-153.37885
99620,63.02919,-163.53665
99621,60.79323,-161.43084
99622,59.87473,-163.21191
99624,57.53914,-153.97460
99625,59.29458,-156.64944
99626,61.51698,-160.36470
99627,63.54852,-154.57565
99628,58.97167,-159.23086
99630,60.37018,-166.26817
99631,60.61536,-149.37278
99632,62.11233,-163.66450
99633,58.78516,-156.88587
99634,60.69054,-161.98557
99636,59.48813,-157.29137
99637,60.54770,-165.10952
99638,52.89803,-168.94320
99639,60.06133,-151.40438
99640,60.03397,-155.43259
99641,60.88174,-162.46457
99643,57.21880,-153.32967
99644,57.91013,-152.38236
99645,61.62442,-148.98208
99647,59.87939,-154.07093
99648,55.91135,-159.16881
99649,57.50514,-157.28583
99650,61.94219,-162.88554
99651,59.00105,-161.68524
99652,61.51555,-149.97553
99653,60.19456,-154.32277
99654,61.44918,-149.90053
99655,59.74240,-161.88715
99656,61.92602,-157.65717
99657,61.72803,-161.67843
99658,62.09162,-163.24897
99659,63.45850,-162.13449
99660,57.17908,-170.32282
99661,55.26227,-160.70942
99662,61.79188,-165.96117
99663,59.40119,-151.62459
99664,60.07606,-149.49381
99665,62.64304,-159.53032
99666,62.44062,-165.14554
99667,61.69768,-152.14040
99668,61.70137,-157.17136
99669,60.36007,-151.01785
99670,58.67553,-156.99413
99671,63.47339,-162.25998
99672,60.75258,-150.62910
99674,61.59129,-148.06193
99676,62.45083,-149.78973
99677,60.89444,-146.66856
99678,59.40395,-159.91056
99679,61.10435,-160.93723
99680,60.41027,-162.66968
99681,60.60713,-165.12801
99682,60.35225,-153.10898
99683,62.51481,-151.03037
99684,64.07322,-160.20640
99685,53.87311,-166.48383
99686,61.15081,-146.81023
99688,61.88696,-149.62023
99689,59.48456,-139.41931
99690,60.46240,-164.83464
99691,62.81762,-153.37446
99692,53.88500,-166.53953
99693,60.85061,-148.03382
99694,61.62410,-149.78526
99695,55.91820,-159.49330
99701,67.09454,-149.33601
99702,64.65062,-147.05232
99703,64.83262,-147.62272
99704,64.29615,-149.14955
99705,64.76183,-147.31367
99706,64.00970,-144.68157
99709,64.87735,-148.14857
99712,65.05858,-145.92565
99714,64.38130,-146.53060
99720,66.56376,-152.76799
99721,68.14975,-151.69707
99722,68.12545,-145.54477
99723,71.25386,-156.79825
99724,66.38474,-147.28776
99726,67.16864,-152.28521
99727,65.97593,-161.13858
99729,63.00641,-149.40057
99730,65.64899,-145.61484
99732,64.07178,-142.00767
99733,65.83862,-144.17533
99734,70.42263,-149.29967
99736,66.08539,-162.76235
99737,63.77953,-145.09832
99738,65.75652,-142.22829
99739,64.95867,-162.49677
99740,67.94043,-144.94948
99741,64.74142,-156.87339
99742,63.77881,-171.72062
99743,63.68204,-150.02702
99744,64.30828,-149.16319
99745,66.05158,-154.23279
99746,65.64140,-158.34365
99747,70.11845,-143.68682
99748,64.34404,-158.77331
99749,66.97843,-160.43181
99750,67.72924,-164.54455
99751,66.92239,-156.87369
99752,67.28686,-161.18486
99753,64.93961,-161.15142
99754,64.90211,-157.69347
99755,63.78498,-148.52137
99756,64.57896,-152.77707
99757,63.81454,-152.64573
99758,65.15178,-149.37238
99759,69.73712,-162.83412
99760,64.20963,-148.20736
99761,67.62087,-163.05775
99762,64.73946,-164.65469
99763,66.82821,-161.03467
99764,63.16734,-141.52543
99765,64.72925,-158.13536
99766,68.70257,-164.80681
99767,65.49941,-150.15334
99768,65.25284,-154.23329
99769,63.67847,-170.48382
99770,66.77388,-159.45479
99771,64.35448,-161.19351
99772,66.00347,-165.91140
99773,66.88050,-157.14998
99774,66.02371,-149.08031
99775,64.85813,-147.82476
99776,63.39468,-143.40217
99777,65.24869,-151.99905
99778,65.05904,-166.43022
99780,63.18124,-143.10244
99781,67.46863,-146.06464
99782,70.64754,-159.93927
99783,65.63456,-168.08263
99784,64.68280,-163.40553
99785,65.34320,-166.50895
99786,67.16758,-156.33809
99788,66.64675,-143.78930
99789,70.02503,-151.88032
99790,65.39018,-148.32654
99791,70.46838,-156.79535
99801,58.37291,-134.17845
99820,57.37840,-134.27904
99824,58.26538,-134.40014
99825,58.15999,-135.73638
99826,58.63928,-136.94676
99827,59.09840,-135.57579
99829,58.10424,-135.39975
99830,56.77108,-134.08998
99832,57.96562,-136.07133
99833,56.92675,-133.11809
99835,56.96028,-135.03733
99836,56.23759,-134.65275
99840,59.56038,-135.33828
99841,57.79430,-135.18438
99901,55.54040,-131.10535
99903,55.73370,-132.10453
99918,55.91687,-132.69550
99919,55.64569,-132.49613
99921,55.40703,-132.76623
99922,55.30753,-133.04682
99923,56.00052,-130.03747
99925,55.55020,-132.94595
99926,55.13835,-131.47043
99927,56.23906,-133.45792
99929,56.37054,-131.69345
